bin,bin_order,bin_label_en,bin_label_es,side,horizon,estimate,se,p,pct,ci_low,ci_high,stars
-15_10,1,≤10 °C,≤10 °C,cold,0,-0.0908088,0.00479861,7.239999999999998e-80,-9.08088,-10.0214,-8.14035,***
-15_10,1,≤10 °C,≤10 °C,cold,1,-0.118604,0.00528124,1.0799999999999998e-111,-11.8604,-12.8956,-10.8253,***
-15_10,1,≤10 °C,≤10 °C,cold,2,-0.12235,0.00576681,6.759999999999999e-100,-12.235,-13.3653,-11.1047,***
-15_10,1,≤10 °C,≤10 °C,cold,3,-0.1384,0.00625056,1.2499999999999998e-108,-13.84,-15.0651,-12.6149,***
-15_10,1,≤10 °C,≤10 °C,cold,4,-0.146149,0.00727532,9.339999999999998e-90,-14.6149,-16.0408,-13.1889,***
-15_10,1,≤10 °C,≤10 °C,cold,5,-0.148235,0.00717305,7.069999999999998e-95,-14.8235,-16.2294,-13.4176,***
-15_10,1,≤10 °C,≤10 °C,cold,6,-0.155037,0.0079489,1.0099999999999999e-84,-15.5037,-17.0617,-13.9458,***
-15_10,1,≤10 °C,≤10 °C,cold,7,-0.148938,0.00838803,1.5499999999999996e-70,-14.8938,-16.5378,-13.2497,***
-15_10,1,≤10 °C,≤10 °C,cold,8,-0.148672,0.00997029,2.78e-50,-14.8672,-16.8214,-12.913,***
-15_10,1,≤10 °C,≤10 °C,cold,9,-0.147994,0.0106627,8.43e-44,-14.7994,-16.8893,-12.7095,***
-15_10,1,≤10 °C,≤10 °C,cold,10,-0.142791,0.0117396,4.88e-34,-14.2791,-16.5801,-11.9782,***
-15_10,1,≤10 °C,≤10 °C,cold,11,-0.140867,0.0130456,3.520000000000001e-27,-14.0867,-16.6436,-11.5297,***
-15_10,1,≤10 °C,≤10 °C,cold,12,-0.134545,0.013706,9.56e-23,-13.4545,-16.1408,-10.7681,***
-15_10,1,≤10 °C,≤10 °C,cold,13,-0.137481,0.0146303,5.610000000000001e-21,-13.7481,-16.6156,-10.8805,***
-15_10,1,≤10 °C,≤10 °C,cold,14,-0.142917,0.0149817,1.4400000000000001e-21,-14.2917,-17.2281,-11.3553,***
-15_10,1,≤10 °C,≤10 °C,cold,15,-0.151367,0.0162807,1.44e-20,-15.1367,-18.3277,-11.9457,***
-15_10,1,≤10 °C,≤10 °C,cold,16,-0.150788,0.0150122,9.73e-24,-15.0788,-18.0212,-12.1364,***
-15_10,1,≤10 °C,≤10 °C,cold,17,-0.149438,0.0158185,3.4900000000000005e-21,-14.9438,-18.0442,-11.8434,***
-15_10,1,≤10 °C,≤10 °C,cold,18,-0.155076,0.0172002,1.95e-19,-15.5076,-18.8788,-12.1363,***
-15_10,1,≤10 °C,≤10 °C,cold,19,-0.148512,0.0165707,3.18e-19,-14.8512,-18.099,-11.6033,***
-15_10,1,≤10 °C,≤10 °C,cold,20,-0.145843,0.0164184,6.52e-19,-14.5843,-17.8023,-11.3662,***
-15_10,1,≤10 °C,≤10 °C,cold,21,-0.152005,0.0159963,2.0500000000000003e-21,-15.2005,-18.3358,-12.0653,***
-15_10,1,≤10 °C,≤10 °C,cold,22,-0.149432,0.0162429,3.59e-20,-14.9432,-18.1268,-11.7596,***
-15_10,1,≤10 °C,≤10 °C,cold,23,-0.155136,0.0169939,6.92e-20,-15.5136,-18.8444,-12.1828,***
-15_10,1,≤10 °C,≤10 °C,cold,24,-0.149254,0.0163211,5.97e-20,-14.9254,-18.1243,-11.7264,***
-15_10,1,≤10 °C,≤10 °C,cold,25,-0.152819,0.0168881,1.44e-19,-15.2819,-18.592,-11.9718,***
-15_10,1,≤10 °C,≤10 °C,cold,26,-0.161929,0.0178557,1.2e-19,-16.1929,-19.6926,-12.6932,***
-15_10,1,≤10 °C,≤10 °C,cold,27,-0.161974,0.0173224,8.720000000000001e-21,-16.1974,-19.5926,-12.8022,***
-15_10,1,≤10 °C,≤10 °C,cold,28,-0.167792,0.0181326,2.17e-20,-16.7792,-20.3331,-13.2252,***
-15_10,1,≤10 °C,≤10 °C,cold,29,-0.172732,0.0182305,2.67e-21,-17.2732,-20.8464,-13.7,***
-15_10,1,≤10 °C,≤10 °C,cold,30,-0.160416,0.0186092,6.68e-18,-16.0416,-19.689,-12.3942,***
10_15,2,10–15 °C,10–15 °C,cold,0,-0.053388,0.00246422,4.359999999999999e-104,-5.3388,-5.82179,-4.85582,***
10_15,2,10–15 °C,10–15 °C,cold,1,-0.0718934,0.00280412,5.679999999999998e-145,-7.18934,-7.73895,-6.63974,***
10_15,2,10–15 °C,10–15 °C,cold,2,-0.074271,0.00329092,8.839999999999998e-113,-7.4271,-8.07212,-6.78208,***
10_15,2,10–15 °C,10–15 °C,cold,3,-0.0823379,0.00367889,5.999999999999999e-111,-8.23379,-8.95486,-7.51273,***
10_15,2,10–15 °C,10–15 °C,cold,4,-0.0868806,0.00428289,1.73e-91,-8.68806,-9.52751,-7.84862,***
10_15,2,10–15 °C,10–15 °C,cold,5,-0.0821073,0.00396542,3.069999999999999e-95,-8.21073,-8.98795,-7.4335,***
10_15,2,10–15 °C,10–15 °C,cold,6,-0.0867839,0.0051477,9.049999999999999e-64,-8.67839,-9.68734,-7.66944,***
10_15,2,10–15 °C,10–15 °C,cold,7,-0.0831074,0.00525328,2.2599999999999997e-56,-8.31074,-9.34038,-7.2811,***
10_15,2,10–15 °C,10–15 °C,cold,8,-0.0862632,0.00555974,2.72e-54,-8.62632,-9.71603,-7.53661,***
10_15,2,10–15 °C,10–15 °C,cold,9,-0.0876968,0.00545453,3.6500000000000005e-58,-8.76968,-9.83877,-7.7006,***
10_15,2,10–15 °C,10–15 °C,cold,10,-0.0829789,0.00607878,1.9999999999999998e-42,-8.29789,-9.48934,-7.10645,***
10_15,2,10–15 °C,10–15 °C,cold,11,-0.0830425,0.00615391,1.6899999999999999e-41,-8.30425,-9.51041,-7.09808,***
10_15,2,10–15 °C,10–15 °C,cold,12,-0.0806949,0.00629613,1.3199999999999999e-37,-8.06949,-9.30353,-6.83544,***
10_15,2,10–15 °C,10–15 °C,cold,13,-0.082185,0.00697928,5.219999999999999e-32,-8.2185,-9.58644,-6.85056,***
10_15,2,10–15 °C,10–15 °C,cold,14,-0.0882854,0.00765073,8.34e-31,-8.82854,-10.3281,-7.32899,***
10_15,2,10–15 °C,10–15 °C,cold,15,-0.0907956,0.00739512,1.19e-34,-9.07956,-10.529,-7.63012,***
10_15,2,10–15 °C,10–15 °C,cold,16,-0.0949981,0.00797872,1.1e-32,-9.49981,-11.0636,-7.93598,***
10_15,2,10–15 °C,10–15 °C,cold,17,-0.0958364,0.00818222,1.0999999999999998e-31,-9.58364,-11.1874,-7.97993,***
10_15,2,10–15 °C,10–15 °C,cold,18,-0.0976035,0.00801514,4.0999999999999995e-34,-9.76035,-11.3313,-8.18938,***
10_15,2,10–15 °C,10–15 °C,cold,19,-0.0954687,0.00850308,2.99e-29,-9.54687,-11.2135,-7.88027,***
10_15,2,10–15 °C,10–15 °C,cold,20,-0.0952114,0.0083876,7.289999999999999e-30,-9.52114,-11.1651,-7.87717,***
10_15,2,10–15 °C,10–15 °C,cold,21,-0.100757,0.00900722,4.7600000000000004e-29,-10.0757,-11.8412,-8.31033,***
10_15,2,10–15 °C,10–15 °C,cold,22,-0.101627,0.00910272,6.09e-29,-10.1627,-11.9468,-8.37853,***
10_15,2,10–15 °C,10–15 °C,cold,23,-0.104284,0.00944147,2.31e-28,-10.4284,-12.2789,-8.57784,***
10_15,2,10–15 °C,10–15 °C,cold,24,-0.106475,0.00939876,9.47e-30,-10.6475,-12.4897,-8.80538,***
10_15,2,10–15 °C,10–15 °C,cold,25,-0.109689,0.00951236,9.179999999999999e-31,-10.9689,-12.8334,-9.10452,***
10_15,2,10–15 °C,10–15 °C,cold,26,-0.114388,0.0098587,3.99e-31,-11.4388,-13.3711,-9.50648,***
10_15,2,10–15 °C,10–15 °C,cold,27,-0.116076,0.0101357,2.29e-30,-11.6076,-13.5942,-9.62098,***
10_15,2,10–15 °C,10–15 °C,cold,28,-0.117757,0.0105161,4.1800000000000003e-29,-11.7757,-13.8369,-9.71455,***
10_15,2,10–15 °C,10–15 °C,cold,29,-0.121388,0.0104439,3.16e-31,-12.1388,-14.1858,-10.0918,***
10_15,2,10–15 °C,10–15 °C,cold,30,-0.117888,0.0108403,1.5200000000000002e-27,-11.7888,-13.9135,-9.66416,***
15_20,3,15–20 °C,15–20 °C,cold,0,-0.0271041,0.00166958,2.8900000000000003e-59,-2.71041,-3.03764,-2.38317,***
15_20,3,15–20 °C,15–20 °C,cold,1,-0.0335547,0.00187207,7.689999999999998e-72,-3.35547,-3.72239,-2.98854,***
15_20,3,15–20 °C,15–20 °C,cold,2,-0.0338424,0.00220999,6.22e-53,-3.38424,-3.81739,-2.95108,***
15_20,3,15–20 °C,15–20 °C,cold,3,-0.0361782,0.00257343,6.84e-45,-3.61782,-4.12221,-3.11343,***
15_20,3,15–20 °C,15–20 °C,cold,4,-0.0376664,0.00313587,3.09e-33,-3.76664,-4.38127,-3.15201,***
15_20,3,15–20 °C,15–20 °C,cold,5,-0.0347452,0.00283797,1.83e-34,-3.47452,-4.03076,-2.91828,***
15_20,3,15–20 °C,15–20 °C,cold,6,-0.0361744,0.00358636,6.329999999999999e-24,-3.61744,-4.32037,-2.91452,***
15_20,3,15–20 °C,15–20 °C,cold,7,-0.0353899,0.00365248,3.35e-22,-3.53899,-4.25488,-2.82311,***
15_20,3,15–20 °C,15–20 °C,cold,8,-0.0340989,0.00377492,1.67e-19,-3.40989,-4.14977,-2.67,***
15_20,3,15–20 °C,15–20 °C,cold,9,-0.035125,0.00398414,1.18e-18,-3.5125,-4.29339,-2.73161,***
15_20,3,15–20 °C,15–20 °C,cold,10,-0.0313606,0.00424829,1.56e-13,-3.13606,-3.96872,-2.30339,***
15_20,3,15–20 °C,15–20 °C,cold,11,-0.0295492,0.00437723,1.47e-11,-2.95492,-3.81286,-2.09698,***
15_20,3,15–20 °C,15–20 °C,cold,12,-0.0267952,0.00443702,1.55e-9,-2.67952,-3.54918,-1.80986,***
15_20,3,15–20 °C,15–20 °C,cold,13,-0.0295343,0.00501973,4.01e-9,-2.95343,-3.9373,-1.96957,***
15_20,3,15–20 °C,15–20 °C,cold,14,-0.0339955,0.00553405,8.1e-10,-3.39955,-4.48423,-2.31488,***
15_20,3,15–20 °C,15–20 °C,cold,15,-0.0341089,0.00517092,4.22e-11,-3.41089,-4.42439,-2.39739,***
15_20,3,15–20 °C,15–20 °C,cold,16,-0.0353166,0.00544344,8.7e-11,-3.53166,-4.59858,-2.46475,***
15_20,3,15–20 °C,15–20 °C,cold,17,-0.0342543,0.00557128,7.83e-10,-3.42543,-4.5174,-2.33346,***
15_20,3,15–20 °C,15–20 °C,cold,18,-0.0364777,0.00558922,6.74e-11,-3.64777,-4.74325,-2.55228,***
15_20,3,15–20 °C,15–20 °C,cold,19,-0.0360101,0.00574544,3.67e-10,-3.60101,-4.72712,-2.4749,***
15_20,3,15–20 °C,15–20 °C,cold,20,-0.0367315,0.00589483,4.63e-10,-3.67315,-4.82853,-2.51776,***
15_20,3,15–20 °C,15–20 °C,cold,21,-0.0390164,0.00617962,2.72e-10,-3.90164,-5.11285,-2.69044,***
15_20,3,15–20 °C,15–20 °C,cold,22,-0.04121,0.00621153,3.26e-11,-4.121,-5.33846,-2.90354,***
15_20,3,15–20 °C,15–20 °C,cold,23,-0.0420041,0.00622869,1.54e-11,-4.20041,-5.42124,-2.97959,***
15_20,3,15–20 °C,15–20 °C,cold,24,-0.0448419,0.00632956,1.4e-12,-4.48419,-5.72478,-3.2436,***
15_20,3,15–20 °C,15–20 °C,cold,25,-0.0469178,0.00639168,2.13e-13,-4.69178,-5.94455,-3.43901,***
15_20,3,15–20 °C,15–20 °C,cold,26,-0.0488724,0.00657798,1.09e-13,-4.88724,-6.17653,-3.59796,***
15_20,3,15–20 °C,15–20 °C,cold,27,-0.0495145,0.00664399,9.16e-14,-4.95145,-6.25367,-3.64923,***
15_20,3,15–20 °C,15–20 °C,cold,28,-0.0522816,0.00667613,4.84e-15,-5.22816,-6.53668,-3.91964,***
15_20,3,15–20 °C,15–20 °C,cold,29,-0.0532737,0.00672245,2.29e-15,-5.32737,-6.64497,-4.00977,***
15_20,3,15–20 °C,15–20 °C,cold,30,-0.052516,0.00690079,2.74e-14,-5.2516,-6.60415,-3.89904,***
25_30,5,25–30 °C,25–30 °C,hot,0,0.0246013,0.00186102,6.79e-40,2.46013,2.09537,2.82489,***
25_30,5,25–30 °C,25–30 °C,hot,1,0.0276943,0.00169425,4.65e-60,2.76943,2.43735,3.1015,***
25_30,5,25–30 °C,25–30 °C,hot,2,0.0295748,0.002195,2.23e-41,2.95748,2.52726,3.3877,***
25_30,5,25–30 °C,25–30 °C,hot,3,0.0295472,0.00283844,2.24e-25,2.95472,2.39839,3.51105,***
25_30,5,25–30 °C,25–30 °C,hot,4,0.0334932,0.00355966,5.0000000000000005e-21,3.34932,2.65163,4.04701,***
25_30,5,25–30 °C,25–30 °C,hot,5,0.0328999,0.00329859,1.9799999999999998e-23,3.28999,2.64346,3.93651,***
25_30,5,25–30 °C,25–30 °C,hot,6,0.0326169,0.00391612,8.16e-17,3.26169,2.49413,4.02925,***
25_30,5,25–30 °C,25–30 °C,hot,7,0.033896,0.0042333,1.18e-15,3.3896,2.55987,4.21933,***
25_30,5,25–30 °C,25–30 °C,hot,8,0.0322343,0.00412296,5.36e-15,3.22343,2.41533,4.03153,***
25_30,5,25–30 °C,25–30 °C,hot,9,0.0330365,0.00520574,2.21e-10,3.30365,2.28332,4.32397,***
25_30,5,25–30 °C,25–30 °C,hot,10,0.0266504,0.0050436,1.26e-7,2.66504,1.67649,3.65359,***
25_30,5,25–30 °C,25–30 °C,hot,11,0.0252098,0.00549649,4.51e-6,2.52098,1.44367,3.59829,***
25_30,5,25–30 °C,25–30 °C,hot,12,0.0240014,0.00556304,1.6e-5,2.40014,1.30979,3.4905,***
25_30,5,25–30 °C,25–30 °C,hot,13,0.0252997,0.00562874,6.97e-6,2.52997,1.42673,3.6332,***
25_30,5,25–30 °C,25–30 °C,hot,14,0.0267074,0.00627768,2.1e-5,2.67074,1.44031,3.90116,***
25_30,5,25–30 °C,25–30 °C,hot,15,0.026664,0.00616088,1.5e-5,2.6664,1.4588699999999999,3.87394,***
25_30,5,25–30 °C,25–30 °C,hot,16,0.0266639,0.00687462,1.05e-4,2.66639,1.31896,4.01381,***
25_30,5,25–30 °C,25–30 °C,hot,17,0.0244631,0.006453,1.5e-4,2.44631,1.18152,3.7111,***
25_30,5,25–30 °C,25–30 °C,hot,18,0.0258113,0.00668615,1.13e-4,2.58113,1.27065,3.89162,***
25_30,5,25–30 °C,25–30 °C,hot,19,0.0269285,0.00692796,1.02e-4,2.69285,1.33497,4.05073,***
25_30,5,25–30 °C,25–30 °C,hot,20,0.027545,0.00687322,6.13e-5,2.7545,1.40735,4.10165,***
25_30,5,25–30 °C,25–30 °C,hot,21,0.0293927,0.00724985,5.03e-5,2.93927,1.5183,4.36024,***
25_30,5,25–30 °C,25–30 °C,hot,22,0.0285712,0.00724954,8.11e-5,2.85712,1.43621,4.27803,***
25_30,5,25–30 °C,25–30 °C,hot,23,0.0332835,0.00744058,7.7e-6,3.32835,1.87,4.78671,***
25_30,5,25–30 °C,25–30 °C,hot,24,0.0347907,0.00726588,1.68e-6,3.47907,2.05496,4.90318,***
25_30,5,25–30 °C,25–30 °C,hot,25,0.0352071,0.00789785,8.28e-6,3.52071,1.97273,5.06869,***
25_30,5,25–30 °C,25–30 °C,hot,26,0.037663,0.00782886,1.5e-6,3.7663,2.23185,5.30076,***
25_30,5,25–30 °C,25–30 °C,hot,27,0.035506,0.00786418,6.33e-6,3.5506,2.00922,5.09197,***
25_30,5,25–30 °C,25–30 °C,hot,28,0.0408715,0.00811167,4.69e-7,4.08715,2.49726,5.67704,***
25_30,5,25–30 °C,25–30 °C,hot,29,0.0406015,0.00803586,4.36e-7,4.06015,2.48512,5.63518,***
25_30,5,25–30 °C,25–30 °C,hot,30,0.0446652,0.0083735,9.6e-8,4.46652,2.82531,6.10773,***
30_45,6,>30 °C,>30 °C,hot,0,0.0373507,0.0033501,7.23e-29,3.73507,3.07845,4.39169,***
30_45,6,>30 °C,>30 °C,hot,1,0.034518,0.00373452,2.4e-20,3.4518,2.71983,4.18376,***
30_45,6,>30 °C,>30 °C,hot,2,0.0374372,0.0047147,2.01e-15,3.74372,2.81964,4.6678,***
30_45,6,>30 °C,>30 °C,hot,3,0.041712,0.00567606,2e-13,4.1712,3.05869,5.2837,***
30_45,6,>30 °C,>30 °C,hot,4,0.0434738,0.00646056,1.71e-11,4.34738,3.08111,5.61365,***
30_45,6,>30 °C,>30 °C,hot,5,0.0458801,0.00633251,4.32e-13,4.58801,3.34684,5.82919,***
30_45,6,>30 °C,>30 °C,hot,6,0.0439553,0.007037,4.2e-10,4.39553,3.01628,5.77479,***
30_45,6,>30 °C,>30 °C,hot,7,0.0413768,0.00745035,2.8e-8,4.13768,2.67741,5.59794,***
30_45,6,>30 °C,>30 °C,hot,8,0.0370226,0.00749615,7.86e-7,3.70226,2.23301,5.17151,***
30_45,6,>30 °C,>30 °C,hot,9,0.0349105,0.008555,4.49e-5,3.49105,1.81427,5.16783,***
30_45,6,>30 °C,>30 °C,hot,10,0.025635,0.00883832,0.00373,2.5635,0.831188,4.29581,***
30_45,6,>30 °C,>30 °C,hot,11,0.018489,0.00862792,0.0321,1.8489,0.157832,3.53997,**
30_45,6,>30 °C,>30 °C,hot,12,0.01782,0.0085377,0.0369,1.782,0.108614,3.45539,**
30_45,6,>30 °C,>30 °C,hot,13,0.0218562,0.00851962,0.0103,2.18562,0.515769,3.85546,**
30_45,6,>30 °C,>30 °C,hot,14,0.0228072,0.00895457,0.0109,2.28072,0.525623,4.03582,**
30_45,6,>30 °C,>30 °C,hot,15,0.0252059,0.00967982,0.00922,2.52059,0.623343,4.41783,***
30_45,6,>30 °C,>30 °C,hot,16,0.0219386,0.0104075,0.035,2.19386,0.154,4.23373,**
30_45,6,>30 °C,>30 °C,hot,17,0.0204824,0.00946264,0.0304,2.04824,0.193565,3.90292,**
30_45,6,>30 °C,>30 °C,hot,18,0.0187464,0.00981396,0.0561,1.87464,-0.0488991,3.79817,*
30_45,6,>30 °C,>30 °C,hot,19,0.0187191,0.0106314,0.0783,1.87191,-0.211849,3.95566,*
30_45,6,>30 °C,>30 °C,hot,20,0.016728,0.0102029,0.101,1.6728,-0.326972,3.67258,
30_45,6,>30 °C,>30 °C,hot,21,0.0205898,0.0104769,0.0494,2.05898,0.00550014,4.11245,**
30_45,6,>30 °C,>30 °C,hot,22,0.0182226,0.0104955,0.0825,1.82226,-0.23487,3.87939,*
30_45,6,>30 °C,>30 °C,hot,23,0.0223107,0.0111455,0.0453,2.23107,0.046549599999999997,4.41559,**
30_45,6,>30 °C,>30 °C,hot,24,0.023578000000000002,0.0108997,0.0305,2.3578,0.221459,4.49414,**
30_45,6,>30 °C,>30 °C,hot,25,0.0269983,0.0113348,0.0172,2.69983,0.478204,4.92146,**
30_45,6,>30 °C,>30 °C,hot,26,0.0231598,0.0107325,0.0309,2.31598,0.21242,4.41955,**
30_45,6,>30 °C,>30 °C,hot,27,0.0239749,0.0113195,0.0342,2.39749,0.178877,4.61611,**
30_45,6,>30 °C,>30 °C,hot,28,0.0269883,0.0115049,0.019,2.69883,0.443876,4.95379,**
30_45,6,>30 °C,>30 °C,hot,29,0.0299408,0.0118256,0.0113,2.99408,0.676261,5.3119,**
30_45,6,>30 °C,>30 °C,hot,30,0.0270759,0.011837,0.0222,2.70759,0.387549,5.02764,**
