bin,bin_order,bin_label_en,bin_label_es,side,horizon,spec,group_order,group_label_en,group_label_es,estimate,se,p,pct,ci_low,ci_high,stars
-15_10,1,≤10 °C,≤10 °C,cold,0,female,1,Women,Mujeres,-0.0805925,0.00552412,3.2899999999999995e-48,-8.05925,-9.14198,-6.97652,***
-15_10,1,≤10 °C,≤10 °C,cold,0,male,2,Men,Hombres,-0.110495,0.0053874,1.7599999999999998e-93,-11.0495,-12.1054,-9.99357,***
-15_10,1,≤10 °C,≤10 °C,cold,1,female,1,Women,Mujeres,-0.10378,0.0067352,1.43e-53,-10.378,-11.6981,-9.05789,***
-15_10,1,≤10 °C,≤10 °C,cold,1,male,2,Men,Hombres,-0.146766,0.00596141,7.839999999999997e-134,-14.6766,-15.845,-13.5082,***
-15_10,1,≤10 °C,≤10 °C,cold,2,female,1,Women,Mujeres,-0.10776,0.00660183,6.8e-60,-10.776,-12.07,-9.48204,***
-15_10,1,≤10 °C,≤10 °C,cold,2,male,2,Men,Hombres,-0.150127,0.00654856,2.5999999999999995e-116,-15.0127,-16.2962,-13.7292,***
-15_10,1,≤10 °C,≤10 °C,cold,3,female,1,Women,Mujeres,-0.125078,0.00642422,1.9799999999999997e-84,-12.5078,-13.7669,-11.2486,***
-15_10,1,≤10 °C,≤10 °C,cold,3,male,2,Men,Hombres,-0.163864,0.00782326,2.0499999999999997e-97,-16.3864,-17.9197,-14.853,***
-15_10,1,≤10 °C,≤10 °C,cold,4,female,1,Women,Mujeres,-0.131876,0.00811474,2.18e-59,-13.1876,-14.7781,-11.5971,***
-15_10,1,≤10 °C,≤10 °C,cold,4,male,2,Men,Hombres,-0.173537,0.00775108,5.059999999999999e-111,-17.3537,-18.8729,-15.8345,***
-15_10,1,≤10 °C,≤10 °C,cold,5,female,1,Women,Mujeres,-0.134379,0.00805945,2.0399999999999997e-62,-13.4379,-15.0176,-11.8583,***
-15_10,1,≤10 °C,≤10 °C,cold,5,male,2,Men,Hombres,-0.174942,0.00792712,6.309999999999999e-108,-17.4942,-19.0479,-15.9405,***
-15_10,1,≤10 °C,≤10 °C,cold,6,female,1,Women,Mujeres,-0.141241,0.00808514,2.4599999999999996e-68,-14.1241,-15.7088,-12.5394,***
-15_10,1,≤10 °C,≤10 °C,cold,6,male,2,Men,Hombres,-0.182014,0.00911497,1.0299999999999998e-88,-18.2014,-19.988,-16.4149,***
-15_10,1,≤10 °C,≤10 °C,cold,7,female,1,Women,Mujeres,-0.136716,0.0087411,3.849999999999999e-55,-13.6716,-15.3848,-11.9583,***
-15_10,1,≤10 °C,≤10 °C,cold,7,male,2,Men,Hombres,-0.172681,0.00986964,1.5299999999999997e-68,-17.2681,-19.2025,-15.3336,***
-15_10,1,≤10 °C,≤10 °C,cold,8,female,1,Women,Mujeres,-0.139733,0.0103357,1.2e-41,-13.9733,-15.9991,-11.9475,***
-15_10,1,≤10 °C,≤10 °C,cold,8,male,2,Men,Hombres,-0.16593,0.0115338,6.29e-47,-16.593,-18.8537,-14.3324,***
-15_10,1,≤10 °C,≤10 °C,cold,9,female,1,Women,Mujeres,-0.137892,0.011198,7.62e-35,-13.7892,-15.984,-11.5944,***
-15_10,1,≤10 °C,≤10 °C,cold,9,male,2,Men,Hombres,-0.167461,0.0122106,8.33e-43,-16.7461,-19.1393,-14.3528,***
-15_10,1,≤10 °C,≤10 °C,cold,10,female,1,Women,Mujeres,-0.134881,0.0124226,1.83e-27,-13.4881,-15.9229,-11.0533,***
-15_10,1,≤10 °C,≤10 °C,cold,10,male,2,Men,Hombres,-0.158314,0.0129497,2.28e-34,-15.8314,-18.3695,-13.2932,***
-15_10,1,≤10 °C,≤10 °C,cold,11,female,1,Women,Mujeres,-0.133925,0.0135443,4.6999999999999995e-23,-13.3925,-16.0472,-10.7378,***
-15_10,1,≤10 °C,≤10 °C,cold,11,male,2,Men,Hombres,-0.154594,0.0144765,1.2800000000000001e-26,-15.4594,-18.2968,-12.622,***
-15_10,1,≤10 °C,≤10 °C,cold,12,female,1,Women,Mujeres,-0.127384,0.0143324,6.23e-19,-12.7384,-15.5475,-9.92922,***
-15_10,1,≤10 °C,≤10 °C,cold,12,male,2,Men,Hombres,-0.148669,0.0150196,4.2299999999999997e-23,-14.8669,-17.8107,-11.923,***
-15_10,1,≤10 °C,≤10 °C,cold,13,female,1,Women,Mujeres,-0.131558,0.015036,2.14e-18,-13.1558,-16.1029,-10.2087,***
-15_10,1,≤10 °C,≤10 °C,cold,13,male,2,Men,Hombres,-0.149498,0.0159804,8.360000000000001e-21,-14.9498,-18.0819,-11.8176,***
-15_10,1,≤10 °C,≤10 °C,cold,14,female,1,Women,Mujeres,-0.137786,0.0160599,9.53e-18,-13.7786,-16.9264,-10.6309,***
-15_10,1,≤10 °C,≤10 °C,cold,14,male,2,Men,Hombres,-0.153235,0.016316399999999998,5.920000000000001e-21,-15.3235,-18.5215,-12.1255,***
-15_10,1,≤10 °C,≤10 °C,cold,15,female,1,Women,Mujeres,-0.146691,0.0170683,8.38e-18,-14.6691,-18.0145,-11.3237,***
-15_10,1,≤10 °C,≤10 °C,cold,15,male,2,Men,Hombres,-0.16055,0.0175093,4.76e-20,-16.055,-19.4868,-12.6232,***
-15_10,1,≤10 °C,≤10 °C,cold,16,female,1,Women,Mujeres,-0.148012,0.0153998,7.1700000000000005e-22,-14.8012,-17.8195,-11.7828,***
-15_10,1,≤10 °C,≤10 °C,cold,16,male,2,Men,Hombres,-0.156407,0.0168091,1.34e-20,-15.6407,-18.9353,-12.3461,***
-15_10,1,≤10 °C,≤10 °C,cold,17,female,1,Women,Mujeres,-0.146859,0.0166697,1.25e-18,-14.6859,-17.9532,-11.4187,***
-15_10,1,≤10 °C,≤10 °C,cold,17,male,2,Men,Hombres,-0.154885,0.0177185,2.3e-18,-15.4885,-18.9613,-12.0156,***
-15_10,1,≤10 °C,≤10 °C,cold,18,female,1,Women,Mujeres,-0.154066,0.0185491,9.91e-17,-15.4066,-19.0422,-11.771,***
-15_10,1,≤10 °C,≤10 °C,cold,18,male,2,Men,Hombres,-0.157666,0.0184065,1.07e-17,-15.7666,-19.3742,-12.1589,***
-15_10,1,≤10 °C,≤10 °C,cold,19,female,1,Women,Mujeres,-0.145813,0.018719,6.72e-15,-14.5813,-18.2502,-10.9124,***
-15_10,1,≤10 °C,≤10 °C,cold,19,male,2,Men,Hombres,-0.154177,0.0179955,1.06e-17,-15.4177,-18.9448,-11.8906,***
-15_10,1,≤10 °C,≤10 °C,cold,20,female,1,Women,Mujeres,-0.143725,0.018172,2.59e-15,-14.3725,-17.9342,-10.8108,***
-15_10,1,≤10 °C,≤10 °C,cold,20,male,2,Men,Hombres,-0.150578,0.0181432,1.05e-16,-15.0578,-18.6138,-11.5017,***
-15_10,1,≤10 °C,≤10 °C,cold,21,female,1,Women,Mujeres,-0.149812,0.0175043,1.14e-17,-14.9812,-18.4121,-11.5504,***
-15_10,1,≤10 °C,≤10 °C,cold,21,male,2,Men,Hombres,-0.156699,0.0185135,2.58e-17,-15.6699,-19.2985,-12.0412,***
-15_10,1,≤10 °C,≤10 °C,cold,22,female,1,Women,Mujeres,-0.151653,0.0178975,2.38e-17,-15.1653,-18.6732,-11.6574,***
-15_10,1,≤10 °C,≤10 °C,cold,22,male,2,Men,Hombres,-0.14549,0.0184931,3.62e-15,-14.549,-18.1736,-10.9243,***
-15_10,1,≤10 °C,≤10 °C,cold,23,female,1,Women,Mujeres,-0.158044,0.0188842,5.8e-17,-15.8044,-19.5057,-12.1031,***
-15_10,1,≤10 °C,≤10 °C,cold,23,male,2,Men,Hombres,-0.149772,0.0185361,6.48e-16,-14.9772,-18.6103,-11.3441,***
-15_10,1,≤10 °C,≤10 °C,cold,24,female,1,Women,Mujeres,-0.152182,0.0180583,3.54e-17,-15.2182,-18.7576,-11.6788,***
-15_10,1,≤10 °C,≤10 °C,cold,24,male,2,Men,Hombres,-0.144028,0.0188797,2.37e-14,-14.4028,-18.1032,-10.7023,***
-15_10,1,≤10 °C,≤10 °C,cold,25,female,1,Women,Mujeres,-0.156757,0.0186751,4.7e-17,-15.6757,-19.336,-12.0154,***
-15_10,1,≤10 °C,≤10 °C,cold,25,male,2,Men,Hombres,-0.145809,0.0193363,4.67e-14,-14.5809,-18.3708,-10.791,***
-15_10,1,≤10 °C,≤10 °C,cold,26,female,1,Women,Mujeres,-0.167757,0.0194804,7.2e-18,-16.7757,-20.5939,-12.9576,***
-15_10,1,≤10 °C,≤10 °C,cold,26,male,2,Men,Hombres,-0.151174,0.0200418,4.59e-14,-15.1174,-19.0456,-11.1892,***
-15_10,1,≤10 °C,≤10 °C,cold,27,female,1,Women,Mujeres,-0.166726,0.019597,1.77e-17,-16.6726,-20.5136,-12.8316,***
-15_10,1,≤10 °C,≤10 °C,cold,27,male,2,Men,Hombres,-0.15364,0.0190893,8.38e-16,-15.364,-19.1055,-11.6225,***
-15_10,1,≤10 °C,≤10 °C,cold,28,female,1,Women,Mujeres,-0.174327,0.0209865,9.84e-17,-17.4327,-21.5461,-13.3194,***
-15_10,1,≤10 °C,≤10 °C,cold,28,male,2,Men,Hombres,-0.155868,0.0195134,1.37e-15,-15.5868,-19.4115,-11.7622,***
-15_10,1,≤10 °C,≤10 °C,cold,29,female,1,Women,Mujeres,-0.181313,0.0205158,9.77e-19,-18.1313,-22.1524,-14.1103,***
-15_10,1,≤10 °C,≤10 °C,cold,29,male,2,Men,Hombres,-0.156635,0.0194402,7.8e-16,-15.6635,-19.4738,-11.8532,***
-15_10,1,≤10 °C,≤10 °C,cold,30,female,1,Women,Mujeres,-0.168273,0.0211978,2.05e-15,-16.8273,-20.982,-12.6725,***
-15_10,1,≤10 °C,≤10 °C,cold,30,male,2,Men,Hombres,-0.145642,0.0199544,2.9e-13,-14.5642,-18.4753,-10.6531,***
10_15,2,10–15 °C,10–15 °C,cold,0,female,1,Women,Mujeres,-0.0493597,0.00236933,2.1899999999999994e-96,-4.93597,-5.40036,-4.47158,***
10_15,2,10–15 °C,10–15 °C,cold,0,male,2,Men,Hombres,-0.0609906,0.00320947,1.5999999999999998e-80,-6.09906,-6.72811,-5.47,***
10_15,2,10–15 °C,10–15 °C,cold,1,female,1,Women,Mujeres,-0.0650988,0.00275658,2.66e-123,-6.50988,-7.05017,-5.96959,***
10_15,2,10–15 °C,10–15 °C,cold,1,male,2,Men,Hombres,-0.0845703,0.00351453,6.089999999999998e-128,-8.45703,-9.14587,-7.76818,***
10_15,2,10–15 °C,10–15 °C,cold,2,female,1,Women,Mujeres,-0.066877,0.00332347,4.669999999999999e-90,-6.6877,-7.3391,-6.0363,***
10_15,2,10–15 °C,10–15 °C,cold,2,male,2,Men,Hombres,-0.0881245,0.00415956,1.2799999999999997e-99,-8.81245,-9.62772,-7.99717,***
10_15,2,10–15 °C,10–15 °C,cold,3,female,1,Women,Mujeres,-0.0765042,0.00348712,1.0999999999999997e-106,-7.6504200000000004,-8.33389,-6.96694,***
10_15,2,10–15 °C,10–15 °C,cold,3,male,2,Men,Hombres,-0.0932576,0.00473968,3.4699999999999994e-86,-9.32576,-10.2547,-8.39678,***
10_15,2,10–15 °C,10–15 °C,cold,4,female,1,Women,Mujeres,-0.0802816,0.00416784,1.1199999999999997e-82,-8.02816,-8.84506,-7.21126,***
10_15,2,10–15 °C,10–15 °C,cold,4,male,2,Men,Hombres,-0.099256,0.00536538,2.0899999999999995e-76,-9.9256,-10.9772,-8.87399,***
10_15,2,10–15 °C,10–15 °C,cold,5,female,1,Women,Mujeres,-0.0778264,0.0038384,2.11e-91,-7.78264,-8.53496,-7.03031,***
10_15,2,10–15 °C,10–15 °C,cold,5,male,2,Men,Hombres,-0.0901999,0.00522951,1.1499999999999998e-66,-9.01999,-10.045,-7.99501,***
10_15,2,10–15 °C,10–15 °C,cold,6,female,1,Women,Mujeres,-0.0836387,0.00498492,3.5199999999999994e-63,-8.36387,-9.34092,-7.38683,***
10_15,2,10–15 °C,10–15 °C,cold,6,male,2,Men,Hombres,-0.0928441,0.00626903,1.26e-49,-9.28441,-10.5131,-8.05568,***
10_15,2,10–15 °C,10–15 °C,cold,7,female,1,Women,Mujeres,-0.0799453,0.00517627,8.209999999999999e-54,-7.99453,-9.00908,-6.97998,***
10_15,2,10–15 °C,10–15 °C,cold,7,male,2,Men,Hombres,-0.089202,0.00638156,2.1200000000000001e-44,-8.9202,-10.171,-7.66941,***
10_15,2,10–15 °C,10–15 °C,cold,8,female,1,Women,Mujeres,-0.0847042,0.00557005,3.1699999999999997e-52,-8.47042,-9.56215,-7.37869,***
10_15,2,10–15 °C,10–15 °C,cold,8,male,2,Men,Hombres,-0.0893074,0.00662552,2.07e-41,-8.93074,-10.2293,-7.63214,***
10_15,2,10–15 °C,10–15 °C,cold,9,female,1,Women,Mujeres,-0.0853096,0.0056948,9.88e-51,-8.53096,-9.64714,-7.41478,***
10_15,2,10–15 °C,10–15 °C,cold,9,male,2,Men,Hombres,-0.0923414,0.00649084,6.28e-46,-9.23414,-10.5063,-7.96193,***
10_15,2,10–15 °C,10–15 °C,cold,10,female,1,Women,Mujeres,-0.0827665,0.00626276,7.13e-40,-8.27665,-9.50415,-7.04915,***
10_15,2,10–15 °C,10–15 °C,cold,10,male,2,Men,Hombres,-0.0835352,0.00704136,1.8299999999999998e-32,-8.35352,-9.73362,-6.97341,***
10_15,2,10–15 °C,10–15 °C,cold,11,female,1,Women,Mujeres,-0.0827082,0.00627513,1.14e-39,-8.27082,-9.50074,-7.04089,***
10_15,2,10–15 °C,10–15 °C,cold,11,male,2,Men,Hombres,-0.0838813,0.0073268,2.39e-30,-8.38813,-9.82419,-6.95208,***
10_15,2,10–15 °C,10–15 °C,cold,12,female,1,Women,Mujeres,-0.080715,0.00651966,3.34e-35,-8.0715,-9.34935,-6.79365,***
10_15,2,10–15 °C,10–15 °C,cold,12,male,2,Men,Hombres,-0.08096,0.00731186,1.71e-28,-8.096,-9.52912,-6.66287,***
10_15,2,10–15 °C,10–15 °C,cold,13,female,1,Women,Mujeres,-0.0826364,0.0070971,2.47e-31,-8.26364,-9.65467,-6.87261,***
10_15,2,10–15 °C,10–15 °C,cold,13,male,2,Men,Hombres,-0.0816706,0.00829016,6.749999999999999e-23,-8.16706,-9.79193,-6.54219,***
10_15,2,10–15 °C,10–15 °C,cold,14,female,1,Women,Mujeres,-0.0892133,0.00780537,2.9699999999999998e-30,-8.92133,-10.4512,-7.39147,***
10_15,2,10–15 °C,10–15 °C,cold,14,male,2,Men,Hombres,-0.0868676,0.00891975,2.0600000000000001e-22,-8.68676,-10.435,-6.93849,***
10_15,2,10–15 °C,10–15 °C,cold,15,female,1,Women,Mujeres,-0.0922369,0.00748483,6.7999999999999995e-35,-9.22369,-10.6907,-7.75666,***
10_15,2,10–15 °C,10–15 °C,cold,15,male,2,Men,Hombres,-0.0883475,0.00885789,1.9799999999999998e-23,-8.83475,-10.5709,-7.09861,***
10_15,2,10–15 °C,10–15 °C,cold,16,female,1,Women,Mujeres,-0.096946,0.00813783,1.0099999999999999e-32,-9.6946,-11.2896,-8.09959,***
10_15,2,10–15 °C,10–15 °C,cold,16,male,2,Men,Hombres,-0.091602,0.00957402,1.0900000000000001e-21,-9.1602,-11.0367,-7.28369,***
10_15,2,10–15 °C,10–15 °C,cold,17,female,1,Women,Mujeres,-0.0981496,0.00806309,4.35e-34,-9.81496,-11.3953,-8.23459,***
10_15,2,10–15 °C,10–15 °C,cold,17,male,2,Men,Hombres,-0.0918362,0.0101683,1.69e-19,-9.18362,-11.1766,-7.19063,***
10_15,2,10–15 °C,10–15 °C,cold,18,female,1,Women,Mujeres,-0.101035,0.00786332,8.72e-38,-10.1035,-11.6447,-8.56233,***
10_15,2,10–15 °C,10–15 °C,cold,18,male,2,Men,Hombres,-0.0915485,0.0101294,1.6e-19,-9.15485,-11.1402,-7.16948,***
10_15,2,10–15 °C,10–15 °C,cold,19,female,1,Women,Mujeres,-0.0986319,0.00853104,6.449999999999999e-31,-9.86319,-11.5353,-8.19111,***
10_15,2,10–15 °C,10–15 °C,cold,19,male,2,Men,Hombres,-0.0899041,0.010534,1.41e-17,-8.99041,-11.0551,-6.92574,***
10_15,2,10–15 °C,10–15 °C,cold,20,female,1,Women,Mujeres,-0.0984693,0.00846649,2.88e-31,-9.84693,-11.5064,-8.1875,***
10_15,2,10–15 °C,10–15 °C,cold,20,male,2,Men,Hombres,-0.0894986,0.0106744,5.1e-17,-8.94986,-11.0421,-6.85768,***
10_15,2,10–15 °C,10–15 °C,cold,21,female,1,Women,Mujeres,-0.103779,0.00887138,1.3e-31,-10.3779,-12.1166,-8.63906,***
10_15,2,10–15 °C,10–15 °C,cold,21,male,2,Men,Hombres,-0.0955131,0.0113523,3.98e-17,-9.55131,-11.7764,-7.32626,***
10_15,2,10–15 °C,10–15 °C,cold,22,female,1,Women,Mujeres,-0.105624,0.00908559,3.0599999999999997e-31,-10.5624,-12.3432,-8.78165,***
10_15,2,10–15 °C,10–15 °C,cold,22,male,2,Men,Hombres,-0.0945272,0.0113535,8.38e-17,-9.45272,-11.678,-7.22743,***
10_15,2,10–15 °C,10–15 °C,cold,23,female,1,Women,Mujeres,-0.108849,0.00950181,2.2e-30,-10.8849,-12.7473,-9.02257,***
10_15,2,10–15 °C,10–15 °C,cold,23,male,2,Men,Hombres,-0.096072,0.0116047,1.24e-16,-9.6072,-11.8817,-7.33268,***
10_15,2,10–15 °C,10–15 °C,cold,24,female,1,Women,Mujeres,-0.111263,0.00952505,1.5899999999999998e-31,-11.1263,-12.9932,-9.25939,***
10_15,2,10–15 °C,10–15 °C,cold,24,male,2,Men,Hombres,-0.0979068,0.0116231,3.66e-17,-9.79068,-12.0688,-7.51255,***
10_15,2,10–15 °C,10–15 °C,cold,25,female,1,Women,Mujeres,-0.114928,0.00971544,2.7499999999999996e-32,-11.4928,-13.397,-9.5886,***
10_15,2,10–15 °C,10–15 °C,cold,25,male,2,Men,Hombres,-0.100302,0.0116865,9.27e-18,-10.0302,-12.3208,-7.73965,***
10_15,2,10–15 °C,10–15 °C,cold,26,female,1,Women,Mujeres,-0.120262,0.0100086,2.93e-33,-12.0262,-13.9879,-10.0645,***
10_15,2,10–15 °C,10–15 °C,cold,26,male,2,Men,Hombres,-0.103829,0.0118412,1.81e-18,-10.3829,-12.7037,-8.06199,***
10_15,2,10–15 °C,10–15 °C,cold,27,female,1,Women,Mujeres,-0.120951,0.0104193,3.7399999999999996e-31,-12.0951,-14.1372,-10.0529,***
10_15,2,10–15 °C,10–15 °C,cold,27,male,2,Men,Hombres,-0.107472,0.0122995,2.37e-18,-10.7472,-13.1579,-8.33651,***
10_15,2,10–15 °C,10–15 °C,cold,28,female,1,Women,Mujeres,-0.123394,0.0112879,8.14e-28,-12.3394,-14.5519,-10.127,***
10_15,2,10–15 °C,10–15 °C,cold,28,male,2,Men,Hombres,-0.107742,0.012491500000000001,6.4e-18,-10.7742,-13.2225,-8.32586,***
10_15,2,10–15 °C,10–15 °C,cold,29,female,1,Women,Mujeres,-0.128295,0.0107739,1.0799999999999999e-32,-12.8295,-14.9412,-10.7178,***
10_15,2,10–15 °C,10–15 °C,cold,29,male,2,Men,Hombres,-0.10889,0.0122754,7.27e-19,-10.889,-13.295,-8.48306,***
10_15,2,10–15 °C,10–15 °C,cold,30,female,1,Women,Mujeres,-0.123817,0.0113824,1.4700000000000002e-27,-12.3817,-14.6127,-10.1508,***
10_15,2,10–15 °C,10–15 °C,cold,30,male,2,Men,Hombres,-0.107222,0.0126251,2.02e-17,-10.7222,-13.1967,-8.24768,***
15_20,3,15–20 °C,15–20 °C,cold,0,female,1,Women,Mujeres,-0.0259381,0.00161275,3.35e-58,-2.59381,-2.90991,-2.27771,***
15_20,3,15–20 °C,15–20 °C,cold,0,male,2,Men,Hombres,-0.0291592,0.00220494,6.34e-40,-2.91592,-3.34809,-2.48375,***
15_20,3,15–20 °C,15–20 °C,cold,1,female,1,Women,Mujeres,-0.0312772,0.00199399,1.8899999999999996e-55,-3.12772,-3.51854,-2.7369,***
15_20,3,15–20 °C,15–20 °C,cold,1,male,2,Men,Hombres,-0.0375535,0.00213123,1.7099999999999996e-69,-3.75535,-4.17307,-3.33763,***
15_20,3,15–20 °C,15–20 °C,cold,2,female,1,Women,Mujeres,-0.032151,0.00221329,8.249999999999999e-48,-3.2151,-3.64891,-2.7813,***
15_20,3,15–20 °C,15–20 °C,cold,2,male,2,Men,Hombres,-0.0367171,0.00272636,2.43e-41,-3.67171,-4.20608,-3.13735,***
15_20,3,15–20 °C,15–20 °C,cold,3,female,1,Women,Mujeres,-0.03472,0.00254526,2.2799999999999997e-42,-3.472,-3.97087,-2.97313,***
15_20,3,15–20 °C,15–20 °C,cold,3,male,2,Men,Hombres,-0.0386763,0.00318055,5.06e-34,-3.86763,-4.49102,-3.24425,***
15_20,3,15–20 °C,15–20 °C,cold,4,female,1,Women,Mujeres,-0.0359126,0.00314157,2.9099999999999998e-30,-3.59126,-4.207,-2.97551,***
15_20,3,15–20 °C,15–20 °C,cold,4,male,2,Men,Hombres,-0.0407595,0.00354142,1.1799999999999999e-30,-4.07595,-4.77007,-3.38184,***
15_20,3,15–20 °C,15–20 °C,cold,5,female,1,Women,Mujeres,-0.0339792,0.00293313,4.929999999999999e-31,-3.39792,-3.97282,-2.82303,***
15_20,3,15–20 °C,15–20 °C,cold,5,male,2,Men,Hombres,-0.0360757,0.00325659,1.61e-28,-3.60757,-4.24586,-2.96928,***
15_20,3,15–20 °C,15–20 °C,cold,6,female,1,Women,Mujeres,-0.0366422,0.00356519,8.88e-25,-3.66422,-4.363,-2.96544,***
15_20,3,15–20 °C,15–20 °C,cold,6,male,2,Men,Hombres,-0.0352395,0.00412078,1.21e-17,-3.52395,-4.33163,-2.71628,***
15_20,3,15–20 °C,15–20 °C,cold,7,female,1,Women,Mujeres,-0.0359019,0.00373218,6.61e-22,-3.59019,-4.3217,-2.85868,***
15_20,3,15–20 °C,15–20 °C,cold,7,male,2,Men,Hombres,-0.034358,0.0041188,7.32e-17,-3.4358,-4.24309,-2.62852,***
15_20,3,15–20 °C,15–20 °C,cold,8,female,1,Women,Mujeres,-0.0356444,0.00376257,2.7100000000000004e-21,-3.56444,-4.3019,-2.82697,***
15_20,3,15–20 °C,15–20 °C,cold,8,male,2,Men,Hombres,-0.0311166,0.00442663,2.07e-12,-3.11166,-3.97928,-2.24404,***
15_20,3,15–20 °C,15–20 °C,cold,9,female,1,Women,Mujeres,-0.0363563,0.00404137,2.34e-19,-3.63563,-4.42774,-2.84353,***
15_20,3,15–20 °C,15–20 °C,cold,9,male,2,Men,Hombres,-0.0327237,0.00458918,9.99e-13,-3.27237,-4.17185,-2.37289,***
15_20,3,15–20 °C,15–20 °C,cold,10,female,1,Women,Mujeres,-0.0332056,0.00442482,6.17e-14,-3.32056,-4.18782,-2.4533,***
15_20,3,15–20 °C,15–20 °C,cold,10,male,2,Men,Hombres,-0.0278444,0.00472507,3.79e-9,-2.78444,-3.71055,-1.85833,***
15_20,3,15–20 °C,15–20 °C,cold,11,female,1,Women,Mujeres,-0.0319411,0.00454028,1.99e-12,-3.19411,-4.084,-2.30421,***
15_20,3,15–20 °C,15–20 °C,cold,11,male,2,Men,Hombres,-0.0250551,0.00483112,2.15e-7,-2.50551,-3.45241,-1.55861,***
15_20,3,15–20 °C,15–20 °C,cold,12,female,1,Women,Mujeres,-0.0298534,0.00466448,1.55e-10,-2.98534,-3.89958,-2.0711,***
15_20,3,15–20 °C,15–20 °C,cold,12,male,2,Men,Hombres,-0.0211202,0.00490297,1.65e-5,-2.11202,-3.073,-1.15103,***
15_20,3,15–20 °C,15–20 °C,cold,13,female,1,Women,Mujeres,-0.0328957,0.00512191,1.34e-10,-3.28957,-4.29346,-2.28567,***
15_20,3,15–20 °C,15–20 °C,cold,13,male,2,Men,Hombres,-0.0233162,0.00568952,4.17e-5,-2.33162,-3.44677,-1.21647,***
15_20,3,15–20 °C,15–20 °C,cold,14,female,1,Women,Mujeres,-0.037183,0.00571445,7.67e-11,-3.7183,-4.83833,-2.59827,***
15_20,3,15–20 °C,15–20 °C,cold,14,male,2,Men,Hombres,-0.0280741,0.00606111,3.62e-6,-2.80741,-3.99538,-1.61943,***
15_20,3,15–20 °C,15–20 °C,cold,15,female,1,Women,Mujeres,-0.0375767,0.00532256,1.67e-12,-3.75767,-4.80089,-2.71444,***
15_20,3,15–20 °C,15–20 °C,cold,15,male,2,Men,Hombres,-0.0276244,0.00577631,1.73e-6,-2.76244,-3.8946,-1.63028,***
15_20,3,15–20 °C,15–20 °C,cold,16,female,1,Women,Mujeres,-0.0390297,0.00553978,1.85e-12,-3.90297,-4.98876,-2.81717,***
15_20,3,15–20 °C,15–20 °C,cold,16,male,2,Men,Hombres,-0.0283928,0.00625391,5.63e-6,-2.83928,-4.06505,-1.61352,***
15_20,3,15–20 °C,15–20 °C,cold,17,female,1,Women,Mujeres,-0.0378511,0.00554393,8.64e-12,-3.78511,-4.87172,-2.6985,***
15_20,3,15–20 °C,15–20 °C,cold,17,male,2,Men,Hombres,-0.0276502,0.00659286,2.74e-5,-2.76502,-4.05722,-1.47282,***
15_20,3,15–20 °C,15–20 °C,cold,18,female,1,Women,Mujeres,-0.0409069,0.00546451,7.1e-14,-4.09069,-5.16173,-3.01965,***
15_20,3,15–20 °C,15–20 °C,cold,18,male,2,Men,Hombres,-0.0283039,0.00674548,2.72e-5,-2.83039,-4.1525,-1.50828,***
15_20,3,15–20 °C,15–20 °C,cold,19,female,1,Women,Mujeres,-0.0401732,0.00566904,1.38e-12,-4.01732,-5.12845,-2.90618,***
15_20,3,15–20 °C,15–20 °C,cold,19,male,2,Men,Hombres,-0.0283285,0.00691215,4.16e-5,-2.83285,-4.18763,-1.47807,***
15_20,3,15–20 °C,15–20 °C,cold,20,female,1,Women,Mujeres,-0.0419725,0.00581208,5.14e-13,-4.19725,-5.33642,-3.05808,***
15_20,3,15–20 °C,15–20 °C,cold,20,male,2,Men,Hombres,-0.0270621,0.00719505,1.69e-4,-2.70621,-4.11644,-1.29598,***
15_20,3,15–20 °C,15–20 °C,cold,21,female,1,Women,Mujeres,-0.043461,0.00610326,1.07e-12,-4.3461,-5.54234,-3.14986,***
15_20,3,15–20 °C,15–20 °C,cold,21,male,2,Men,Hombres,-0.0308268,0.0073993,3.1e-5,-3.08268,-4.53294,-1.63242,***
15_20,3,15–20 °C,15–20 °C,cold,22,female,1,Women,Mujeres,-0.0456231,0.00616118,1.31e-13,-4.56231,-5.7699,-3.35472,***
15_20,3,15–20 °C,15–20 °C,cold,22,male,2,Men,Hombres,-0.0330709,0.00747053,9.56e-6,-3.30709,-4.77131,-1.84286,***
15_20,3,15–20 °C,15–20 °C,cold,23,female,1,Women,Mujeres,-0.046087,0.00631317,2.87e-13,-4.6087,-5.84608,-3.37131,***
15_20,3,15–20 °C,15–20 °C,cold,23,male,2,Men,Hombres,-0.0344785,0.00725343,2e-6,-3.44785,-4.86952,-2.02618,***
15_20,3,15–20 °C,15–20 °C,cold,24,female,1,Women,Mujeres,-0.0490807,0.00647986,3.61e-14,-4.90807,-6.17812,-3.63801,***
15_20,3,15–20 °C,15–20 °C,cold,24,male,2,Men,Hombres,-0.0370804,0.00738262,5.1e-7,-3.70804,-5.15503,-2.26105,***
15_20,3,15–20 °C,15–20 °C,cold,25,female,1,Women,Mujeres,-0.0511708,0.00656597,6.53e-15,-5.11708,-6.40401,-3.83015,***
15_20,3,15–20 °C,15–20 °C,cold,25,male,2,Men,Hombres,-0.0391359,0.00741527,1.31e-7,-3.91359,-5.36699,-2.4602,***
15_20,3,15–20 °C,15–20 °C,cold,26,female,1,Women,Mujeres,-0.0537882,0.00678783,2.3e-15,-5.37882,-6.70924,-4.04841,***
15_20,3,15–20 °C,15–20 °C,cold,26,male,2,Men,Hombres,-0.0398586,0.00756208,1.36e-7,-3.98586,-5.46803,-2.5037,***
15_20,3,15–20 °C,15–20 °C,cold,27,female,1,Women,Mujeres,-0.0540885,0.0068312,2.42e-15,-5.40885,-6.74777,-4.06994,***
15_20,3,15–20 °C,15–20 °C,cold,27,male,2,Men,Hombres,-0.0411458,0.00765767,7.74e-8,-4.11458,-5.61548,-2.61367,***
15_20,3,15–20 °C,15–20 °C,cold,28,female,1,Women,Mujeres,-0.0573989,0.00698476,2.07e-16,-5.73989,-7.1089,-4.37088,***
15_20,3,15–20 °C,15–20 °C,cold,28,male,2,Men,Hombres,-0.0428888,0.00783383,4.38e-8,-4.28888,-5.82431,-2.75345,***
15_20,3,15–20 °C,15–20 °C,cold,29,female,1,Women,Mujeres,-0.0584719,0.00678835,7.08e-18,-5.84719,-7.1777,-4.51667,***
15_20,3,15–20 °C,15–20 °C,cold,29,male,2,Men,Hombres,-0.0436916,0.00780181,2.14e-8,-4.36916,-5.89831,-2.84,***
15_20,3,15–20 °C,15–20 °C,cold,30,female,1,Women,Mujeres,-0.0575429,0.00709251,4.93e-16,-5.75429,-7.14442,-4.36415,***
15_20,3,15–20 °C,15–20 °C,cold,30,male,2,Men,Hombres,-0.0432779,0.00798565,5.98e-8,-4.32779,-5.89298,-2.7626,***
25_30,5,25–30 °C,25–30 °C,hot,0,female,1,Women,Mujeres,0.0227312,0.00181006,3.58e-36,2.27312,1.91835,2.62789,***
25_30,5,25–30 °C,25–30 °C,hot,0,male,2,Men,Hombres,0.0280267,0.00235482,1.1599999999999999e-32,2.80267,2.34112,3.26421,***
25_30,5,25–30 °C,25–30 °C,hot,1,female,1,Women,Mujeres,0.0258765,0.00171729,2.62e-51,2.58765,2.25106,2.92424,***
25_30,5,25–30 °C,25–30 °C,hot,1,male,2,Men,Hombres,0.0309723,0.00231783,9.989999999999999e-41,3.09723,2.64294,3.55153,***
25_30,5,25–30 °C,25–30 °C,hot,2,female,1,Women,Mujeres,0.0286274,0.00201283,6.65e-46,2.86274,2.46822,3.25725,***
25_30,5,25–30 °C,25–30 °C,hot,2,male,2,Men,Hombres,0.0312011,0.00307938,3.97e-24,3.12011,2.51655,3.72366,***
25_30,5,25–30 °C,25–30 °C,hot,3,female,1,Women,Mujeres,0.0281507,0.00285684,6.599999999999999e-23,2.81507,2.25513,3.37501,***
25_30,5,25–30 °C,25–30 °C,hot,3,male,2,Men,Hombres,0.0319538,0.00352549,1.26e-19,3.19538,2.50438,3.88637,***
25_30,5,25–30 °C,25–30 °C,hot,4,female,1,Women,Mujeres,0.0328789,0.00326764,8.13e-24,3.28789,2.64743,3.92834,***
25_30,5,25–30 °C,25–30 °C,hot,4,male,2,Men,Hombres,0.0345338,0.00469975,2.01e-13,3.45338,2.53222,4.37453,***
25_30,5,25–30 °C,25–30 °C,hot,5,female,1,Women,Mujeres,0.0324705,0.00323452,1.03e-23,3.24705,2.61308,3.88102,***
25_30,5,25–30 °C,25–30 °C,hot,5,male,2,Men,Hombres,0.0336712,0.00435607,1.08e-14,3.36712,2.51333,4.22091,***
25_30,5,25–30 °C,25–30 °C,hot,6,female,1,Women,Mujeres,0.0325132,0.00389345,6.78e-17,3.25132,2.4882,4.01444,***
25_30,5,25–30 °C,25–30 °C,hot,6,male,2,Men,Hombres,0.0328225,0.00480327,8.29e-12,3.28225,2.34081,4.22369,***
25_30,5,25–30 °C,25–30 °C,hot,7,female,1,Women,Mujeres,0.0343713,0.00426361,7.53e-16,3.43713,2.60147,4.2728,***
25_30,5,25–30 °C,25–30 °C,hot,7,male,2,Men,Hombres,0.0330618,0.0051501,1.37e-10,3.30618,2.29676,4.3156,***
25_30,5,25–30 °C,25–30 °C,hot,8,female,1,Women,Mujeres,0.0336836,0.00399235,3.26e-17,3.36836,2.58586,4.15086,***
25_30,5,25–30 °C,25–30 °C,hot,8,male,2,Men,Hombres,0.0295972,0.00534867,3.14e-8,2.95972,1.91138,4.00805,***
25_30,5,25–30 °C,25–30 °C,hot,9,female,1,Women,Mujeres,0.034065,0.00496232,6.66e-12,3.4065,2.43389,4.37912,***
25_30,5,25–30 °C,25–30 °C,hot,9,male,2,Men,Hombres,0.0311674,0.00645756,1.39e-6,3.11674,1.85106,4.38242,***
25_30,5,25–30 °C,25–30 °C,hot,10,female,1,Women,Mujeres,0.0277181,0.00488742,1.42e-8,2.77181,1.81387,3.72974,***
25_30,5,25–30 °C,25–30 °C,hot,10,male,2,Men,Hombres,0.0246287,0.00623133,7.74e-5,2.46287,1.24153,3.68422,***
25_30,5,25–30 °C,25–30 °C,hot,11,female,1,Women,Mujeres,0.0271686,0.00534472,3.71e-7,2.71686,1.66929,3.76442,***
25_30,5,25–30 °C,25–30 °C,hot,11,male,2,Men,Hombres,0.0215863,0.00666162,0.00119,2.15863,0.852956,3.46431,***
25_30,5,25–30 °C,25–30 °C,hot,12,female,1,Women,Mujeres,0.0259873,0.00532526,1.06e-6,2.59873,1.55498,3.64248,***
25_30,5,25–30 °C,25–30 °C,hot,12,male,2,Men,Hombres,0.0203917,0.00693102,0.00326,2.03917,0.680687,3.39765,***
25_30,5,25–30 °C,25–30 °C,hot,13,female,1,Women,Mujeres,0.0269085,0.00548676,9.38e-7,2.69085,1.61544,3.76625,***
25_30,5,25–30 °C,25–30 °C,hot,13,male,2,Men,Hombres,0.0223116,0.00689743,0.00122,2.23116,0.879266,3.58306,***
25_30,5,25–30 °C,25–30 °C,hot,14,female,1,Women,Mujeres,0.0287486,0.00591133,1.15e-6,2.87486,1.71624,4.03348,***
25_30,5,25–30 °C,25–30 °C,hot,14,male,2,Men,Hombres,0.0229594,0.00776251,0.0031,2.29594,0.774489,3.81739,***
25_30,5,25–30 °C,25–30 °C,hot,15,female,1,Women,Mujeres,0.0289854,0.00589075,8.63e-7,2.89854,1.74395,4.05313,***
25_30,5,25–30 °C,25–30 °C,hot,15,male,2,Men,Hombres,0.0223859,0.00750931,0.00287,2.23859,0.766766,3.71042,***
25_30,5,25–30 °C,25–30 °C,hot,16,female,1,Women,Mujeres,0.0290162,0.00643926,6.6e-6,2.90162,1.63952,4.16371,***
25_30,5,25–30 °C,25–30 °C,hot,16,male,2,Men,Hombres,0.0223408,0.00851679,0.00871,2.23408,0.564786,3.90337,***
25_30,5,25–30 °C,25–30 °C,hot,17,female,1,Women,Mujeres,0.0268227,0.00624016,1.72e-5,2.68227,1.4592,3.90534,***
25_30,5,25–30 °C,25–30 °C,hot,17,male,2,Men,Hombres,0.0201067,0.00782496,0.0102,2.01067,0.476976,3.54436,**
25_30,5,25–30 °C,25–30 °C,hot,18,female,1,Women,Mujeres,0.0287923,0.00642135,7.33e-6,2.87923,1.62064,4.13781,***
25_30,5,25–30 °C,25–30 °C,hot,18,male,2,Men,Hombres,0.0203451,0.00810012,0.012,2.03451,0.446883,3.62213,**
25_30,5,25–30 °C,25–30 °C,hot,19,female,1,Women,Mujeres,0.0292345,0.00669769,1.27e-5,2.92345,1.6107,4.23619,***
25_30,5,25–30 °C,25–30 °C,hot,19,male,2,Men,Hombres,0.0227236,0.00836331,0.00659,2.27236,0.633148,3.91157,***
25_30,5,25–30 °C,25–30 °C,hot,20,female,1,Women,Mujeres,0.0300503,0.00667517,6.74e-6,3.00503,1.6967,4.31337,***
25_30,5,25–30 °C,25–30 °C,hot,20,male,2,Men,Hombres,0.0229843,0.00828021,0.00551,2.29843,0.675511,3.92135,***
25_30,5,25–30 °C,25–30 °C,hot,21,female,1,Women,Mujeres,0.0326297,0.00697013,2.85e-6,3.26297,1.89683,4.62912,***
25_30,5,25–30 °C,25–30 °C,hot,21,male,2,Men,Hombres,0.0235743,0.00879981,0.00739,2.35743,0.632663,4.08219,***
25_30,5,25–30 °C,25–30 °C,hot,22,female,1,Women,Mujeres,0.0317215,0.00706803,7.19e-6,3.17215,1.78682,4.55749,***
25_30,5,25–30 °C,25–30 °C,hot,22,male,2,Men,Hombres,0.0228488,0.00868201,0.00849,2.28488,0.583205,3.98655,***
25_30,5,25–30 °C,25–30 °C,hot,23,female,1,Women,Mujeres,0.0366927,0.00724907,4.16e-7,3.66927,2.24845,5.09009,***
25_30,5,25–30 °C,25–30 °C,hot,23,male,2,Men,Hombres,0.027093,0.00900099,0.00261,2.7093,0.945111,4.4735,***
25_30,5,25–30 °C,25–30 °C,hot,24,female,1,Women,Mujeres,0.038875,0.00705084,3.52e-8,3.8875,2.50553,5.26946,***
25_30,5,25–30 °C,25–30 °C,hot,24,male,2,Men,Hombres,0.027358,0.00876304,0.0018,2.7358,1.01825,4.45336,***
25_30,5,25–30 °C,25–30 °C,hot,25,female,1,Women,Mujeres,0.0383879,0.00764906,5.2e-7,3.83879,2.33958,5.33801,***
25_30,5,25–30 °C,25–30 °C,hot,25,male,2,Men,Hombres,0.0295389,0.00941959,0.00171,2.95389,1.10765,4.80013,***
25_30,5,25–30 °C,25–30 °C,hot,26,female,1,Women,Mujeres,0.0413593,0.00765073,6.45e-8,4.13593,2.63639,5.63547,***
25_30,5,25–30 °C,25–30 °C,hot,26,male,2,Men,Hombres,0.0311297,0.0092654,7.8e-4,3.11297,1.29695,4.92899,***
25_30,5,25–30 °C,25–30 °C,hot,27,female,1,Women,Mujeres,0.039433,0.00775397,3.67e-7,3.9433,2.42352,5.46307,***
25_30,5,25–30 °C,25–30 °C,hot,27,male,2,Men,Hombres,0.0285735,0.009282,0.00208,2.85735,1.03808,4.67662,***
25_30,5,25–30 °C,25–30 °C,hot,28,female,1,Women,Mujeres,0.0456073,0.00795014,9.66e-9,4.56073,3.0025,6.11895,***
25_30,5,25–30 °C,25–30 °C,hot,28,male,2,Men,Hombres,0.0324121,0.00960094,7.36e-4,3.24121,1.35943,5.123,***
25_30,5,25–30 °C,25–30 °C,hot,29,female,1,Women,Mujeres,0.0446714,0.00785068,1.27e-8,4.46714,2.92841,6.00588,***
25_30,5,25–30 °C,25–30 °C,hot,29,male,2,Men,Hombres,0.0333108,0.00959826,5.19e-4,3.33108,1.44982,5.21234,***
25_30,5,25–30 °C,25–30 °C,hot,30,female,1,Women,Mujeres,0.0486922,0.00827635,4.02e-9,4.86922,3.24706,6.49139,***
25_30,5,25–30 °C,25–30 °C,hot,30,male,2,Men,Hombres,0.0375201,0.00979618,1.28e-4,3.75201,1.83196,5.67206,***
30_45,6,>30 °C,>30 °C,hot,0,female,1,Women,Mujeres,0.0336176,0.00372626,1.85e-19,3.36176,2.63141,4.0921,***
30_45,6,>30 °C,>30 °C,hot,0,male,2,Men,Hombres,0.0442699,0.00417981,3.27e-26,4.42699,3.60774,5.24623,***
30_45,6,>30 °C,>30 °C,hot,1,female,1,Women,Mujeres,0.0330404,0.00400196,1.51e-16,3.30404,2.51966,4.08843,***
30_45,6,>30 °C,>30 °C,hot,1,male,2,Men,Hombres,0.0370772,0.00466495,1.89e-15,3.70772,2.79339,4.62205,***
30_45,6,>30 °C,>30 °C,hot,2,female,1,Women,Mujeres,0.0374355,0.00523877,8.94e-13,3.74355,2.71675,4.77035,***
30_45,6,>30 °C,>30 °C,hot,2,male,2,Men,Hombres,0.0370614,0.00541293,7.55e-12,3.70614,2.6452,4.76707,***
30_45,6,>30 °C,>30 °C,hot,3,female,1,Women,Mujeres,0.0420309,0.00614174,7.73e-12,4.20309,2.99931,5.40687,***
30_45,6,>30 °C,>30 °C,hot,3,male,2,Men,Hombres,0.0409759,0.00672791,1.13e-9,4.09759,2.77892,5.41626,***
30_45,6,>30 °C,>30 °C,hot,4,female,1,Women,Mujeres,0.0452299,0.0063149,7.93e-13,4.52299,3.28527,5.76071,***
30_45,6,>30 °C,>30 °C,hot,4,male,2,Men,Hombres,0.0401282,0.00806843,6.58e-7,4.01282,2.4314,5.59423,***
30_45,6,>30 °C,>30 °C,hot,5,female,1,Women,Mujeres,0.0504088,0.00672139,6.39e-14,5.04088,3.72349,6.35828,***
30_45,6,>30 °C,>30 °C,hot,5,male,2,Men,Hombres,0.0376934,0.00754626,5.88e-7,3.76934,2.29028,5.24841,***
30_45,6,>30 °C,>30 °C,hot,6,female,1,Women,Mujeres,0.0470716,0.00705652,2.55e-11,4.70716,3.32409,6.09024,***
30_45,6,>30 °C,>30 °C,hot,6,male,2,Men,Hombres,0.0384592,0.00833458,3.94e-6,3.84592,2.21234,5.47949,***
30_45,6,>30 °C,>30 °C,hot,7,female,1,Women,Mujeres,0.0472119,0.00794807,2.85e-9,4.72119,3.16336,6.27901,***
30_45,6,>30 °C,>30 °C,hot,7,male,2,Men,Hombres,0.030899,0.00880409,4.49e-4,3.0899,1.3643,4.81551,***
30_45,6,>30 °C,>30 °C,hot,8,female,1,Women,Mujeres,0.0429973,0.00752056,1.08e-8,4.29973,2.8257,5.77376,***
30_45,6,>30 °C,>30 °C,hot,8,male,2,Men,Hombres,0.0261988,0.00948111,0.00572,2.61988,0.761583,4.47818,***
30_45,6,>30 °C,>30 °C,hot,9,female,1,Women,Mujeres,0.0407844,0.0083398,1.01e-6,4.07844,2.44384,5.71304,***
30_45,6,>30 °C,>30 °C,hot,9,male,2,Men,Hombres,0.0241582,0.0106597,0.0234,2.41582,0.326525,4.50511,**
30_45,6,>30 °C,>30 °C,hot,10,female,1,Women,Mujeres,0.0304919,0.00855773,3.67e-4,3.04919,1.37188,4.72651,***
30_45,6,>30 °C,>30 °C,hot,10,male,2,Men,Hombres,0.0167098,0.0108862,0.125,1.67098,-0.46272,3.80467,
30_45,6,>30 °C,>30 °C,hot,11,female,1,Women,Mujeres,0.0228429,0.0085513,0.00756,2.28429,0.60824,3.96035,***
30_45,6,>30 °C,>30 °C,hot,11,male,2,Men,Hombres,0.0106844,0.0107653,0.321,1.06844,-1.04156,3.17843,
30_45,6,>30 °C,>30 °C,hot,12,female,1,Women,Mujeres,0.0201528,0.00834074,0.0157,2.01528,0.380497,3.65007,**
30_45,6,>30 °C,>30 °C,hot,12,male,2,Men,Hombres,0.0137552,0.0110741,0.214,1.37552,-0.795005,3.54604,
30_45,6,>30 °C,>30 °C,hot,13,female,1,Women,Mujeres,0.026919,0.00854581,0.00163,2.6919,1.01692,4.36687,***
30_45,6,>30 °C,>30 °C,hot,13,male,2,Men,Hombres,0.0128344,0.0101083,0.204,1.28344,-0.697793,3.26467,
30_45,6,>30 °C,>30 °C,hot,14,female,1,Women,Mujeres,0.0271148,0.0090731,0.0028,2.71148,0.933156,4.48981,***
30_45,6,>30 °C,>30 °C,hot,14,male,2,Men,Hombres,0.0152456,0.0112061,0.174,1.52456,-0.671831,3.72095,
30_45,6,>30 °C,>30 °C,hot,15,female,1,Women,Mujeres,0.0315158,0.00954206,9.57e-4,3.15158,1.28134,5.02183,***
30_45,6,>30 °C,>30 °C,hot,15,male,2,Men,Hombres,0.0138684,0.01206,0.25,1.38684,-0.976915,3.75059,
30_45,6,>30 °C,>30 °C,hot,16,female,1,Women,Mujeres,0.0258698,0.0101991,0.0112,2.58698,0.587951,4.586,**
30_45,6,>30 °C,>30 °C,hot,16,male,2,Men,Hombres,0.0148411,0.0132279,0.262,1.48411,-1.10856,4.07677,
30_45,6,>30 °C,>30 °C,hot,17,female,1,Women,Mujeres,0.0260731,0.00945747,0.00584,2.60731,0.75365,4.46098,***
30_45,6,>30 °C,>30 °C,hot,17,male,2,Men,Hombres,0.0102614,0.0120965,0.396,1.02614,-1.34477,3.39705,
30_45,6,>30 °C,>30 °C,hot,18,female,1,Women,Mujeres,0.0227448,0.00970208,0.0191,2.27448,0.372877,4.17609,**
30_45,6,>30 °C,>30 °C,hot,18,male,2,Men,Hombres,0.0117732,0.0126817,0.353,1.17732,-1.3083,3.66294,
30_45,6,>30 °C,>30 °C,hot,19,female,1,Women,Mujeres,0.0230376,0.0105832,0.0295,2.30376,0.229458,4.37807,**
30_45,6,>30 °C,>30 °C,hot,19,male,2,Men,Hombres,0.0110256,0.0131562,0.402,1.10256,-1.47605,3.68118,
30_45,6,>30 °C,>30 °C,hot,20,female,1,Women,Mujeres,0.02187,0.00976714,0.0251,2.187,0.272641,4.10136,**
30_45,6,>30 °C,>30 °C,hot,20,male,2,Men,Hombres,0.00757633,0.0133671,0.571,0.757633,-1.86231,3.37758,
30_45,6,>30 °C,>30 °C,hot,21,female,1,Women,Mujeres,0.0273293,0.010501,0.00925,2.73293,0.674729,4.79114,***
30_45,6,>30 °C,>30 °C,hot,21,male,2,Men,Hombres,0.00870171,0.0130934,0.506,0.870171,-1.69613,3.43647,
30_45,6,>30 °C,>30 °C,hot,22,female,1,Women,Mujeres,0.0262931,0.010506,0.0123,2.62931,0.570144,4.68848,**
30_45,6,>30 °C,>30 °C,hot,22,male,2,Men,Hombres,0.00365748,0.0133418,0.784,0.365748,-2.24924,2.98074,
30_45,6,>30 °C,>30 °C,hot,23,female,1,Women,Mujeres,0.0303742,0.0110802,0.00612,3.03742,0.865692,5.20914,***
30_45,6,>30 °C,>30 °C,hot,23,male,2,Men,Hombres,0.00776489,0.0140297,0.58,0.776489,-1.97334,3.52632,
30_45,6,>30 °C,>30 °C,hot,24,female,1,Women,Mujeres,0.0332239,0.0104735,0.00151,3.32239,1.26959,5.37519,***
30_45,6,>30 °C,>30 °C,hot,24,male,2,Men,Hombres,0.00629281,0.0139691,0.652,0.629281,-2.10866,3.36722,
30_45,6,>30 °C,>30 °C,hot,25,female,1,Women,Mujeres,0.0358009,0.0108649,9.84e-4,3.58009,1.45057,5.70961,***
30_45,6,>30 °C,>30 °C,hot,25,male,2,Men,Hombres,0.0116494,0.0142991,0.415,1.16494,-1.63769,3.96757,
30_45,6,>30 °C,>30 °C,hot,26,female,1,Women,Mujeres,0.0319922,0.010372,0.00204,3.19922,1.16631,5.23214,***
30_45,6,>30 °C,>30 °C,hot,26,male,2,Men,Hombres,0.00785864,0.0145825,0.59,0.785864,-2.0723,3.64403,
30_45,6,>30 °C,>30 °C,hot,27,female,1,Women,Mujeres,0.0344842,0.0109283,0.0016,3.44842,1.30648,5.59036,***
30_45,6,>30 °C,>30 °C,hot,27,male,2,Men,Hombres,0.0053876,0.0151508,0.722,0.53876,-2.4308,3.50832,
30_45,6,>30 °C,>30 °C,hot,28,female,1,Women,Mujeres,0.0375383,0.0109687,6.21e-4,3.7538299999999998,1.60396,5.9037,***
30_45,6,>30 °C,>30 °C,hot,28,male,2,Men,Hombres,0.00842252,0.0159053,0.596,0.842252,-2.2752,3.9597,
30_45,6,>30 °C,>30 °C,hot,29,female,1,Women,Mujeres,0.0398118,0.0111987,3.78e-4,3.98118,1.78623,6.17613,***
30_45,6,>30 °C,>30 °C,hot,29,male,2,Men,Hombres,0.0125882,0.0165652,0.447,1.25882,-1.98796,4.50561,
30_45,6,>30 °C,>30 °C,hot,30,female,1,Women,Mujeres,0.0370585,0.0117024,0.00154,3.70585,1.41217,5.99953,***
30_45,6,>30 °C,>30 °C,hot,30,male,2,Men,Hombres,0.00957843,0.0158816,0.546,0.957843,-2.15496,4.07065,
