hid,agem_mode,mode_share,clues_ent,mode_ent
ASDIF000011,01001,1,01,01
ASIMS000016,14006,1,01,14
ASSSA000025,01001,0.8111678487577316,01,01
ASSSA000030,01001,0.9787489344766238,01,01
ASSSA000042,01001,0.880585097759476,01,01
ASSSA000054,01001,0.7668186188966843,01,01
ASSSA000404,01003,0.9915902089806455,01,01
ASSSA000614,01006,0.6951432400488594,01,01
ASSSA000655,01007,0.6997942883264975,01,01
ASSSA001274,01001,1,01,01
ASSSA001331,01001,0.8067871903730987,01,01
BCSMP001324,18017,1,02,18
BCSSA000015,02001,0.9993217729222422,02,02
BCSSA000090,02001,0.9996107055961071,02,02
BCSSA000196,02001,1,02,02
BCSSA000266,02001,0.9547018348623854,02,02
BCSSA000440,02002,0.9975932699074868,02,02
BCSSA000662,02002,0.9996015522139838,02,02
BCSSA000703,02002,0.9997282608695652,02,02
BCSSA000761,02002,0.9993336189252225,02,02
BCSSA000855,02003,0.800399084453313,02,02
BCSSA000913,02004,0.997475666240153,02,02
BCSSA001770,02004,0.9598799982089284,02,02
BCSSA017590,02005,0.8912996042862114,02,02
BCSSA017730,02004,0.9971988795518207,02,02
BCSSA018046,02002,0.9959807985485517,02,02
BSSSA000011,03001,0.953804501631983,03,03
BSSSA000192,03002,0.9925160261325645,03,03
BSSSA000595,03008,0.9960123146583882,03,03
BSSSA000624,03008,0.9969360398314822,03,03
BSSSA000933,03009,0.9824037744024264,03,03
BSSSA001131,03008,0.9983631642647302,03,03
BSSSA001213,03003,0.9957947611424329,03,03
BSSSA001510,03001,0.95078512130767745,03,03
CCIMO000232,04005,0.8300220750551877,04,04
CCSSA000100,04002,0.9865310923094434,04,04
CCSSA000322,04002,0.6259414225941422,04,04
CCSSA000363,04003,0.9939232225856429,04,04
CCSSA000503,04003,0.9985687181706221,04,04
CCSSA000544,04004,0.985660879164994,04,04
CCSSA000766,04006,0.9997951659156084,04,04
CCSSA000865,04007,0.9970128022759601,04,04
CCSSA001116,04010,0.9966967108678212,04,04
CCSSA001220,04011,0.9933954348901749,04,04
CCSSA001594,04006,0.9715854586351758,04,04
CCSSA001710,04007,0.9887640449438202,04,04
CCSSA001734,04003,0.9908415413858649,04,04
CCSSA001961,04010,0.9573643410852714,04,04
CCSSA017403,04001,0.9888130686517783,04,04
CCSSA017670,04002,0.9167332230399148,04,04
CCSSA017682,04009,0.9154259695470376,04,04
CHIMO000043,08003,0.4437869822485207,08,08
CHIMO000224,08009,1,08,08
CHIMO000516,08027,0.8636363636363636,08,08
CHIST000194,08003,0.5,08,08
CHSSA000372,08011,0.9913253871798589,08,08
CHSSA000565,08017,0.6812227074235808,08,08
CHSSA000570,08017,0.9122085410852918,08,08
CHSSA000664,08019,0.9787392011732624,08,08
CHSSA000676,08019,0.9826142537551934,08,08
CHSSA001026,08021,0.8979465938133427,08,08
CHSSA001096,08025,0.7670158095013927,08,08
CHSSA001270,08029,0.9913017594919963,08,08
CHSSA001603,08032,0.7423189823874755,08,08
CHSSA001755,08036,0.9701298530782664,08,08
CHSSA001796,08037,0.9896933422688512,08,08
CHSSA001801,08037,0.9911768857936097,08,08
CHSSA002011,08040,1,08,08
CHSSA002081,08040,0.975517890772128,08,08
CHSSA002390,08050,0.7382471893436237,08,08
CHSSA002455,08052,0.9636751401740566,08,08
CHSSA004415,08036,0.967741935483871,08,08
CHSSA018012,08037,0.9977635782747604,08,08
CHSSA018164,08027,0.8306849315068493,08,08
CHSSA018444,08032,0.9652580148311352,08,08
CHSSA018514,08019,0.9883246110159348,08,08
CHSSA018560,08036,0.9310344827586207,08,08
CHSSA018683,08002,0.9368557951744084,08,08
CLIMO000561,05031,0.6105263157894737,05,05
CLSSA000033,05002,0.979623919958078,05,05
CLSSA000050,05003,0.8458483645072301,05,05
CLSSA000161,05007,0.9459728781248646,05,05
CLSSA000231,05009,0.829832204632705,05,05
CLSSA000354,05011,0.9793956043956044,05,05
CLSSA000470,05017,0.9865644171779141,05,05
CLSSA000815,05024,0.9602241768506266,05,05
CLSSA000914,05025,0.9993089149965446,05,05
CLSSA001042,05028,0.9966782206816869,05,05
CLSSA001136,05030,0.9153679595819187,05,05
CLSSA001141,05030,0.6957218027911233,05,05
CLSSA001404,05032,0.9632480957562568,05,05
CLSSA001421,05033,0.9910857930853334,05,05
CLSSA001614,05035,1,05,05
CLSSA001841,05038,1,05,05
CLSSA002466,05020,0.9753887910798122,05,05
CLSSA002710,05018,0.7014883154184255,05,05
CLSSA002734,05030,0.9777927650548828,05,05
CLSSA002763,05025,0.9930191732726226,05,05
CLSSA002862,05035,0.9537815126050421,05,05
CMSSA000125,06002,0.8613751250875076,06,06
CMSSA000586,06006,0.9711538461538461,06,06
CMSSA001023,06009,0.9117578413393984,06,06
CMSSA001356,06007,0.9421423405566122,06,06
CMSSA001385,06010,0.333422738787066,06,06
CSIMO000170,07004,0.9655172413793104,07,07
CSIMO002125,07001,1,07,07
CSIMO002270,07052,0.7586206896551724,07,07
CSIMO002924,07114,1,07,07
CSIMO003863,07078,0.8333333333333334,07,07
CSSSA000045,07002,0.8361776552893788,07,07
CSSSA000412,07008,0.9210936078137955,07,07
CSSSA000453,07009,0.9114887647679596,07,07
CSSSA000832,07017,0.9778499023242221,07,07
CSSSA001030,07019,0.8379056931724621,07,07
CSSSA001322,07021,0.9132867132867133,07,07
CSSSA002611,07040,0.33765071590052753,07,07
CSSSA003265,07052,0.984820988618746,07,07
CSSSA004496,07064,0.8888888888888888,07,07
CSSSA004595,07065,0.8887047600837078,07,07
CSSSA004945,07068,0.4920089949002128,07,07
CSSSA005645,07077,0.8615553121577217,07,07
CSSSA005773,07078,0.6494751473901165,07,07
CSSSA006403,07089,0.9935249215229756,07,07
CSSSA006934,07096,0.994553004396678,07,07
CSSSA007074,07097,0.9851989587207141,07,07
CSSSA007540,07101,0.9330913300932235,07,07
CSSSA008264,07109,0.5758842957596421,07,07
CSSSA009186,07074,0.8812178108090488,07,07
CSSSA009203,07012,0.8667950807527041,07,07
CSSSA009232,07109,0.49841232506174293,07,07
CSSSA009244,07089,0.6996385771352482,07,07
CSSSA009256,07081,0.8083152042542906,07,07
CSSSA009261,07075,0.8845853331845072,07,07
CSSSA009273,07027,0.8945769406045876,07,07
CSSSA009326,07109,0.6666666666666666,07,07
CSSSA009541,07005,0.9553612517257248,07,07
CSSSA009635,07101,0.8099582898852972,07,07
CSSSA009640,07040,0.3048469387755102,07,07
CSSSA017504,07070,0.6383701188455009,07,07
CSSSA017516,07107,0.9858619069985909,07,07
CSSSA017521,07091,0.7711094664603377,07,07
CSSSA017726,07049,0.8118546543706155,07,07
CSSSA017731,07059,0.9586856396507871,07,07
CSSSA018740,07069,0.9818459492080696,07,07
CSSSA018752,07094,0.8109809986743262,07,07
CSSSA018764,07078,0.7473122959738847,07,07
CSSSA018776,07019,0.8091285777381776,07,07
CSSSA018781,07034,0.7053714961473789,07,07
CSSSA018793,07022,0.9811218985976268,07,07
CSSSA018875,07108,0.7836591182050792,07,07
CSSSA019242,07062,0.9438013049884235,07,07
CSSSA019476,07064,0.946218487394958,07,07
CSSSA019481,07023,0.7960824440871218,07,07
CSSSA019645,07059,0.7621525490712686,07,07
CSSSA019954,07101,0.9012334854869555,07,07
DFSSA000053,09002,0.9500997868498581,09,09
DFSSA000065,09002,0.9462568743306177,09,09
DFSSA000350,09003,0.629695885509839,09,09
DFSSA000596,09004,0.6519276293540751,09,09
DFSSA000835,09005,0.8795825179386824,09,09
DFSSA000840,09005,0.7356954163505045,09,09
DFSSA000852,09005,0.9927573460309504,09,09
DFSSA000864,09005,0.9472765196092502,09,09
DFSSA000876,09005,0.9968820424165715,09,09
DFSSA000881,09005,0.5486466325660699,09,09
DFSSA001296,09006,0.9251951828193329,09,09
DFSSA001511,09007,0.9984539858622953,09,09
DFSSA001523,09007,0.9990645463049579,09,09
DFSSA001535,09007,0.9969283276450512,09,09
DFSSA001540,09007,0.9950112452525939,09,09
DFSSA001926,09008,0.6167154644663295,09,09
DFSSA002066,09009,0.7699521557822623,09,09
DFSSA002491,09011,0.6357356665899148,09,09
DFSSA002660,09012,0.8791644908616189,09,09
DFSSA002672,09012,0.9945317840054683,09,09
DFSSA002923,09013,0.7049408069582025,09,09
DFSSA002935,09013,0.9808219178082191,09,09
DFSSA002993,09013,0.9246273575632827,09,09
DFSSA003005,09013,0.9984297891431135,09,09
DFSSA003162,09003,0.20893692794714747,09,09
DFSSA003372,09015,0.48721311475409834,09,09
DFSSA003384,09015,0.673784494086728,09,09
DFSSA003536,09014,0.5685265438786565,09,09
DFSSA003541,09016,0.35098080573718626,09,09
DFSSA003553,09016,0.9806617951771205,09,09
DFSSA003664,09017,0.20700117023274628,09,09
DFSSA003705,09017,0.26884323340160965,09,09
DFSSA003710,09017,0.5822109441082699,09,09
DFSSA003722,09017,0.3562052728588805,09,09
DFSSA003944,09005,0.23394289543049665,09,09
DFSSA003956,09013,0.8930131004366813,09,09
DFSSA003961,09012,0.41462627271299046,09,09
DFSSA003973,09007,0.09820933277120732,09,09
DFSSA003985,09015,0.3454947484798231,09,09
DFSSA003990,09015,0.3040942308565204,09,09
DFSSA004002,15057,0.12458131576073106,09,15
DFSSA004043,15058,0.06600942991855979,09,15
DFSSA004096,09998,0.17146171693735499,09,09
DFSSA004130,09007,0.21167255707326393,09,09
DFSSA004142,09012,0.12164200661167635,09,09
DFSSA004154,09012,0.10638297872340426,09,09
DFSSA004265,09007,0.8132832080200502,09,09
DFSSA005006,09012,0.5765558825640658,09,09
DFSSA005011,09012,0.7376969752901276,09,09
DFSSA005064,09005,0.6980859989512324,09,09
DFSSA005175,09004,0.9545454545454546,09,09
DFSSA006155,12055,1,09,12
DFSSA017886,09010,0.9805024086040043,09,09
DFSSA018142,09007,0.9781689076899834,09,09
DFSSA018154,09011,0.89190101171334,09,09
DFSSA018166,09012,0.7172866110746744,09,09
DFSSA018760,09007,0.9983484723369116,09,09
DGIMO000352,10008,0.7706708268330733,10,10
DGIMO001093,10024,0.7263681592039801,10,10
DGIMO001595,10038,0.6024915062287656,10,10
DGIST000124,10023,1,10,10
DGSSA000010,10001,0.9768860628974051,10,10
DGSSA000116,10004,0.9563357309018957,10,10
DGSSA000191,10005,0.9363279384888947,10,10
DGSSA000611,10005,0.824972691370473,10,10
DGSSA000640,10006,0.7620192307692307,10,10
DGSSA000676,10007,0.9904888351026019,10,10
DGSSA001224,10014,0.9492769110208734,10,10
DGSSA001241,10014,1,10,10
DGSSA001446,10018,0.9104483094271704,10,10
DGSSA001545,10021,0.9513513513513514,10,10
DGSSA001574,10023,0.9624486228885885,10,10
DGSSA001825,10028,0.8489254108723135,10,10
DGSSA001895,10032,0.8990757415648395,10,10
DGSSA001953,10034,0.8980891719745223,10,10
DGSSA002315,10034,0.9104942965779468,10,10
DGSSA002356,10034,1,10,10
DGSSA002414,10007,0.9096263487725581,10,10
DGSSA003155,10034,0.9166666666666666,10,10
DGSSA017120,10033,1,10,10
DGSSA017226,10033,1,10,10
DGSSA017242,10033,0.9066754633239369,10,10
DGSSA017254,10014,0.9925656355601767,10,10
DGSSA017271,10001,1,10,10
DGSSA017295,10013,0.9840552995391705,10,10
DGSSA017300,10020,0.9234330484330484,10,10
DGSSA017312,10039,0.9783971291866028,10,10
DGSSA017406,10017,0.7193548387096774,10,10
DGSSA017423,10033,0.625,10,10
DGSSA017546,10014,1,10,10
DGSSA017621,10034,1,10,10
DGSSA017645,10014,1,10,10
DGSSA017662,10034,0.9646877069079673,10,10
DGSSA017674,10014,0.9151048525985209,10,10
DGSSA017744,10014,1,10,10
DGSSA017761,10012,0.9151341616130348,10,10
DGSSA017790,10022,0.9465708483049523,10,10
DGSSA017826,10015,0.8793279022403259,10,10
DGSSA017872,10005,0.8178280165383303,10,10
GRIMO000171,12068,1,12,12
GRSSA000010,12001,0.9947761527225876,12,12
GRSSA000022,12001,0.9691491177702943,12,12
GRSSA000034,12001,0.9830179017441921,12,12
GRSSA000331,12040,1,12,12
GRSSA000652,12032,1,12,12
GRSSA001002,12004,0.9070631970260223,12,12
GRSSA001212,12007,0.8512810444684402,12,12
GRSSA001550,12011,0.8717371252882398,12,12
GRSSA001813,12012,0.7670515986916762,12,12
GRSSA002064,12051,1,12,12
GRSSA002204,12016,0.8,12,12
GRSSA002373,12018,1,12,12
GRSSA002863,12022,0.4310271826572953,12,12
GRSSA003283,12026,1,12,12
GRSSA003423,12028,0.9747648598855813,12,12
GRSSA003686,12029,0.9499499421205769,12,12
GRSSA003790,12029,0.7787610619469026,12,12
GRSSA004053,12032,1,12,12
GRSSA004065,12032,0.9569582871908453,12,12
GRSSA004123,12032,0.5,12,12
GRSSA004350,12034,0.8212621878261755,12,12
GRSSA004490,12035,0.9951222079904549,12,12
GRSSA004654,12032,1,12,12
GRSSA004753,12038,0.9333040099699436,12,12
GRSSA004992,12040,1,12,12
GRSSA005033,12040,0.8136576656996206,12,12
GRSSA005330,12040,1,12,12
GRSSA005762,12046,0.7672561473789632,12,12
GRSSA005931,12048,0.9719055920611506,12,12
GRSSA006066,21174,1,12,21
GRSSA006206,12051,0.921604938271605,12,12
GRSSA006322,12052,0.8688046647230321,12,12
GRSSA006334,12032,1,12,12
GRSSA006742,12055,0.9991412840329342,12,12
GRSSA007121,12057,0.976098791661134,12,12
GRSSA007606,12059,1,12,12
GRSSA007635,12061,0.6666666666666666,12,12
GRSSA007705,12059,1,12,12
GRSSA007734,12061,0.75,12,12
GRSSA007763,12061,0.9404591982382448,12,12
GRSSA008101,12066,0.8917025455094796,12,12
GRSSA008574,12053,1,12,12
GRSSA008644,12072,0.7880434782608695,12,12
GRSSA008830,12075,0.8571428571428571,12,12
GRSSA008883,12075,0.9770457185091331,12,12
GRSSA009904,12029,1,12,12
GRSSA009916,12066,0.4725284218528629,12,12
GRSSA009921,12029,0.8342808378198612,12,12
GRSSA009945,12001,0.9078304831574714,12,12
GRSSA009950,12029,0.935070514339891,12,12
GRSSA010056,12053,0.9730517115804806,12,12
GRSSA010061,12022,0.35470681610467075,12,12
GRSSA010102,12029,0.7419033383158944,12,12
GRSSA010341,12032,0.8,12,12
GRSSA011782,12001,0.30434782608695654,12,12
GRSSA011963,12058,0.94389721627409,12,12
GRSSA012120,12007,1,12,12
GRSSA012412,12033,0.8053097345132744,12,12
GRSSA012424,12021,0.973421926910299,12,12
GRSSA012511,12032,1,12,12
GRSSA012535,12055,0.9691911810435972,12,12
GTSSA000310,11003,0.9965820923766685,11,11
GTSSA000585,11005,0.9906023947406385,11,11
GTSSA000766,11007,0.9697924707008537,11,11
GTSSA001010,11009,0.9983049346640861,11,11
GTSSA001092,11010,0.8957247132429614,11,11
GTSSA001121,11011,0.9958186453083854,11,11
GTSSA001215,11012,0.9064503960769521,11,11
GTSSA001290,11014,0.9193799703464078,11,11
GTSSA001454,11015,0.9901396580450099,11,11
GTSSA001623,11016,0.9023558897243108,11,11
GTSSA001652,11017,0.9921691814417322,11,11
GTSSA001915,11019,0.9893801763291478,11,11
GTSSA002096,11020,0.9906780865733172,11,11
GTSSA002101,11020,0.9750122569877532,11,11
GTSSA002755,11023,0.9987626314704062,11,11
GTSSA002760,11023,0.9051592107137769,11,11
GTSSA003081,11025,0.9935626541315951,11,11
GTSSA003151,11026,0.9805520021240134,11,11
GTSSA003233,11027,0.9977443971967334,11,11
GTSSA003361,11028,0.9976804815397002,11,11
GTSSA003600,11030,0.9909758671738315,11,11
GTSSA003793,11031,0.9898675180552204,11,11
GTSSA004003,11033,0.989202376380763,11,11
GTSSA004184,11034,0.7414529914529915,11,11
GTSSA004423,11038,0.7808175088509817,11,11
GTSSA004580,11040,0.9886363636363636,11,11
GTSSA004650,11041,0.6508280425946454,11,11
GTSSA005432,11025,0.8926632625638269,11,11
GTSSA005502,11009,0.9788477034649476,11,11
GTSSA005531,11038,0.6644254278728606,11,11
GTSSA005560,11024,0.671028419546105,11,11
GTSSA005613,11020,0.9994092743920449,11,11
GTSSA005683,11020,0.9600542209673155,11,11
GTSSA006495,11028,0.9818888504507438,11,11
GTSSA016796,11020,0.29071042690604815,11,11
GTSSA016842,11035,0.9899091670025111,11,11
GTSSA016912,11032,0.8430215132033692,11,11
GTSSA016970,11039,0.9880826697682741,11,11
GTSSA016994,11044,0.9880674668815653,11,11
GTSSA017023,11037,0.9865929862549944,11,11
GTSSA017344,11001,0.9887540362988532,11,11
GTSSA017385,11042,0.9754057933674408,11,11
GTSSA017390,11008,0.9760100581059499,11,11
GTSSA017402,11004,0.9896003243416525,11,11
GTSSA017414,11002,0.9439966710991705,11,11
GTSSA017426,11018,0.9558840593163306,11,11
GTSSA017431,11046,0.9875157311855022,11,11
GTSSA017443,11021,0.7240334207077327,11,11
GTSSA017472,11033,0.863224115926315,11,11
GTSSA017484,11023,0.9985354851937553,11,11
GTSSA017496,11027,0.9987389101528795,11,11
GTSSA017501,11029,0.9971353121763229,11,11
GTSSA017525,11020,0.9420299868721067,11,11
GTSSA017530,11007,0.9113784387412569,11,11
GTSSA017542,11017,0.9522890350439737,11,11
GTSSA017553,11012,0.9518374018031317,11,11
GTSSA017580,11022,0.9146919431279621,11,11
HGIMO002043,30076,0.5,13,30
HGSSA000156,13003,0.9378464874696141,13,13
HGSSA000511,13011,0.5699126678561367,13,13
HGSSA001503,13029,0.6216006295414362,13,13
HGSSA001590,13030,0.6348728187703966,13,13
HGSSA001795,13031,0.5981605431694516,13,13
HGSSA002162,13041,0.5291797531224892,13,13
HGSSA002425,13048,0.5857034845189534,13,13
HGSSA002430,13048,0.5329206061529497,13,13
HGSSA002751,13053,0.6507032744458198,13,13
HGSSA003096,10023,0.5,13,10
HGSSA004093,13077,0.9648695402945964,13,13
HGSSA004991,13084,0.9,13,13
HGSSA005015,13048,0.35240963855421686,13,13
HGSSA015503,13073,0.6272176744469128,13,13
HGSSA015515,13008,0.5659288163889252,13,13
HGSSA015520,13028,0.5292410550290206,13,13
HGSSA015532,13076,0.5377298668357641,13,13
HGSSA015561,13027,0.983402489626556,13,13
HGSSA018000,13077,0.7973488230412907,13,13
JCSSA000165,14006,0.8216677419516172,14,14
JCSSA000503,14013,0.8954326640835976,14,14
JCSSA000631,14015,0.925346960666743,14,14
JCSSA000894,14018,0.5146781419476538,14,14
JCSSA001261,14022,0.989814644083274,14,14
JCSSA001326,14023,0.5921755540501307,14,14
JCSSA001401,14024,0.5091733663162235,14,14
JCSSA001454,14025,0.8807055609128898,14,14
JCSSA001891,14032,1,14,14
JCSSA001990,14035,0.9945268163567439,14,14
JCSSA002113,14037,0.8355668917647551,14,14
JCSSA002195,14039,0.472758513504179,14,14
JCSSA002200,14120,0.29780264774123105,14,14
JCSSA002212,14039,0.23903377863773903,14,14
JCSSA002224,14039,0.3981524567843786,14,14
JCSSA002562,14042,0.7621316224174667,14,14
JCSSA002632,14043,0.9291925023162996,14,14
JCSSA003250,14053,0.913638073600897,14,14
JCSSA003496,14055,0.5559003206545776,14,14
JCSSA003583,14058,0.9321975563586302,14,14
JCSSA003986,14064,0.7289996164313504,14,14
JCSSA004230,14067,0.9618758954292669,14,14
JCSSA004930,14082,0.7395569391153262,14,14
JCSSA005135,14085,0.9881239369962287,14,14
JCSSA005403,14090,0.6666666666666666,14,14
JCSSA005461,14091,0.9919244818025789,14,14
JCSSA005584,14093,0.7594186570527265,14,14
JCSSA006115,14100,0.9953527623319423,14,14
JCSSA006552,14108,0.5,14,14
JCSSA006610,14037,1,14,14
JCSSA006890,14118,0.777336157284651,14,14
JCSSA007042,14120,0.3703066904511165,14,14
JCSSA007066,14120,0.7732142074841064,14,14
JCSSA007836,14039,0.42074956910210926,14,14
JCSSA008075,14059,0.6421544105386027,14,14
JCSSA008080,14085,0.9496736154979996,14,14
JCSSA008401,14042,0.651403449442002,14,14
JCSSA008425,14022,0.9171249520399029,14,14
JCSSA008430,14053,0.8469610535953236,14,14
JCSSA008454,14064,0.7222782258064516,14,14
JCSSA008466,14120,0.5229151014274981,14,14
JCSSA009304,14098,0.46513773560036903,14,14
JCSSA009364,14050,0.7350334745625667,14,14
JCSSA009492,14065,0.9240506329113924,14,14
JCSSA009533,14110,0.9615384615384616,14,14
JCSSA013045,14073,0.9844973573032119,14,14
JCSSA013050,14083,0.7746975913603605,14,14
JCSSA013091,14078,0.881588349382422,14,14
JCSSA013506,14124,0.6848618945730403,14,14
JCSSA013692,14063,0.6236297555542529,14,14
JCSSA013745,14017,0.5,14,14
JCSSA013762,14013,0.8539204511368409,14,14
JCSSA013815,14018,0.5512341325811001,14,14
MCCRO000013,15035,1,15,15
MCDIF002795,15024,0.5555555555555556,15,15
MCIMO000093,15124,0.75,15,15
MCSSA000224,15002,0.9064129504241575,15,15
MCSSA000236,15033,0.2976545048399106,15,15
MCSSA000241,15002,0.16933638443935928,15,15
MCSSA000871,15009,0.5994401885680612,15,15
MCSSA000982,15012,0.6079517679648037,15,15
MCSSA001011,15013,0.8462780359555349,15,15
MCSSA001484,15021,0.981990562362007,15,15
MCSSA001636,15024,0.26443512674984604,15,15
MCSSA001682,15025,0.9165831404637375,15,15
MCSSA002020,15031,0.9809089435788206,15,15
MCSSA002184,15033,0.9861193194189555,15,15
MCSSA002435,15035,0.9406640981620454,15,15
MCSSA002534,15037,0.9836567716470686,15,15
MCSSA002761,15039,0.9032365355527927,15,15
MCSSA002773,15039,0.5200559701492538,15,15
MCSSA002872,15042,0.7905602741767248,15,15
MCSSA003106,15043,0.5375646309479206,15,15
MCSSA004074,15057,0.9803823592794235,15,15
MCSSA004231,15058,0.9796401068242009,15,15
MCSSA004692,15064,0.8728902953586498,15,15
MCSSA004791,15065,0.7325233530740582,15,15
MCSSA005095,15074,0.9719719975705655,15,15
MCSSA005556,15080,0.9806218767351471,15,15
MCSSA005730,15082,0.9403833323723941,15,15
MCSSA006430,15088,0.7964333006133353,15,15
MCSSA006536,15090,0.8693498324734321,15,15
MCSSA006780,15094,0.7240300912462696,15,15
MCSSA006874,15097,0.8910483930188725,15,15
MCSSA007253,15104,0.5862068965517241,15,15
MCSSA007265,15104,0.9703001385254733,15,15
MCSSA007586,15105,0.9038802179071556,15,15
MCSSA007661,15106,0.9984035153072472,15,15
MCSSA007673,15106,0.7328878708444597,15,15
MCSSA007982,15110,0.7388857381792316,15,15
MCSSA008233,15113,0.988959411847009,15,15
MCSSA008320,15114,0.9141902025017384,15,15
MCSSA008863,15120,0.9781885259182631,15,15
MCSSA008945,15122,0.9829239756093395,15,15
MCSSA009510,15123,0.9927587265471225,15,15
MCSSA009826,15081,0.9614451147631926,15,15
MCSSA010053,15045,0.8522334622012303,15,15
MCSSA010111,15001,0.871910963301997,15,15
MCSSA010123,15014,0.5037621135016207,15,15
MCSSA010222,15106,0.44689409630098764,15,15
MCSSA010246,15087,0.9625574715280774,15,15
MCSSA010251,15040,0.6345359521200371,15,15
MCSSA010263,15117,0.93426446580809,15,15
MCSSA010280,15033,0.9722165150440041,15,15
MCSSA010292,15058,0.8978477731521483,15,15
MCSSA010345,15109,0.8238631489945716,15,15
MCSSA010683,15051,0.908226233007006,15,15
MCSSA010811,15031,0.8277089291388624,15,15
MCSSA010963,15099,0.756431054461182,15,15
MCSSA014101,15112,0.934475509175141,15,15
MCSSA014143,15092,0.1784116564059415,15,15
MCSSA014632,15030,0.4516061801811816,15,15
MCSSA014641,15057,0.6623544631306598,15,15
MCSSA015262,15052,0.7445137240109171,15,15
MCSSA017065,15039,0.99001322262465,15,15
MCSSA017082,15067,0.9534411310636224,15,15
MCSSA018062,15115,0.6560048418730081,15,15
MCSSA018412,15099,0.7152907781657335,15,15
MCSSA018453,15025,0.7901594302892908,15,15
MCSSA018552,15036,0.40889032895142874,15,15
MCSSA018564,15124,0.9253127940612693,15,15
MCSSA018593,15086,0.9894121488207217,15,15
MCSSA018610,15047,0.969906015259254,15,15
MCSSA018622,15070,0.7153583126372242,15,15
MCSSA018675,15060,0.9958391667133337,15,15
MCSSA018680,15031,0.9633823694975044,15,15
MCSSA018733,15013,0.33172847997460453,15,15
MCSSA018750,15009,0.3883946240814992,15,15
MCSSA018774,15120,0.31989842619659253,15,15
MNIMO000244,16009,0.7258064516129032,16,16
MNIMO000425,16015,0.8276699029126213,16,16
MNIMO001125,16038,0.7638376383763837,16,16
MNIMO001796,16065,0.6902404526166902,16,16
MNIMO002764,16098,0.5,16,16
MNIMO003942,16104,0.32941176470588235,16,16
MNIMO003954,16012,0.7633136094674556,16,16
MNSSA000170,16006,0.9898744992091256,16,16
MNSSA000310,16010,0.9920469655535764,16,16
MNSSA000462,16014,0.9397510315406672,16,16
MNSSA000836,16024,0.5349992871835604,16,16
MNSSA001722,16052,0.9737104288280197,16,16
MNSSA001862,16053,0.9160287251439813,16,16
MNSSA001874,16053,0.8574412583846546,16,16
MNSSA001891,16053,0.9450059525255715,16,16
MNSSA001903,16053,0.4963969865705863,16,16
MNSSA002142,16055,0.9207957678265405,16,16
MNSSA002446,16066,0.7326255278113267,16,16
MNSSA002813,16076,0.690575909723603,16,16
MNSSA002965,16082,0.940484241850399,16,16
MNSSA003735,16102,0.9335560008906703,16,16
MNSSA003945,16108,0.66748765563352,16,16
MNSSA004044,16112,0.8311604646374752,16,16
MNSSA005275,16107,0.7467970914127424,16,16
MNSSA005280,16066,0.5057948055196565,16,16
MNSSA005345,16053,0.5396774193548387,16,16
MNSSA005456,16053,0.5633236542327451,16,16
MNSSA016475,16050,0.7877168254071715,16,16
MNSSA016480,16071,0.8298143851508121,16,16
MNSSA016492,16034,0.8419495123645815,16,16
MNSSA016504,16099,0.912106309511353,16,16
MNSSA016516,16013,0.5144458913633655,16,16
MNSSA016521,16075,0.7565182414223081,16,16
MNSSA016533,16069,0.7341495236702696,16,16
MNSSA016545,16035,0.9773715833121773,16,16
MNSSA016550,16008,0.9649917172832689,16,16
MNSSA016731,16045,1,16,16
MNSSA017400,16006,0.7618250780901383,16,16
MSSSA000080,17003,0.7791590326126786,17,17
MSSSA000355,17006,0.8027257259088062,17,17
MSSSA000454,17007,0.4900853578463559,17,17
MSSSA000466,17007,0.5552345171847446,17,17
MSSSA000961,17012,0.41451931841003536,17,17
MSSSA001504,17015,0.3015455153728871,17,17
MSSSA002344,17017,0.873382517671598,17,17
MSSSA002361,17029,0.5073321452094068,17,17
MSSSA002373,17018,0.8358998862894056,17,17
MSSSA002385,17016,0.4998557023795989,17,17
MSSSA002740,17013,0.3254521888087748,17,17
MSSSA002863,17008,0.21860018600186001,17,17
MSSSA003020,17003,0.6645772353233556,17,17
MSSSA003131,17012,0.33875236294896033,17,17
NLSSA000732,19011,0.8222397130778406,19,19
NLSSA000855,19014,0.7233888974437943,19,19
NLSSA001263,19017,0.96029452884705,19,19
NLSSA002581,19033,0.9730374561885056,19,19
NLSSA002972,19038,0.9303974716168837,19,19
NLSSA003141,19039,0.9619047619047619,19,19
NLSSA003153,19039,0.3960249367323005,19,19
NLSSA003911,19044,0.9386631361988296,19,19
NLSSA004046,19046,0.40896448143574055,19,19
NLSSA004915,19021,0.9035651665692578,19,19
NLSSA004920,19041,0.9670450735258898,19,19
NLSSA004932,19017,0.9357128371527074,19,19
NLSSA004944,19038,0.6543970955624652,19,19
NLSSA004985,19031,0.9226190476190477,19,19
NLSSA004990,19044,0.8150058226584594,19,19
NLSSA005002,88997,0.377315194230454,19,88
NLSSA014295,19026,0.3925693363217958,19,19
NLSSA014872,19049,0.9666666666666667,19,19
NTIMO000705,18017,0.5481171548117155,18,18
NTIMO000775,18019,1,18,18
NTIMO000874,18012,0.8461538461538461,18,18
NTIST000190,18012,1,18,18
NTSSA000013,18001,0.92336382552707,18,18
NTSSA000211,18003,1,18,18
NTSSA000375,18005,1,18,18
NTSSA000474,18006,0.6434196988120849,18,18
NTSSA000561,18008,1,18,18
NTSSA000573,18008,1,18,18
NTSSA000585,18014,1,18,18
NTSSA000614,18008,1,18,18
NTSSA000631,18008,1,18,18
NTSSA000660,18009,0.9481646627916236,18,18
NTSSA000696,18009,0.9682539682539683,18,18
NTSSA000713,18009,0.9696969696969697,18,18
NTSSA000730,18009,0.9,18,18
NTSSA000800,18010,0.8210699835156601,18,18
NTSSA001005,18012,0.8333333333333334,18,18
NTSSA001022,18012,1,18,18
NTSSA001080,18012,0.5,18,18
NTSSA001092,18012,1,18,18
NTSSA001104,18012,1,18,18
NTSSA001116,18012,0.875,18,18
NTSSA001133,18012,1,18,18
NTSSA001232,18014,1,18,18
NTSSA001495,18016,0.9945490357748157,18,18
NTSSA001594,18017,0.7720373157998077,18,18
NTSSA001710,18017,0.9980170774149164,18,18
NTSSA001746,18017,1,18,18
NTSSA001763,18017,1,18,18
NTSSA001775,18017,0.9574468085106383,18,18
NTSSA001792,18017,1,18,18
NTSSA001816,18017,1,18,18
NTSSA001845,18018,0.8451741624407682,18,18
NTSSA001903,18019,0.7272727272727273,18,18
NTSSA001956,18019,1,18,18
NTSSA001961,18019,1,18,18
NTSSA002084,18020,0.7290143141439087,18,18
NTSSA002154,18009,1,18,18
NTSSA002166,18015,0.8590130426318863,18,18
NTSSA003550,18012,0.9306703397612488,18,18
NTSSA015425,18019,0.8651359197677487,18,18
NTSSA015874,18020,0.9608042931866042,18,18
NTSSA016031,18003,0.9059233449477352,18,18
NTSSA016043,18015,0.9755391899000526,18,18
NTSSA016055,18015,0.8917958656330749,18,18
NTSSA016060,18004,0.9943444266690701,18,18
NTSSA016072,18016,0.9612167678980384,18,18
NTSSA016096,18017,1,18,18
OCIMO000335,20039,0.7889908256880734,20,20
OCIMO000352,20041,0.5801952580195258,20,20
OCIMO000550,20059,0.7874015748031497,20,20
OCIMO001315,20156,0.5895522388059702,20,20
OCIMO004050,20469,0.4174757281553398,20,20
OCSSA000121,20006,0.549083638787071,20,20
OCSSA000343,20026,0.6787371211664759,20,20
OCSSA000384,20031,0.2447515745276417,20,20
OCSSA000524,20039,0.6436375555393692,20,20
OCSSA000594,20042,0.5572549191463254,20,20
OCSSA000640,20043,0.884796437659033,20,20
OCSSA000985,20067,0.7125105830378571,20,20
OCSSA001463,20067,0.1384548212151852,20,20
OCSSA002052,20177,0.8576721210250077,20,20
OCSSA002146,20184,0.9562046837236436,20,20
OCSSA002320,20190,0.7766138418837855,20,20
OCSSA003406,20570,0.16513119533527698,20,20
OCSSA003715,20324,0.6038726403629587,20,20
OCSSA003826,20327,0.6438916601032642,20,20
OCSSA004152,20364,0.7829076885736631,20,20
OCSSA005383,20482,0.7201260123423048,20,20
OCSSA007693,20043,0.7654195553430552,20,20
OCSSA016764,20014,0.7577672609771092,20,20
OCSSA018473,20515,0.8127558479532164,20,20
OCSSA018736,20386,0.601350220387212,20,20
OCSSA018922,20516,0.3953719180944421,20,20
OCSSA019132,20484,0.5278092686110825,20,20
OCSSA019844,20044,0.9942582358429628,20,20
OCSSA019873,20079,0.7742851702580051,20,20
OCSSA019996,20064,0.5850187265917604,20,20
OCSSA020025,20559,0.9312920268972142,20,20
OCSSA020030,20318,0.7216124526042706,20,20
OCSSA020100,20278,0.8987870897005413,20,20
OCSSA020445,20526,0.7939376180243537,20,20
OCSSA020655,20073,0.8609892144869306,20,20
OCSSA020684,20334,0.9889022778512011,20,20
OCSSA021080,20545,0.6948814723718247,20,20
OCSSA021116,20277,0.781936046194912,20,20
OCSSA021133,20413,0.8693770872658633,20,20
OCSSA021256,20307,0.8498624908794971,20,20
PLIMO000691,21053,0.7986425339366516,21,21
PLIMO002004,21142,0.2346368715083799,21,21
PLIMO002803,21197,0.4353182751540041,21,21
PLIMO003450,21107,1,21,21
PLSSA000011,21001,0.848645215918713,21,21
PLSSA000081,21003,0.7886612318279037,21,21
PLSSA000204,21006,0.9129390952741976,21,21
PLSSA000513,21025,0.7909202216780513,21,21
PLSSA000612,21035,0.839654822531237,21,21
PLSSA000834,21044,0.6492476432197244,21,21
PLSSA000863,21045,0.7450776712781529,21,21
PLSSA001370,21067,0.8949518529325942,21,21
PLSSA001411,21069,0.9969230769230769,21,21
PLSSA001575,21072,0.7241253422573776,21,21
PLSSA001645,21074,0.7398855882555655,21,21
PLSSA001802,21083,0.9793270970075973,21,21
PLSSA002106,21094,0.5981655349491887,21,21
PLSSA002280,21104,1,21,21
PLSSA002362,21109,0.9892926101456907,21,21
PLSSA002403,21110,0.9955391776570985,21,21
PLSSA002490,21114,0.9623643541220415,21,21
PLSSA002852,21114,0.9971014492753624,21,21
PLSSA003033,21119,1,21,21
PLSSA003132,21132,0.7968938146609982,21,21
PLSSA003260,21114,0.618475660368146,21,21
PLSSA003371,29019,1,21,29
PLSSA003552,21154,0.86409817925762,21,21
PLSSA003646,21155,0.6330307012304384,21,21
PLSSA003663,21156,0.9577619683742894,21,21
PLSSA003762,21160,1,21,21
PLSSA004071,21174,0.7082952954780598,21,21
PLSSA004404,21186,0.7195775353659947,21,21
PLSSA004503,21191,0.7728560001729468,21,21
PLSSA004614,21197,0.9972577696526508,21,21
PLSSA005104,21210,0.6913743657621884,21,21
PLSSA005232,21217,0.9822096081960404,21,21
PLSSA005331,21019,0.9468235923498729,21,21
PLSSA005606,21183,0.9815955894275985,21,21
PLSSA005640,21004,0.96513470681458,21,21
PLSSA005664,21010,0.9413065919480903,21,21
PLSSA005676,21177,0.9649371618083435,21,21
PLSSA005693,21111,0.83408021822028,21,21
PLSSA005710,21114,0.9617593750797744,21,21
PLSSA005722,21195,0.9847832517172248,21,21
PLSSA005734,21145,0.43727444578106206,21,21
PLSSA005763,21195,1,21,21
PLSSA005891,21067,0.8624958622972526,21,21
PLSSA006026,21069,0.9912426253687315,21,21
PLSSA006043,21114,0.8886906885479843,21,21
PLSSA006060,21119,0.9856722120512617,21,21
PLSSA006294,21114,0.9969924812030075,21,21
PLSSA008263,21197,0.9824185152916471,21,21
PLSSA008272,21156,0.8266112563306649,21,21
PLSSA008281,21207,0.9096013317157126,21,21
PLSSA008425,21114,0.6133234617686903,21,21
PLSSA008434,21010,0.9983128464690287,21,21
PLSSA008452,21156,0.9958297317380161,21,21
PLSSA008461,21179,0.9947563511436579,21,21
PLSSA008485,21174,0.591502739187721,21,21
PLSSA008503,21015,0.9845995893223819,21,21
PLSSA008512,21128,0.38217000691085,21,21
PLSSA008572,21003,0.846277009856486,21,21
PLSSA008641,21186,0.5660323132864337,21,21
PLSSA008803,21189,0.8338372732270478,21,21
PLSSA008845,21164,0.9818248289549276,21,21
PLSSA008854,21140,0.9640506039269563,21,21
PLSSA008872,21186,0.9738762061661568,21,21
PLSSA008881,21114,0.3600100351229303,21,21
PLSSA008890,21149,0.9531523642732049,21,21
PLSSA008941,21001,0.8352793740066022,21,21
PLSSA008950,21053,0.9423830375662595,21,21
PLSSA008974,21174,0.9827827888834715,21,21
PLSSA009001,21074,0.5973197498177353,21,21
PLSSA009025,21085,0.9790290544597903,21,21
PLSSA009061,21099,0.9786050492083869,21,21
PLSSA009070,21001,0.9912410105107874,21,21
PLSSA009121,21094,0.9074550128534704,21,21
PLSSA009130,21078,0.9966226780911877,21,21
PLSSA009172,21132,0.996427099079291,21,21
PLSSA009214,21114,0.9794666666666667,21,21
PLSSA009223,21114,0.9975478175576263,21,21
PLSSA009232,21110,0.9630706534181968,21,21
PLSSA009241,21114,0.9841584158415841,21,21
PLSSA009265,21205,0.9904769689786243,21,21
PLSSA009274,21063,0.9265554506347707,21,21
PLSSA009283,21197,0.9664517364657814,21,21
PLSSA009292,21019,0.7476844379330039,21,21
PLSSA009343,21104,0.9627236580516899,21,21
PLSSA009394,21114,0.948321537305761,21,21
PLSSA009412,21163,0.9876688826935449,21,21
PLSSA015090,21116,0.5519568151147098,21,21
PLSSA015230,21114,0.9917374099598626,21,21
PLSSA015411,21082,0.7374541667570675,21,21
PLSSA015423,21164,0.7539117079873902,21,21
PLSSA015534,21114,0.42937123169681307,21,21
PLSSA015551,21208,0.7710419135575443,21,21
PLSSA016543,21071,0.7436703884258531,21,21
PLSSA016806,21085,0.7328510484617294,21,21
PLSSA016811,21206,0.5537611679490432,21,21
PLSSA016835,21043,0.9199949866310161,21,21
PLSSA016852,21172,0.9529338180680974,21,21
PLSSA016893,21154,0.5768434834023144,21,21
PLSSA017021,21109,0.9492794160739497,21,21
PLSSA017065,21041,0.9799156118143459,21,21
PLSSA017074,21143,0.8968335035750766,21,21
PLSSA017134,21114,0.9961685823754789,21,21
PLSSA017143,21194,0.8100308488406807,21,21
QRSSA000011,23001,0.9984134460447706,23,23
QRSSA000023,23002,0.9821191074331314,23,23
QRSSA000221,23002,1,23,23
QRSSA000356,23003,0.9982520347408095,23,23
QRSSA000361,23004,0.9792622281600237,23,23
QRSSA000373,23004,0.9907792442596276,23,23
QRSSA000460,23010,0.9563463987547757,23,23
QRSSA001044,23005,0.9935567828350156,23,23
QRSSA001312,23006,0.9489306744303132,23,23
QRSSA001423,23007,0.9893866233207439,23,23
QRSSA001633,23009,1,23,23
QRSSA001826,23003,0.9802360937220533,23,23
QRSSA018001,23008,0.9553870382869469,23,23
QRSSA018062,23005,0.9578800124339447,23,23
QTSSA000475,22004,0.5444891866405066,22,22
QTSSA001052,22009,0.47166873838504425,22,22
QTSSA001740,22014,0.9790833975983254,22,22
QTSSA001752,22014,0.9945803715194597,22,22
QTSSA002901,22014,0.900665078865771,22,22
QTSSA003451,22001,0.9540615278257863,22,22
QTSSA012911,22018,0.9832968138223356,22,22
QTSSA012935,22016,0.9396501128668172,22,22
SLSME000016,25006,0.9959636922696139,25,25
SLSME000021,25006,0.9902909143020923,25,25
SLSSA000024,25001,0.7905891392984891,25,25
SLSSA000193,25002,0.9925964702363147,25,25
SLSSA000246,25003,0.9870834154999014,25,25
SLSSA000473,25004,0.9885755581524079,25,25
SLSSA000572,25005,0.9979591836734694,25,25
SLSSA000666,25006,0.8408896106825461,25,25
SLSSA000671,25006,0.9302047781569965,25,25
SLSSA000811,25006,0.9982553067752253,25,25
SLSSA000963,25007,0.9897176155709518,25,25
SLSSA001132,25009,0.8571428571428571,25,25
SLSSA001255,25011,0.9176541034204095,25,25
SLSSA001540,25012,0.9994166863330943,25,25
SLSSA001716,25013,0.9736664655570146,25,25
SLSSA001873,25014,0.9934485948332586,25,25
SLSSA001885,25014,0.9387755102040817,25,25
SLSSA002136,25017,0.9955054037804467,25,25
SLSSA002491,25018,0.9975272642444742,25,25
SLSSA002556,25006,0.9291752969522763,25,25
SLSSA002585,25012,0.9852744926602549,25,25
SLSSA017570,25016,0.9975746707431796,25,25
SLSSA017582,25006,1,25,25
SLSSA017594,25008,0.9397056032028163,25,25
SLSSA017606,25006,0.9554113301342907,25,25
SLSSA018113,25015,0.7956267577807219,25,25
SLSSA018253,25009,0.9524068322981366,25,25
SLSSA018265,25006,0.9954139585737715,25,25
SPIMO000283,24008,0.5628803245436106,24,24
SPIMO000546,24015,0.7551100628930818,24,24
SPIMO000732,24020,0.7986111111111112,24,24
SPIMO001461,24038,1,24,24
SPIMO002475,24053,0.5802348336594912,24,24
SPSSA000011,24001,0.9515951595159516,24,24
SPSSA000040,24003,1,24,24
SPSSA000064,24003,0.7468623428541371,24,24
SPSSA000262,24010,0.9975844299254624,24,24
SPSSA000356,24013,0.7295195512884489,24,24
SPSSA000752,24020,0.7683467641851306,24,24
SPSSA000945,24024,0.5171331434621177,24,24
SPSSA001032,24025,0.9646957552179406,24,24
SPSSA001102,24028,0.6357781248070018,24,24
SPSSA001563,24028,0.5908545821762181,24,24
SPSSA001703,24037,0.8398802626496716,24,24
SPSSA002420,24053,0.9503746642160328,24,24
SPSSA002654,24056,0.9763473950815654,24,24
SPSSA002770,24016,0.9314651553316541,24,24
SPSSA002992,24020,0.6836874698705826,24,24
SPSSA003366,24025,0.6666666666666666,24,24
SPSSA003482,24028,0.4782608695652174,24,24
SPSSA017132,24040,0.9500179147259047,24,24
SPSSA017144,24054,0.9813494678408116,24,24
SPSSA017296,24025,1,24,24
SPSSA017301,24028,0.928250790175991,24,24
SPSSA017313,24035,0.46205152901516977,24,24
SRSSA000055,26003,0.9909115209836942,26,26
SRSSA000504,26017,0.9749481053359925,26,26
SRSSA000562,26018,0.9898923065336905,26,26
SRSSA000726,26019,0.9979593749023936,26,26
SRSSA001006,26029,0.6666666666666666,26,26
SRSSA001011,26029,0.9121939956349883,26,26
SRSSA001105,26030,0.9850890966621464,26,26
SRSSA001110,26030,0.921979810942968,26,26
SRSSA001583,26036,0.9172405502412887,26,26
SRSSA001612,26038,0.5986744078507938,26,26
SRSSA001670,26042,0.9490164103429208,26,26
SRSSA001851,26043,0.9920979292341341,26,26
SRSSA002085,26055,0.9949188546180644,26,26
SRSSA002143,26058,0.98768253591357,26,26
SRSSA002295,26066,0.8576946847960445,26,26
SRSSA006261,26017,0.8793669175834781,26,26
SRSSA006285,26019,0.9720213666862094,26,26
SRSSA006290,26036,0.8610471806674338,26,26
SRSSA017666,26048,0.9875215414322197,26,26
SRSSA017671,26002,0.9887930101443428,26,26
SRSSA018313,26033,0.961964175490954,26,26
TCSSA000014,27001,0.9935967715598685,27,27
TCSSA000306,27002,0.8747962408516301,27,27
TCSSA000690,27003,0.9972362412881519,27,27
TCSSA000941,27003,0.9971369170322604,27,27
TCSSA001040,27004,0.7567125283429263,27,27
TCSSA001052,27004,0.5070435738130081,27,27
TCSSA001064,27004,0.8247021721898115,27,27
TCSSA001076,27004,0.8416201332722465,27,27
TCSSA001081,27004,0.7630892232524569,27,27
TCSSA001962,27005,1,27,27
TCSSA002003,27006,0.9574701437972215,27,27
TCSSA002353,27007,0.859800151682478,27,27
TCSSA002423,27008,0.9874672988109517,27,27
TCSSA002971,27009,0.9837819222780642,27,27
TCSSA003135,27010,0.9843056316077672,27,27
TCSSA003321,27011,1,27,27
TCSSA003514,27012,0.968986083499006,27,27
TCSSA003922,27012,0.9900079232326789,27,27
TCSSA003963,27013,0.9741778126326543,27,27
TCSSA004296,27014,0.9832548976688191,27,27
TCSSA004301,27015,0.9292356516970609,27,27
TCSSA004564,27016,0.9015637385602076,27,27
TCSSA004716,27017,0.979927695344556,27,27
TCSSA016756,27008,0.8676987352841158,27,27
TCSSA017420,27005,0.9461122839660786,27,27
TCSSA017432,27011,0.9695121951219512,27,27
TCSSA017671,27005,0.9927799327644169,27,27
TCSSA017782,27003,0.9857439966284002,27,27
TLSSA000261,29007,0.8056915693023706,29,29
TLSSA000722,29018,0.7668241137514609,29,29
TLSSA000944,29025,0.9273018985649345,29,29
TLSSA001142,29033,0.6466025172595291,29,29
TLSSA001183,29034,0.9253083068331652,29,29
TLSSA001376,29005,0.2825244068645176,29,29
TLSSA001480,29044,0.6546477060283796,29,29
TLSSA001883,29025,0.5896704377766847,29,29
TLSSA001900,29034,0.8771186440677966,29,29
TLSSA017645,29033,0.10121003066141042,29,29
TLSSA017831,29006,0.673419922830281,29,29
TLSSA017913,29033,0.20433037583000238,29,29
TLSSA017925,29023,0.39847128906781276,29,29
TLSSA017983,29013,0.8691038184794609,29,29
TSIMO000661,28034,0.8546712802768166,28,28
TSIMO000796,28037,0.9517167381974249,28,28
TSIMO000871,28039,0.7986348122866894,28,28
TSIMO001250,28016,0.8439803439803439,28,28
TSSSA000010,28001,0.8443018637335777,28,28
TSSSA000092,28002,0.9969725758439419,28,28
TSSSA000401,28009,0.7206984541095969,28,28
TSSSA001031,28022,0.9962611386909831,28,28
TSSSA001550,28027,0.9959672010195184,28,28
TSSSA001562,28027,0.9960557183956309,28,28
TSSSA001772,28032,0.99614046476716,28,28
TSSSA002192,28035,0.9886563639047543,28,28
TSSSA002431,28038,0.9202832000267169,28,28
TSSSA002443,28038,0.5061147695202258,28,28
TSSSA002793,28041,0.9542419681032811,28,28
TSSSA002805,28041,0.9132136880728311,28,28
TSSSA002810,28041,0.7548531354812481,28,28
TSSSA003155,28017,0.9973903966597077,28,28
TSSSA003592,28041,0.9441637190500253,28,28
TSSSA003604,28038,0.6054114994363021,28,28
TSSSA003621,28032,0.9636363636363636,28,28
TSSSA003633,28032,0.9622641509433962,28,28
TSSSA003650,28021,0.7637040979244278,28,28
TSSSA003662,28003,0.6832669322709163,28,28
TSSSA003732,28022,0.9889368591473287,28,28
TSSSA005151,28038,0.8380218149737338,28,28
TSSSA005160,28038,0.42922008547008544,28,28
TSSSA018000,28021,0.8406819820747914,28,28
TSSSA018070,28032,0.9872084063047285,28,28
TSSSA018514,28003,0.9141323539798009,28,28
TSSSA018526,28033,0.9945842625039821,28,28
TSSSA018951,28040,0.9539572914185918,28,28
TSSSA018975,28025,0.9834250941756013,28,28
VZIMO002875,30124,0.8,30,30
VZIMO005004,30168,0.5,30,30
VZIMO006153,30023,0.6607142857142857,30,30
VZSSA000310,30010,0.9064089251005139,30,30
VZSSA000351,30011,0.9971434471365639,30,30
VZSSA000416,30013,0.8359298430391597,30,30
VZSSA000976,30032,0.9577108550940144,30,30
VZSSA001121,30038,0.7875534891985134,30,30
VZSSA001150,30039,0.8842703424010555,30,30
VZSSA001355,30044,0.703484049350589,30,30
VZSSA001384,30045,0.5421962908939363,30,30
VZSSA002306,30069,0.63501393901411185,30,30
VZSSA002393,30071,0.5164026211015262,30,30
VZSSA002434,30072,0.9580416283619735,30,30
VZSSA002690,30082,0.5312752725954433,30,30
VZSSA002965,30087,0.9169562842514061,30,30
VZSSA002970,30087,0.7571937981680258,30,30
VZSSA002982,30087,0.49852549809393654,30,30
VZSSA003163,30091,0.9100520992951272,30,30
VZSSA003361,30102,0.7749321804001357,30,30
VZSSA003595,30108,0.7044119125949976,30,30
VZSSA003740,30109,0.7583564025715528,30,30
VZSSA003880,30112,0.594551441971859,30,30
VZSSA004032,30118,0.40057636887608067,30,30
VZSSA004085,30121,0.9826060296371998,30,30
VZSSA004160,30123,0.9895849024122572,30,30
VZSSA004370,30124,0.9899929550403485,30,30
VZSSA004580,30128,0.8168946946723598,30,30
VZSSA004674,30130,0.9715712639262389,30,30
VZSSA004744,30131,0.5320928836703305,30,30
VZSSA004860,30118,0.17463528549220336,30,30
VZSSA004913,30141,0.9865075587216651,30,30
VZSSA005106,30143,0.915242637909581,30,30
VZSSA005560,30155,0.9874200594783799,30,30
VZSSA005980,30161,0.9686830086680959,30,30
VZSSA006045,30164,0.7503718698623243,30,30
VZSSA006313,30174,0.7907126082489359,30,30
VZSSA006576,30178,0.9786666666666667,30,30
VZSSA006716,30183,0.9681734814974646,30,30
VZSSA006815,30189,0.9630804730314393,30,30
VZSSA006972,30193,0.977396254948183,30,30
VZSSA007573,30210,0.8785481682496608,30,30
VZSSA007660,30016,0.7450861315598477,30,30
VZSSA007684,30104,0.41805424651795997,30,30
VZSSA007696,30184,0.2603228042380434,30,30
VZSSA007701,30173,0.7262783368913287,30,30
VZSSA007713,30083,0.9867241882372556,30,30
VZSSA007725,30066,0.45580150916577833,30,30
VZSSA007730,30193,0.9615474839437763,30,30
VZSSA007742,30034,0.7638876484772706,30,30
VZSSA007754,30181,0.993781608516835,30,30
VZSSA007882,30003,0.45759894118406613,30,30
VZSSA008775,30128,0.6217189912506433,30,30
VZSSA010212,30028,0.9506123650977879,30,30
VZSSA015411,30077,0.8475105825438419,30,30
VZSSA015435,30061,0.9508974482030468,30,30
VZSSA015545,30129,0.823108240909729,30,30
VZSSA015661,30112,0.4840351016308514,30,30
VZSSA015801,30169,0.9933654815935451,30,30
VZSSA015871,30048,0.7874410710918348,30,30
VZSSA015883,30061,1,30,30
VZSSA015895,30039,0.996764917325665,30,30
VZSSA016035,30160,0.9688477296419307,30,30
VZSSA016052,30009,0.7324997586173603,30,30
VZSSA016076,30147,0.9843184559710495,30,30
YNSME000016,31050,0.5104166666666666,31,31
YNSSA000565,31050,0.9241796185015223,31,31
YNSSA000570,31050,0.7282314764737696,31,31
YNSSA001224,31096,0.8410271981954627,31,31
YNSSA001871,31102,0.7864112757499097,31,31
YNSSA013423,31050,0.4791977188775841,31,31
YNSSA013440,31102,0.5496184843782403,31,31
YNSSA013464,31058,0.43201376936316693,31,31
YNSSA013476,31079,0.5415029943975788,31,31
ZSIMO000820,32038,0.6,32,32
ZSIMO000914,32039,0.92,32,32
ZSIMO001182,32048,0.711864406779661,32,32
ZSIMO001404,32055,0.8108695652173913,32,32
ZSSSA000152,32010,0.8073479853479854,32,32
ZSSSA000572,32019,0.9761296812132467,32,32
ZSSSA000613,32020,0.9435407573299207,32,32
ZSSSA000695,32022,0.6660691958625875,32,32
ZSSSA000700,32023,0.9234208870193104,32,32
ZSSSA000922,32034,0.9739059967585089,32,32
ZSSSA001016,32036,0.8795552309065823,32,32
ZSSSA001313,32042,0.9963978714695048,32,32
ZSSSA001395,32044,0.9001521522176594,32,32
ZSSSA001506,32049,0.998251053342873,32,32
ZSSSA001861,32057,0.9649818301949125,32,32
ZSSSA002136,32005,0.9757385778083133,32,32
ZSSSA002141,32051,0.8653491724603566,32,32
ZSSSA002310,32042,0.9742029690922366,32,32
ZSSSA012450,32017,0.32720652180011556,32,32
ZSSSA012771,32017,0.18617021276595744,32,32
ZSSSA012853,32024,0.7213958929578642,32,32
ZSSSA013143,32056,0.5737714313425532,32,32
ZSSSA013172,32017,0.7807341409086749,32,32
