agem,name,reports,years_reporting,first_year,last_year,mean_rate
01005,Jesús María,FALSE,0,,,
01011,San Francisco de los Romo,FALSE,0,,,
01001,Aguascalientes,TRUE,14,2008,2021,10321.5
01008,San José de Gracia,FALSE,0,,,
01007,Rincón de Romos,TRUE,14,2008,2021,37086.6
01009,Tepezalá,FALSE,0,,,
01004,Cosío,FALSE,0,,,
01002,Asientos,FALSE,0,,,
01003,Calvillo,TRUE,14,2008,2021,29925.3
01010,El Llano,FALSE,0,,,
01006,Pabellón de Arteaga,TRUE,14,2008,2021,53087
15001,Acambay de Ruíz Castañeda,TRUE,14,2008,2021,10955.7
15003,Aculco,FALSE,0,,,
15004,Almoloya de Alquisiras,FALSE,0,,,
15005,Almoloya de Juárez,FALSE,0,,,
15006,Almoloya del Río,FALSE,0,,,
15007,Amanalco,FALSE,0,,,
15008,Amatepec,FALSE,0,,,
15012,Atizapán,TRUE,14,2008,2021,22075.9
15014,Atlacomulco,TRUE,14,2008,2021,13294.7
15018,Calimaya,FALSE,0,,,
15019,Capulhuac,FALSE,0,,,
15021,Coatepec Harinas,TRUE,14,2008,2021,21522.5
15026,Chapa de Mota,FALSE,0,,,
15027,Chapultepec,FALSE,0,,,
15032,Donato Guerra,FALSE,0,,,
15038,Isidro Fabela,FALSE,0,,,
15040,Ixtapan de la Sal,TRUE,14,2008,2021,55003.3
15041,Ixtapan del Oro,FALSE,0,,,
15042,Ixtlahuaca,TRUE,14,2008,2021,10020
15043,Xalatlaco,TRUE,14,2008,2021,23906.9
15045,Jilotepec,TRUE,14,2008,2021,17176.2
15046,Jilotzingo,FALSE,0,,,
15047,Jiquipilco,TRUE,11,2011,2021,11363.3
15048,Jocotitlán,FALSE,0,,,
15049,Joquicingo,FALSE,0,,,
15051,Lerma,TRUE,3,2019,2021,2817
15052,Malinalco,TRUE,14,2008,2021,11839.3
15054,Metepec,FALSE,0,,,
15055,Mexicaltzingo,FALSE,0,,,
15056,Morelos,FALSE,0,,,
15060,Nicolás Romero,TRUE,9,2013,2021,4960.1
15062,Ocoyoacac,FALSE,0,,,
15063,Ocuilan,FALSE,0,,,
15064,El Oro,TRUE,14,2008,2021,10424
15066,Otzoloapan,FALSE,0,,,
15067,Otzolotepec,TRUE,13,2009,2021,5020.8
15071,Polotitlán,FALSE,0,,,
15072,Rayón,FALSE,0,,,
15073,San Antonio la Isla,FALSE,0,,,
15074,San Felipe del Progreso,TRUE,14,2008,2021,13574.8
15076,San Mateo Atenco,FALSE,0,,,
15077,San Simón de Guerrero,FALSE,0,,,
15078,Santo Tomás,FALSE,0,,,
15079,Soyaniquilpan de Juárez,FALSE,0,,,
15080,Sultepec,TRUE,14,2008,2021,15880.9
15082,Tejupilco,TRUE,14,2008,2021,16623.6
15085,Temascalcingo,FALSE,0,,,
15086,Temascaltepec,TRUE,14,2008,2021,18829.7
15087,Temoaya,TRUE,14,2008,2021,11752.7
15088,Tenancingo,TRUE,14,2008,2021,30994.5
15090,Tenango del Valle,TRUE,14,2008,2021,10265.6
15095,Tepotzotlán,TRUE,1,2020,2020,6090.7
15097,Texcaltitlán,TRUE,14,2008,2021,23110
15098,Texcalyacac,FALSE,0,,,
15101,Tianguistenco,FALSE,0,,,
15102,Timilpan,FALSE,0,,,
15105,Tlatlaya,TRUE,14,2008,2021,19860.1
15106,Toluca,TRUE,14,2008,2021,7155
15107,Tonatico,FALSE,0,,,
15110,Valle de Bravo,TRUE,14,2008,2021,31753
15111,Villa de Allende,FALSE,0,,,
15112,Villa del Carbón,TRUE,12,2008,2021,17628.6
15113,Villa Guerrero,TRUE,12,2010,2021,11919.6
15114,Villa Victoria,TRUE,14,2008,2021,14525.5
15115,Xonacatlán,TRUE,14,2008,2021,21429.5
15116,Zacazonapan,FALSE,0,,,
15117,Zacualpan,TRUE,14,2008,2021,27846.7
15118,Zinacantepec,FALSE,0,,,
15119,Zumpahuacán,FALSE,0,,,
15123,Luvianos,FALSE,0,,,
15124,San José del Rincón,FALSE,0,,,
02005,Playas de Rosarito,TRUE,11,2008,2021,10967.1
02004,Tijuana,TRUE,14,2008,2021,2476.3
02001,Ensenada,TRUE,14,2008,2021,7242.8
02002,Mexicali,TRUE,14,2008,2021,4760.6
02003,Tecate,TRUE,14,2008,2021,17274.5
03009,Loreto,TRUE,13,2009,2021,27330.1
03002,Mulegé,TRUE,14,2008,2021,6470.9
03001,Comondú,TRUE,13,2008,2021,24971.3
03003,La Paz,TRUE,14,2008,2021,6867.3
03008,Los Cabos,TRUE,14,2008,2021,10005.5
04003,Carmen,TRUE,14,2008,2021,9688.1
04007,Palizada,TRUE,14,2008,2021,28322.5
04001,Calkiní,TRUE,14,2008,2021,10037.3
04005,Hecelchakán,FALSE,0,,,
04002,Campeche,TRUE,14,2008,2021,11593.1
04011,Candelaria,TRUE,13,2009,2021,11136.4
04010,Calakmul,TRUE,11,2010,2021,8335.9
04009,Escárcega,TRUE,13,2009,2021,16716.2
04008,Tenabo,FALSE,0,,,
04006,Hopelchén,TRUE,14,2008,2021,13812.6
04004,Champotón,TRUE,14,2008,2021,11020.7
05030,Saltillo,TRUE,14,2008,2021,1956
05006,Castaños,FALSE,0,,,
05027,Ramos Arizpe,FALSE,0,,,
05026,Progreso,FALSE,0,,,
05015,Juárez,FALSE,0,,,
05013,Hidalgo,FALSE,0,,,
05005,Candela,FALSE,0,,,
05004,Arteaga,FALSE,0,,,
05035,Torreón,TRUE,9,2008,2021,1583.4
05038,Zaragoza,TRUE,3,2008,2019,1350
05037,Villa Unión,FALSE,0,,,
05036,Viesca,FALSE,0,,,
05034,Sierra Mojada,FALSE,0,,,
05033,San Pedro,TRUE,14,2008,2021,8063.6
05032,San Juan de Sabinas,TRUE,12,2010,2021,11711.1
05031,San Buenaventura,FALSE,0,,,
05029,Sacramento,FALSE,0,,,
05028,Sabinas,TRUE,10,2012,2021,2988.3
05025,Piedras Negras,TRUE,14,2008,2021,5462.4
05024,Parras,TRUE,11,2011,2021,2932.9
05023,Ocampo,FALSE,0,,,
05022,Nava,FALSE,0,,,
05021,Nadadores,FALSE,0,,,
05020,Múzquiz,TRUE,11,2011,2021,6256.9
05019,Morelos,FALSE,0,,,
05018,Monclova,TRUE,13,2008,2021,4140.5
05017,Matamoros,TRUE,14,2008,2021,4381.4
05016,Lamadrid,FALSE,0,,,
05014,Jiménez,FALSE,0,,,
05012,Guerrero,FALSE,0,,,
05011,General Cepeda,TRUE,12,2008,2021,650.4
05010,Frontera,FALSE,0,,,
05009,Francisco I. Madero,TRUE,12,2008,2021,7826.4
05008,Escobedo,FALSE,0,,,
05007,Cuatro Ciénegas,TRUE,10,2010,2021,19910.7
05003,Allende,TRUE,10,2012,2021,17512.1
05002,Acuña,TRUE,14,2008,2021,6511.5
05001,Abasolo,FALSE,0,,,
06001,Armería,FALSE,0,,,
06002,Colima,TRUE,14,2008,2021,15777
06003,Comala,FALSE,0,,,
06004,Coquimatlán,FALSE,0,,,
06005,Cuauhtémoc,FALSE,0,,,
06006,Ixtlahuacán,TRUE,10,2010,2021,50049.1
06007,Manzanillo,TRUE,12,2010,2021,11338
06008,Minatitlán,FALSE,0,,,
06009,Tecomán,TRUE,14,2008,2021,26327.2
06010,Villa de Álvarez,TRUE,4,2018,2021,3665.9
07027,Chiapa de Corzo,TRUE,1,2021,2021,240.8
07101,Tuxtla Gutiérrez,TRUE,14,2008,2021,7683.4
07099,La Trinitaria,FALSE,0,,,
07102,Tuxtla Chico,FALSE,0,,,
07055,Metapa,FALSE,0,,,
07115,Maravilla Tenejapa,FALSE,0,,,
07059,Ocosingo,TRUE,12,2009,2021,1202
07089,Tapachula,TRUE,11,2009,2021,4540.9
07041,La Independencia,FALSE,0,,,
07003,Acapetahua,FALSE,0,,,
07032,Escuintla,FALSE,0,,,
07050,La Libertad,FALSE,0,,,
07097,Tonalá,TRUE,14,2008,2021,15159.4
07092,Tecpatán,FALSE,0,,,
07090,Tapalapa,FALSE,0,,,
07088,Sunuapa,FALSE,0,,,
07079,San Fernando,FALSE,0,,,
07074,Reforma,TRUE,4,2018,2021,24089.3
07062,Ostuacán,TRUE,2,2020,2021,4513.8
07060,Ocotepec,FALSE,0,,,
07048,Juárez,FALSE,0,,,
07043,Ixtacomitán,FALSE,0,,,
07033,Francisco León,FALSE,0,,,
07025,Chapultenango,FALSE,0,,,
07021,Copainalá,TRUE,1,2021,2021,1526.4
07009,Arriaga,TRUE,14,2008,2021,45777.4
07042,Ixhuatán,FALSE,0,,,
07040,Huixtla,TRUE,14,2008,2021,16245.3
07039,Huitiupán,FALSE,0,,,
07038,Huixtán,FALSE,0,,,
07037,Huehuetán,FALSE,0,,,
07035,Frontera Hidalgo,FALSE,0,,,
07034,Frontera Comalapa,TRUE,7,2015,2021,8127.5
07031,Chilón,FALSE,0,,,
07030,Chicomuselo,FALSE,0,,,
07029,Chicoasén,FALSE,0,,,
07028,Chiapilla,FALSE,0,,,
07026,Chenalhó,FALSE,0,,,
07024,Chanal,FALSE,0,,,
07023,Chamula,TRUE,7,2015,2021,1682.2
07022,Chalchihuitán,TRUE,9,2011,2021,1465.4
07019,Comitán de Domínguez,TRUE,13,2009,2021,45799
07018,Coapilla,FALSE,0,,,
07016,Catazajá,FALSE,0,,,
07015,Cacahoatán,FALSE,0,,,
07014,El Bosque,FALSE,0,,,
07013,Bochil,FALSE,0,,,
07010,Bejucal de Ocampo,FALSE,0,,,
07008,Angel Albino Corzo,TRUE,10,2011,2021,14637.2
07007,Amatenango del Valle,FALSE,0,,,
07006,Amatenango de la Frontera,FALSE,0,,,
07005,Amatán,TRUE,1,2021,2021,2400.2
07004,Altamirano,FALSE,0,,,
07002,Acala,TRUE,14,2008,2021,26372.5
07001,Acacoyagua,FALSE,0,,,
07119,Santiago el Pinar,FALSE,0,,,
07118,San Andrés Duraznal,FALSE,0,,,
07117,Montecristo de Guerrero,FALSE,0,,,
07116,Marqués de Comillas,FALSE,0,,,
07114,Benemérito de las Américas,FALSE,0,,,
07113,Aldama,FALSE,0,,,
07112,San Juan Cancuc,FALSE,0,,,
07111,Zinacantán,FALSE,0,,,
07110,San Lucas,FALSE,0,,,
07109,Yajalón,TRUE,14,2008,2021,14647.3
07108,Villaflores,TRUE,14,2008,2021,11025.5
07107,Villa Corzo,TRUE,12,2009,2021,4213.5
07106,Venustiano Carranza,FALSE,0,,,
07105,Unión Juárez,FALSE,0,,,
07104,Tzimol,FALSE,0,,,
07103,Tuzantán,FALSE,0,,,
07100,Tumbalá,FALSE,0,,,
07098,Totolapa,FALSE,0,,,
07094,Teopisca,TRUE,11,2011,2021,1368
07093,Tenejapa,FALSE,0,,,
07091,Tapilula,TRUE,3,2014,2021,10286.3
07087,Suchiate,FALSE,0,,,
07086,Suchiapa,FALSE,0,,,
07084,Solosuchiapa,FALSE,0,,,
07082,Sitalá,FALSE,0,,,
07081,Simojovel,TRUE,2,2020,2021,591.7
07080,Siltepec,FALSE,0,,,
07077,Salto de Agua,TRUE,3,2019,2021,533.3
07076,Sabanilla,FALSE,0,,,
07075,Las Rosas,TRUE,2,2019,2021,3621.6
07073,Rayón,FALSE,0,,,
07072,Pueblo Nuevo Solistahuacán,FALSE,0,,,
07071,Villa Comaltitlán,FALSE,0,,,
07070,El Porvenir,TRUE,11,2009,2021,1791.6
07069,Pijijiapan,TRUE,8,2014,2021,8414.2
07068,Pichucalco,TRUE,14,2008,2021,40774.1
07067,Pantepec,FALSE,0,,,
07066,Pantelhó,FALSE,0,,,
07065,Palenque,TRUE,13,2008,2021,10670.1
07064,Oxchuc,TRUE,3,2019,2021,231.2
07063,Osumacinta,FALSE,0,,,
07058,Nicolás Ruíz,FALSE,0,,,
07057,Motozintla,FALSE,0,,,
07056,Mitontic,FALSE,0,,,
07054,Mazatán,FALSE,0,,,
07053,Mazapa de Madero,FALSE,0,,,
07052,Las Margaritas,TRUE,14,2008,2021,7278.6
07051,Mapastepec,FALSE,0,,,
07049,Larráinzar,TRUE,13,2009,2021,3316.6
07047,Jitotol,TRUE,1,2020,2020,24
07045,Ixtapangajoya,FALSE,0,,,
07044,Ixtapa,FALSE,0,,,
07096,Tila,TRUE,12,2008,2021,6132.1
07085,Soyaló,FALSE,0,,,
07046,Jiquipilas,FALSE,0,,,
07036,La Grandeza,FALSE,0,,,
07011,Bella Vista,FALSE,0,,,
07061,Ocozocoautla de Espinosa,FALSE,0,,,
07017,Cintalapa,TRUE,14,2008,2021,9330.1
07083,Socoltenango,FALSE,0,,,
07020,La Concordia,FALSE,0,,,
07012,Berriozábal,TRUE,1,2021,2021,2007.4
07078,San Cristóbal de las Casas,TRUE,14,2008,2021,6974.8
08006,Bachíniva,FALSE,0,,,
08037,Juárez,TRUE,13,2008,2021,1639
08013,Casas Grandes,FALSE,0,,,
08050,Nuevo Casas Grandes,TRUE,10,2012,2021,10453
08053,Praxedis G. Guerrero,FALSE,0,,,
08005,Ascensión,FALSE,0,,,
08025,Gómez Farías,TRUE,7,2014,2021,42839.6
08020,Chínipas,FALSE,0,,,
08023,Galeana,FALSE,0,,,
08028,Guadalupe,FALSE,0,,,
08030,Guazapares,FALSE,0,,,
08035,Janos,FALSE,0,,,
08040,Madera,TRUE,4,2017,2021,1494
08041,Maguarichi,FALSE,0,,,
08043,Matachí,FALSE,0,,,
08051,Ocampo,FALSE,0,,,
08063,Temósachic,FALSE,0,,,
08065,Urique,FALSE,0,,,
08066,Uruachi,FALSE,0,,,
08029,Guadalupe y Calvo,TRUE,9,2013,2021,15761.6
08046,Morelos,FALSE,0,,,
08047,Moris,FALSE,0,,,
08002,Aldama,TRUE,8,2014,2021,25038.1
08055,Rosales,FALSE,0,,,
08021,Delicias,TRUE,7,2015,2021,9934.9
08045,Meoqui,FALSE,0,,,
08001,Ahumada,FALSE,0,,,
08017,Cuauhtémoc,TRUE,7,2015,2021,10088.7
08054,Riva Palacio,FALSE,0,,,
08032,Hidalgo del Parral,TRUE,9,2013,2021,12974.4
08003,Allende,FALSE,0,,,
08011,Camargo,TRUE,8,2014,2021,22882.1
08036,Jiménez,TRUE,7,2015,2021,29841.7
08038,Julimes,TRUE,1,2020,2020,580.7
08052,Ojinaga,TRUE,6,2015,2021,18104.4
08062,Saucillo,FALSE,0,,,
08042,Manuel Benavides,FALSE,0,,,
08007,Balleza,FALSE,0,,,
08008,Batopilas,FALSE,0,,,
08009,Bocoyna,FALSE,0,,,
08010,Buenaventura,FALSE,0,,,
08012,Carichí,FALSE,0,,,
08014,Coronado,FALSE,0,,,
08015,Coyame del Sotol,FALSE,0,,,
08016,La Cruz,FALSE,0,,,
08018,Cusihuiriachi,FALSE,0,,,
08022,Dr. Belisario Domínguez,FALSE,0,,,
08024,Santa Isabel,FALSE,0,,,
08026,Gran Morelos,FALSE,0,,,
08027,Guachochi,TRUE,6,2016,2021,1780.7
08031,Guerrero,FALSE,0,,,
08033,Huejotitán,FALSE,0,,,
08034,Ignacio Zaragoza,FALSE,0,,,
08039,López,FALSE,0,,,
08044,Matamoros,FALSE,0,,,
08048,Namiquipa,FALSE,0,,,
08049,Nonoava,FALSE,0,,,
08056,Rosario,FALSE,0,,,
08057,San Francisco de Borja,FALSE,0,,,
08058,San Francisco de Conchos,FALSE,0,,,
08059,San Francisco del Oro,FALSE,0,,,
08060,Santa Bárbara,FALSE,0,,,
08061,Satevó,FALSE,0,,,
08064,El Tule,FALSE,0,,,
08067,Valle de Zaragoza,FALSE,0,,,
08019,Chihuahua,TRUE,14,2008,2021,4006.5
08004,Aquiles Serdán,FALSE,0,,,
09002,Azcapotzalco,TRUE,13,2009,2021,7332.7
09005,Gustavo A. Madero,TRUE,14,2008,2021,10289.3
09016,Miguel Hidalgo,TRUE,14,2008,2021,19337.8
09006,Iztacalco,TRUE,13,2009,2021,5423.4
09017,Venustiano Carranza,TRUE,13,2009,2021,20456.6
09007,Iztapalapa,TRUE,13,2009,2021,4636
10007,Gómez Palacio,TRUE,14,2008,2021,5245.3
10034,Tamazula,TRUE,14,2008,2021,19716
10037,Topia,FALSE,0,,,
10038,Vicente Guerrero,FALSE,0,,,
10039,Nuevo Ideal,TRUE,14,2008,2021,28016.2
10035,Tepehuanes,FALSE,0,,,
10033,Súchil,TRUE,14,2008,2021,39770.5
10027,San Juan de Guadalupe,TRUE,2,2018,2019,83
10031,Santa Clara,FALSE,0,,,
10001,Canatlán,TRUE,14,2008,2021,23603.7
10002,Canelas,FALSE,0,,,
10003,Coneto de Comonfort,FALSE,0,,,
10004,Cuencamé,TRUE,14,2008,2021,35634.1
10005,Durango,TRUE,14,2008,2021,9813.2
10008,Guadalupe Victoria,FALSE,0,,,
10010,Hidalgo,FALSE,0,,,
10011,Indé,FALSE,0,,,
10013,Mapimí,TRUE,14,2008,2021,3706.9
10014,Mezquital,TRUE,14,2008,2021,8781.7
10015,Nazas,TRUE,11,2011,2021,1145.7
10016,Nombre de Dios,FALSE,0,,,
10018,El Oro,TRUE,14,2008,2021,47253.6
10019,Otáez,FALSE,0,,,
10020,Pánuco de Coronado,TRUE,14,2008,2021,5350.4
10021,Peñón Blanco,TRUE,14,2008,2021,3618.2
10022,Poanas,TRUE,11,2011,2021,2263.7
10023,Pueblo Nuevo,TRUE,14,2008,2021,14754.8
10024,Rodeo,FALSE,0,,,
10025,San Bernardo,TRUE,1,2018,2018,67.7
10026,San Dimas,FALSE,0,,,
10028,San Juan del Río,TRUE,14,2008,2021,1410.3
10029,San Luis del Cordero,FALSE,0,,,
10030,San Pedro del Gallo,FALSE,0,,,
10032,Santiago Papasquiaro,TRUE,14,2008,2021,29986.4
10006,General Simón Bolívar,TRUE,14,2008,2021,847.8
10012,Lerdo,TRUE,14,2008,2021,9773.8
10017,Ocampo,TRUE,13,2009,2021,3323.9
10009,Guanaceví,FALSE,0,,,
10036,Tlahualilo,FALSE,0,,,
11009,Comonfort,TRUE,14,2008,2021,13558.8
11007,Celaya,TRUE,14,2008,2021,7159.6
11025,Purísima del Rincón,TRUE,14,2008,2021,17767.1
11030,San Felipe,TRUE,13,2009,2021,12266.2
11045,Xichú,FALSE,0,,,
11013,Doctor Mora,FALSE,0,,,
11034,Santa Catarina,TRUE,5,2009,2013,8651.3
11040,Tierra Blanca,TRUE,6,2008,2013,1215.3
11041,Uriangato,TRUE,14,2008,2021,28819
11043,Victoria,FALSE,0,,,
11006,Atarjea,FALSE,0,,,
11028,Salvatierra,TRUE,13,2008,2021,21046.4
11032,San José Iturbide,TRUE,13,2009,2021,23360.6
11024,Pueblo Nuevo,TRUE,3,2019,2021,9904.3
11036,Santiago Maravatío,FALSE,0,,,
11004,Apaseo el Alto,TRUE,13,2008,2021,14044.8
11005,Apaseo el Grande,TRUE,14,2008,2021,12016.5
11046,Yuriria,TRUE,9,2013,2021,6150.5
11019,Jerécuaro,TRUE,14,2008,2021,3279.6
11039,Tarimoro,TRUE,14,2008,2021,10997.7
11010,Coroneo,TRUE,13,2009,2021,4119.5
11038,Tarandacuao,TRUE,13,2009,2021,7474.7
11011,Cortazar,TRUE,14,2008,2021,12318.2
11002,Acámbaro,TRUE,13,2009,2021,20151.1
11003,San Miguel de Allende,TRUE,14,2008,2021,23409.4
11031,San Francisco del Rincón,TRUE,14,2008,2021,16360.6
11008,Manuel Doblado,TRUE,11,2011,2021,26562.5
11012,Cuerámaro,TRUE,14,2008,2021,8801.2
11042,Valle de Santiago,TRUE,14,2008,2021,9683
11033,San Luis de la Paz,TRUE,14,2008,2021,15149.4
11023,Pénjamo,TRUE,14,2008,2021,10140.9
11037,Silao de la Victoria,TRUE,14,2008,2021,18706.1
11001,Abasolo,TRUE,14,2008,2021,11147
11016,Huanímaro,TRUE,14,2008,2021,24968.3
11029,San Diego de la Unión,TRUE,10,2012,2021,27469.9
11044,Villagrán,TRUE,13,2009,2021,9049.6
11035,Santa Cruz de Juventino Rosas,TRUE,14,2008,2021,11405.5
11027,Salamanca,TRUE,13,2009,2021,12455.9
11017,Irapuato,TRUE,13,2009,2021,5813.4
11026,Romita,TRUE,14,2008,2021,26674.3
11015,Guanajuato,TRUE,13,2009,2021,18033.7
11020,León,TRUE,13,2009,2021,8531.8
11018,Jaral del Progreso,TRUE,11,2011,2021,45866.2
11022,Ocampo,TRUE,5,2017,2021,20915.9
11021,Moroleón,TRUE,9,2013,2021,26110.2
11014,Dolores Hidalgo Cuna de la Independencia Nacional,TRUE,14,2008,2021,13491.2
12006,Apaxtla,FALSE,0,,,
12017,Cocula,FALSE,0,,,
12026,Cuetzala del Progreso,TRUE,1,2021,2021,12.2
12028,Chilapa de Álvarez,TRUE,14,2008,2021,5523.2
12029,Chilpancingo de los Bravo,TRUE,14,2008,2021,9419.6
12031,General Canuto A. Neri,TRUE,2,2017,2019,15.3
12032,General Heliodoro Castillo,TRUE,7,2014,2021,4497.1
12034,Huitzuco de los Figueroa,TRUE,14,2008,2021,25519.3
12039,Juan R. Escudero,FALSE,0,,,
12040,Leonardo Bravo,TRUE,7,2014,2021,2166.3
12042,Mártir de Cuilapan,TRUE,1,2017,2017,5.5
12044,Mochitlán,FALSE,0,,,
12051,Quechultenango,TRUE,7,2014,2021,5531.8
12053,San Marcos,TRUE,2,2019,2021,10
12056,Tecoanapa,FALSE,0,,,
12058,Teloloapan,TRUE,5,2017,2021,1357.7
12059,Tepecoacuilco de Trujano,TRUE,4,2017,2021,4.1
12061,Tixtla de Guerrero,TRUE,7,2014,2021,7411.2
12074,Zitlala,TRUE,1,2017,2017,31.7
12075,Eduardo Neri,TRUE,7,2014,2021,23497
12035,Iguala de la Independencia,TRUE,12,2008,2019,9700.9
12021,Coyuca de Benítez,TRUE,5,2017,2021,3244.1
12005,Alpoyeca,FALSE,0,,,
12008,Atenango del Río,FALSE,0,,,
12009,Atlamajalcingo del Monte,FALSE,0,,,
12010,Atlixtac,TRUE,1,2017,2017,7.2
12012,Ayutla de los Libres,TRUE,14,2008,2021,10910.2
12013,Azoyú,TRUE,1,2017,2017,6.8
12018,Copala,TRUE,1,2021,2021,6.9
12019,Copalillo,FALSE,0,,,
12020,Copanatoyac,FALSE,0,,,
12024,Cualác,FALSE,0,,,
12025,Cuautepec,FALSE,0,,,
12030,Florencio Villarreal,FALSE,0,,,
12033,Huamuxtitlán,FALSE,0,,,
12036,Igualapa,TRUE,1,2017,2017,8.7
12041,Malinaltepec,FALSE,0,,,
12045,Olinalá,FALSE,0,,,
12046,Ometepec,TRUE,14,2008,2021,6848.3
12052,San Luis Acatlán,TRUE,1,2017,2017,2.2
12063,Tlacoapa,FALSE,0,,,
12066,Tlapa de Comonfort,TRUE,14,2008,2021,14506.6
12069,Xalpatláhuac,FALSE,0,,,
12070,Xochihuehuetlán,FALSE,0,,,
12071,Xochistlahuaca,FALSE,0,,,
12072,Zapotitlán Tablas,TRUE,1,2016,2016,1588.7
12076,Acatepec,FALSE,0,,,
12077,Marquelia,FALSE,0,,,
12079,José Joaquín de Herrera,FALSE,0,,,
12080,Juchitán,FALSE,0,,,
12081,Iliatenco,FALSE,0,,,
12023,Cuajinicuilapa,FALSE,0,,,
12062,Tlacoachistlahuaca,FALSE,0,,,
12065,Tlalixtaquilla de Maldonado,FALSE,0,,,
12004,Alcozauca de Guerrero,FALSE,0,,,
12043,Metlatónoc,FALSE,0,,,
12078,Cochoapa el Grande,FALSE,0,,,
12002,Ahuacuotzingo,FALSE,0,,,
12048,Petatlán,TRUE,5,2017,2021,4331.5
12003,Ajuchitlán del Progreso,FALSE,0,,,
12007,Arcelia,TRUE,7,2014,2021,16702.4
12011,Atoyac de Álvarez,TRUE,14,2008,2021,20844.8
12014,Benito Juárez,FALSE,0,,,
12016,Coahuayutla de José María Izazaga,FALSE,0,,,
12027,Cutzamala de Pinzón,FALSE,0,,,
12054,San Miguel Totolapan,FALSE,0,,,
12057,Técpan de Galeana,TRUE,5,2017,2021,1327.1
12064,Tlalchapa,FALSE,0,,,
12067,Tlapehuala,FALSE,0,,,
12022,Coyuca de Catalán,TRUE,14,2008,2021,31197.5
12073,Zirándaro,FALSE,0,,,
12068,La Unión de Isidoro Montes de Oca,FALSE,0,,,
12037,Ixcateopan de Cuauhtémoc,FALSE,0,,,
12047,Pedro Ascencio Alquisiras,FALSE,0,,,
12049,Pilcaya,FALSE,0,,,
12060,Tetipac,TRUE,2,2017,2018,14.7
12055,Taxco de Alarcón,TRUE,13,2008,2021,14373.2
12015,Buenavista de Cuéllar,FALSE,0,,,
12050,Pungarabato,FALSE,0,,,
12038,Zihuatanejo de Azueta,TRUE,14,2008,2021,7098.3
12001,Acapulco de Juárez,TRUE,14,2008,2021,6831.7
13035,Metepec,FALSE,0,,,
13007,Almoloya,FALSE,0,,,
13008,Apan,TRUE,14,2008,2021,27857.1
13001,Acatlán,FALSE,0,,,
13002,Acaxochitlán,FALSE,0,,,
13003,Actopan,TRUE,14,2008,2021,23790.5
13004,Agua Blanca de Iturbide,FALSE,0,,,
13006,Alfajayucan,FALSE,0,,,
13011,Atlapexco,TRUE,12,2008,2021,25682.2
13012,Atotonilco el Grande,FALSE,0,,,
13014,Calnali,FALSE,0,,,
13015,Cardonal,FALSE,0,,,
13016,Cuautepec de Hinojosa,FALSE,0,,,
13018,Chapulhuacán,FALSE,0,,,
13022,Epazoyucan,FALSE,0,,,
13024,Huasca de Ocampo,FALSE,0,,,
13025,Huautla,FALSE,0,,,
13026,Huazalingo,FALSE,0,,,
13027,Huehuetla,TRUE,14,2008,2021,11153.7
13028,Huejutla de Reyes,TRUE,14,2008,2021,5707.5
13030,Ixmiquilpan,TRUE,13,2009,2021,21597.9
13031,Jacala de Ledezma,TRUE,14,2008,2021,14822.5
13032,Jaltocán,FALSE,0,,,
13033,Juárez Hidalgo,FALSE,0,,,
13034,Lolotla,FALSE,0,,,
13036,San Agustín Metzquititlán,FALSE,0,,,
13038,Mineral del Chico,FALSE,0,,,
13039,Mineral del Monte,FALSE,0,,,
13040,La Misión,FALSE,0,,,
13042,Molango de Escamilla,FALSE,0,,,
13043,Nicolás Flores,FALSE,0,,,
13045,Omitlán de Juárez,FALSE,0,,,
13046,San Felipe Orizatlán,FALSE,0,,,
13047,Pacula,FALSE,0,,,
13049,Pisaflores,FALSE,0,,,
13051,Mineral de la Reforma,FALSE,0,,,
13053,San Bartolo Tutotepec,TRUE,14,2008,2021,23990
13055,Santiago de Anaya,FALSE,0,,,
13056,Santiago Tulantepec de Lugo Guerrero,TRUE,5,2017,2021,89322.4
13057,Singuilucan,FALSE,0,,,
13058,Tasquillo,FALSE,0,,,
13060,Tenango de Doria,FALSE,0,,,
13062,Tepehuacán de Guerrero,FALSE,0,,,
13068,Tianguistengo,FALSE,0,,,
13071,Tlahuiltepa,FALSE,0,,,
13073,Tlanchinol,TRUE,14,2008,2021,19610.1
13078,Xochiatipan,FALSE,0,,,
13079,Xochicoatlán,FALSE,0,,,
13080,Yahualica,FALSE,0,,,
13081,Zacualtipán de Ángeles,FALSE,0,,,
13084,Zimapán,FALSE,0,,,
13072,Tlanalapa,FALSE,0,,,
13021,Emiliano Zapata,FALSE,0,,,
13059,Tecozautla,TRUE,1,2019,2019,5.3
13020,Eloxochitlán,FALSE,0,,,
13037,Metztitlán,FALSE,0,,,
13029,Huichapan,TRUE,14,2008,2021,25766.5
13061,Tepeapulco,FALSE,0,,,
13083,Zempoala,FALSE,0,,,
13069,Tizayuca,FALSE,0,,,
13075,Tolcayuca,FALSE,0,,,
13052,San Agustín Tlaxiaca,FALSE,0,,,
13066,Villa de Tezontepec,FALSE,0,,,
13041,Mixquiahuala de Juárez,TRUE,14,2008,2021,15715.1
13067,Tezontepec de Aldama,FALSE,0,,,
13070,Tlahuelilpan,FALSE,0,,,
13074,Tlaxcoapan,FALSE,0,,,
13044,Nopala de Villagrán,FALSE,0,,,
13017,Chapantongo,FALSE,0,,,
13063,Tepeji del Río de Ocampo,FALSE,0,,,
13076,Tula de Allende,TRUE,13,2009,2021,20373.2
13010,Atitalaquia,FALSE,0,,,
13013,Atotonilco de Tula,FALSE,0,,,
13064,Tepetitlán,FALSE,0,,,
13009,El Arenal,FALSE,0,,,
13019,Chilcuautla,FALSE,0,,,
13023,Francisco I. Madero,FALSE,0,,,
13048,Pachuca de Soto,TRUE,14,2008,2021,15200.6
13050,Progreso de Obregón,FALSE,0,,,
13054,San Salvador,FALSE,0,,,
13082,Zapotlán de Juárez,FALSE,0,,,
13065,Tetepango,FALSE,0,,,
13005,Ajacuba,FALSE,0,,,
13077,Tulancingo de Bravo,TRUE,8,2008,2015,15392.4
14001,Acatic,FALSE,0,,,
14002,Acatlán de Juárez,FALSE,0,,,
14003,Ahualulco de Mercado,FALSE,0,,,
14004,Amacueca,TRUE,1,2020,2020,327785.9
14005,Amatitán,FALSE,0,,,
14006,Ameca,TRUE,12,2009,2021,38900.2
14007,San Juanito de Escobedo,FALSE,0,,,
14008,Arandas,FALSE,0,,,
14009,El Arenal,FALSE,0,,,
14010,Atemajac de Brizuela,FALSE,0,,,
14011,Atengo,FALSE,0,,,
14012,Atenguillo,FALSE,0,,,
14013,Atotonilco el Alto,TRUE,13,2008,2021,16083.5
14014,Atoyac,FALSE,0,,,
14015,Autlán de Navarro,TRUE,14,2008,2021,28131.1
14016,Ayotlán,FALSE,0,,,
14017,Ayutla,FALSE,0,,,
14018,La Barca,TRUE,13,2008,2021,24750.1
14019,Bolaños,FALSE,0,,,
14020,Cabo Corrientes,FALSE,0,,,
14021,Casimiro Castillo,FALSE,0,,,
14022,Cihuatlán,TRUE,14,2008,2021,37264.9
14023,Zapotlán el Grande,TRUE,14,2008,2021,21174.1
14024,Cocula,TRUE,14,2008,2021,88073.6
14025,Colotlán,TRUE,14,2008,2021,54281.7
14026,Concepción de Buenos Aires,FALSE,0,,,
14027,Cuautitlán de García Barragán,FALSE,0,,,
14028,Cuautla,FALSE,0,,,
14029,Cuquío,FALSE,0,,,
14030,Chapala,FALSE,0,,,
14031,Chimaltitán,FALSE,0,,,
14032,Chiquilistlán,FALSE,0,,,
14033,Degollado,FALSE,0,,,
14034,Ejutla,FALSE,0,,,
14035,Encarnación de Díaz,TRUE,14,2008,2021,26813.7
14036,Etzatlán,FALSE,0,,,
14037,El Grullo,TRUE,14,2008,2021,40257.2
14038,Guachinango,FALSE,0,,,
14039,Guadalajara,TRUE,14,2008,2021,11378.6
14040,Hostotipaquillo,FALSE,0,,,
14041,Huejúcar,FALSE,0,,,
14042,Huejuquilla el Alto,TRUE,14,2008,2021,64489
14043,La Huerta,TRUE,14,2008,2021,38348.8
14044,Ixtlahuacán de los Membrillos,FALSE,0,,,
14045,Ixtlahuacán del Río,FALSE,0,,,
14046,Jalostotitlán,FALSE,0,,,
14047,Jamay,FALSE,0,,,
14048,Jesús María,FALSE,0,,,
14049,Jilotlán de los Dolores,FALSE,0,,,
14050,Jocotepec,TRUE,7,2015,2021,16778.5
14051,Juanacatlán,FALSE,0,,,
14052,Juchitlán,FALSE,0,,,
14053,Lagos de Moreno,TRUE,14,2008,2021,11584.9
14054,El Limón,FALSE,0,,,
14055,Magdalena,TRUE,13,2008,2021,70422.2
14056,Santa María del Oro,FALSE,0,,,
14057,La Manzanilla de la Paz,FALSE,0,,,
14058,Mascota,TRUE,14,2008,2021,38278.9
14059,Mazamitla,TRUE,1,2021,2021,2499.4
14060,Mexticacán,FALSE,0,,,
14061,Mezquitic,FALSE,0,,,
14062,Mixtlán,FALSE,0,,,
14063,Ocotlán,TRUE,11,2011,2021,3518.9
14064,Ojuelos de Jalisco,TRUE,14,2008,2021,19633.6
14065,Pihuamo,FALSE,0,,,
14066,Poncitlán,FALSE,0,,,
14067,Puerto Vallarta,TRUE,14,2008,2021,10125.3
14068,Villa Purificación,FALSE,0,,,
14069,Quitupan,FALSE,0,,,
14070,El Salto,FALSE,0,,,
14071,San Cristóbal de la Barranca,FALSE,0,,,
14072,San Diego de Alejandría,FALSE,0,,,
14073,San Juan de los Lagos,TRUE,14,2008,2021,9436.7
14074,San Julián,FALSE,0,,,
14075,San Marcos,FALSE,0,,,
14076,San Martín de Bolaños,FALSE,0,,,
14077,San Martín Hidalgo,FALSE,0,,,
14078,San Miguel el Alto,TRUE,14,2008,2021,21027.2
14079,Gómez Farías,FALSE,0,,,
14080,San Sebastián del Oeste,FALSE,0,,,
14081,Santa María de los Ángeles,FALSE,0,,,
14082,Sayula,TRUE,14,2008,2021,39415.4
14083,Tala,TRUE,13,2009,2021,7105.9
14084,Talpa de Allende,FALSE,0,,,
14085,Tamazula de Gordiano,TRUE,13,2008,2021,44719.9
14086,Tapalpa,FALSE,0,,,
14087,Tecalitlán,FALSE,0,,,
14088,Tecolotlán,FALSE,0,,,
14089,Techaluta de Montenegro,FALSE,0,,,
14090,Tenamaxtlán,TRUE,1,2017,2017,42.2
14091,Teocaltiche,TRUE,14,2008,2021,25404.5
14092,Teocuitatlán de Corona,FALSE,0,,,
14093,Tepatitlán de Morelos,TRUE,14,2008,2021,10581.5
14094,Tequila,FALSE,0,,,
14095,Teuchitlán,FALSE,0,,,
14096,Tizapán el Alto,FALSE,0,,,
14097,Tlajomulco de Zúñiga,FALSE,0,,,
14098,San Pedro Tlaquepaque,FALSE,0,,,
14099,Tolimán,FALSE,0,,,
14100,Tomatlán,TRUE,14,2008,2021,24903.8
14101,Tonalá,FALSE,0,,,
14102,Tonaya,FALSE,0,,,
14103,Tonila,FALSE,0,,,
14104,Totatiche,FALSE,0,,,
14105,Tototlán,FALSE,0,,,
14106,Tuxcacuesco,FALSE,0,,,
14107,Tuxcueca,FALSE,0,,,
14108,Tuxpan,TRUE,1,2019,2019,5.4
14109,Unión de San Antonio,FALSE,0,,,
14110,Unión de Tula,FALSE,0,,,
14111,Valle de Guadalupe,FALSE,0,,,
14112,Valle de Juárez,FALSE,0,,,
14113,San Gabriel,FALSE,0,,,
14114,Villa Corona,FALSE,0,,,
14115,Villa Guerrero,FALSE,0,,,
14116,Villa Hidalgo,FALSE,0,,,
14117,Cañadas de Obregón,FALSE,0,,,
14118,Yahualica de González Gallo,TRUE,14,2008,2021,90506.4
14119,Zacoalco de Torres,FALSE,0,,,
14120,Zapopan,TRUE,14,2008,2021,3678.1
14121,Zapotiltic,FALSE,0,,,
14122,Zapotitlán de Vadillo,FALSE,0,,,
14123,Zapotlán del Rey,FALSE,0,,,
14124,Zapotlanejo,TRUE,11,2011,2021,6497.1
14125,San Ignacio Cerro Gordo,FALSE,0,,,
15002,Acolman,TRUE,14,2008,2021,7132.5
15009,Amecameca,TRUE,14,2008,2021,29666.4
15010,Apaxco,FALSE,0,,,
15011,Atenco,FALSE,0,,,
15013,Atizapán de Zaragoza,TRUE,14,2008,2021,8658.3
15015,Atlautla,FALSE,0,,,
15016,Axapusco,TRUE,8,2014,2021,48352
15017,Ayapango,FALSE,0,,,
15020,Coacalco de Berriozábal,FALSE,0,,,
15022,Cocotitlán,FALSE,0,,,
15023,Coyotepec,FALSE,0,,,
15024,Cuautitlán,TRUE,14,2008,2021,33274.1
15025,Chalco,TRUE,14,2008,2021,9721.7
15028,Chiautla,FALSE,0,,,
15029,Chicoloapan,FALSE,0,,,
15030,Chiconcuac,TRUE,6,2016,2021,37059.3
15031,Chimalhuacán,TRUE,14,2008,2021,6821.9
15033,Ecatepec de Morelos,TRUE,14,2008,2021,4811
15034,Ecatzingo,FALSE,0,,,
15035,Huehuetoca,TRUE,14,2008,2021,14879.9
15036,Hueypoxtla,TRUE,10,2012,2021,16226.9
15037,Huixquilucan,TRUE,14,2008,2021,1135.8
15039,Ixtapaluca,TRUE,14,2008,2021,5300.3
15044,Jaltenco,FALSE,0,,,
15050,Juchitepec,FALSE,0,,,
15053,Melchor Ocampo,FALSE,0,,,
15057,Naucalpan de Juárez,TRUE,14,2008,2021,5062.8
15058,Nezahualcóyotl,TRUE,14,2008,2021,6593.4
15059,Nextlalpan,FALSE,0,,,
15061,Nopaltepec,FALSE,0,,,
15065,Otumba,TRUE,14,2008,2021,54392
15068,Ozumba,FALSE,0,,,
15069,Papalotla,FALSE,0,,,
15070,La Paz,TRUE,10,2012,2021,6454.3
15075,San Martín de las Pirámides,FALSE,0,,,
15081,Tecámac,TRUE,14,2008,2021,2207.4
15083,Temamatla,FALSE,0,,,
15084,Temascalapa,FALSE,0,,,
15089,Tenango del Aire,FALSE,0,,,
15091,Teoloyucan,FALSE,0,,,
15092,Teotihuacán,TRUE,4,2008,2011,319.6
15093,Tepetlaoxtoc,FALSE,0,,,
15094,Tepetlixpa,TRUE,14,2008,2021,47511
15096,Tequixquiac,FALSE,0,,,
15099,Texcoco,TRUE,14,2008,2021,8879.8
15100,Tezoyuca,FALSE,0,,,
15103,Tlalmanalco,FALSE,0,,,
15104,Tlalnepantla de Baz,TRUE,10,2008,2017,5647.7
15108,Tultepec,FALSE,0,,,
15120,Zumpango,TRUE,14,2008,2021,8528.7
15121,Cuautitlán Izcalli,FALSE,0,,,
15122,Valle de Chalco Solidaridad,TRUE,14,2008,2021,4617.5
15125,Tonanitla,FALSE,0,,,
15109,Tultitlán,TRUE,9,2013,2021,3329.6
16108,Zamora,TRUE,14,2008,2021,10196.3
16085,Tangancícuaro,FALSE,0,,,
16052,Lázaro Cárdenas,TRUE,14,2008,2021,8529.8
16008,Aquila,TRUE,13,2009,2021,4656.6
16010,Arteaga,TRUE,14,2008,2021,18328.5
16096,Tumbiscatío,FALSE,0,,,
16077,San Lucas,FALSE,0,,,
16014,Coahuayana,TRUE,14,2008,2021,48395.2
16038,Huetamo,FALSE,0,,,
16029,Churumuco,FALSE,0,,,
16026,Chinicuila,FALSE,0,,,
16015,Coalcomán de Vázquez Pallares,FALSE,0,,,
16002,Aguililla,FALSE,0,,,
16035,La Huacana,TRUE,13,2009,2021,17981.5
16055,Múgica,TRUE,14,2008,2021,28666.4
16097,Turicato,FALSE,0,,,
16013,Carácuaro,FALSE,0,,,
16089,Tepalcatepec,FALSE,0,,,
16006,Apatzingán,TRUE,13,2008,2021,12527.7
16064,Parácuaro,FALSE,0,,,
16057,Nocupétaro,TRUE,13,2009,2021,56571.9
16059,Nuevo Urecho,FALSE,0,,,
16033,Gabriel Zamora,FALSE,0,,,
16009,Ario,FALSE,0,,,
16081,Susupuato,FALSE,0,,,
16092,Tiquicheo de Nicolás Romero,FALSE,0,,,
16046,Juárez,FALSE,0,,,
16087,Taretan,FALSE,0,,,
16012,Buenavista,FALSE,0,,,
16082,Tacámbaro,TRUE,14,2008,2021,16863.4
16099,Tuzantla,TRUE,13,2009,2021,5980.3
16079,Salvador Escalante,FALSE,0,,,
16111,Ziracuaretiro,FALSE,0,,,
16058,Nuevo Parangaricutiro,FALSE,0,,,
16083,Tancítaro,FALSE,0,,,
16047,Jungapeo,FALSE,0,,,
16049,Madero,FALSE,0,,,
16001,Acuitzio,FALSE,0,,,
16112,Zitácuaro,TRUE,14,2008,2021,10292.1
16039,Huiramba,FALSE,0,,,
16066,Pátzcuaro,TRUE,14,2008,2021,19041.8
16068,Peribán,FALSE,0,,,
16090,Tingambato,FALSE,0,,,
16102,Uruapan,TRUE,14,2008,2021,8232.1
16048,Lagunillas,FALSE,0,,,
16061,Ocampo,FALSE,0,,,
16098,Tuxpan,FALSE,0,,,
16100,Tzintzuntzan,FALSE,0,,,
16101,Tzitzio,FALSE,0,,,
16005,Angangueo,FALSE,0,,,
16007,Aporo,FALSE,0,,,
16032,Erongarícuaro,FALSE,0,,,
16065,Paracho,FALSE,0,,,
16056,Nahuatzen,FALSE,0,,,
16073,Quiroga,FALSE,0,,,
16041,Irimbo,FALSE,0,,,
16022,Charo,FALSE,0,,,
16024,Cherán,TRUE,14,2008,2021,26157
16075,Los Reyes,TRUE,11,2011,2021,17594.4
16021,Charapan,FALSE,0,,,
16080,Senguio,FALSE,0,,,
16072,Queréndaro,FALSE,0,,,
16095,Tocumbo,FALSE,0,,,
16053,Morelia,TRUE,14,2008,2021,5314.7
16093,Tlalpujahua,FALSE,0,,,
16034,Hidalgo,TRUE,11,2011,2021,6846.5
16040,Indaparapeo,FALSE,0,,,
16088,Tarímbaro,FALSE,0,,,
16091,Tingüindín,FALSE,0,,,
16019,Cotija,FALSE,0,,,
16025,Chilchota,FALSE,0,,,
16016,Coeneo,FALSE,0,,,
16110,Zinapécuaro,FALSE,0,,,
16037,Huaniqueo,FALSE,0,,,
16003,Álvaro Obregón,FALSE,0,,,
16027,Chucándiro,FALSE,0,,,
16018,Copándaro,FALSE,0,,,
16044,Jiménez,FALSE,0,,,
16070,Purépero,FALSE,0,,,
16107,Zacapu,TRUE,4,2018,2021,3171.4
16084,Tangamandapio,FALSE,0,,,
16043,Jacona,FALSE,0,,,
16050,Maravatío,TRUE,13,2009,2021,16556.2
16036,Huandacareo,FALSE,0,,,
16054,Morelos,FALSE,0,,,
16020,Cuitzeo,FALSE,0,,,
16078,Santa Ana Maya,FALSE,0,,,
16017,Contepec,FALSE,0,,,
16045,Jiquilpan,TRUE,1,2019,2019,5.6
16094,Tlazazalca,FALSE,0,,,
16104,Villamar,FALSE,0,,,
16051,Marcos Castellanos,FALSE,0,,,
16076,Sahuayo,TRUE,14,2008,2021,25432.4
16063,Panindícuaro,FALSE,0,,,
16023,Chavinda,FALSE,0,,,
16074,Cojumatlán de Régules,FALSE,0,,,
16067,Penjamillo,FALSE,0,,,
16004,Angamacutiro,FALSE,0,,,
16042,Ixtlán,FALSE,0,,,
16028,Churintzio,FALSE,0,,,
16103,Venustiano Carranza,FALSE,0,,,
16062,Pajacuarán,FALSE,0,,,
16031,Epitacio Huerta,FALSE,0,,,
16109,Zináparo,FALSE,0,,,
16030,Ecuandureo,FALSE,0,,,
16071,Puruándiro,TRUE,13,2009,2021,11186
16011,Briseñas,FALSE,0,,,
16060,Numarán,FALSE,0,,,
16105,Vista Hermosa,FALSE,0,,,
16113,José Sixto Verduzco,FALSE,0,,,
16086,Tanhuato,FALSE,0,,,
16106,Yurécuaro,FALSE,0,,,
16069,La Piedad,TRUE,13,2009,2021,18786.9
17001,Amacuzac,FALSE,0,,,
17002,Atlatlahucan,FALSE,0,,,
17003,Axochiapan,TRUE,14,2008,2021,50523.2
17004,Ayala,FALSE,0,,,
17005,Coatlán del Río,FALSE,0,,,
17006,Cuautla,TRUE,14,2008,2021,14360.8
17007,Cuernavaca,TRUE,14,2008,2021,9610.5
17008,Emiliano Zapata,TRUE,9,2013,2021,19963.1
17009,Huitzilac,FALSE,0,,,
17010,Jantetelco,FALSE,0,,,
17011,Jiutepec,FALSE,0,,,
17012,Jojutla,TRUE,14,2008,2021,52734.7
17013,Jonacatepec,TRUE,13,2008,2021,95340.6
17014,Mazatepec,FALSE,0,,,
17015,Miacatlán,FALSE,0,,,
17016,Ocuituco,TRUE,11,2011,2021,62821.9
17017,Puente de Ixtla,TRUE,13,2009,2021,26436.9
17018,Temixco,TRUE,12,2010,2021,16300.3
17019,Tepalcingo,FALSE,0,,,
17020,Tepoztlán,FALSE,0,,,
17021,Tetecala,TRUE,14,2008,2021,140656.7
17022,Tetela del Volcán,FALSE,0,,,
17023,Tlalnepantla,FALSE,0,,,
17024,Tlaltizapán de Zapata,FALSE,0,,,
17025,Tlaquiltenango,FALSE,0,,,
17026,Tlayacapan,FALSE,0,,,
17027,Totolapan,FALSE,0,,,
17028,Xochitepec,FALSE,0,,,
17029,Yautepec,TRUE,14,2008,2021,10468.7
17030,Yecapixtla,FALSE,0,,,
17031,Zacatepec,FALSE,0,,,
17032,Zacualpan,FALSE,0,,,
17033,Temoac,FALSE,0,,,
18001,Acaponeta,TRUE,14,2008,2021,26067.6
18002,Ahuacatlán,FALSE,0,,,
18003,Amatlán de Cañas,TRUE,5,2017,2021,15434.6
18005,Huajicori,TRUE,1,2018,2018,16.4
18006,Ixtlán del Río,TRUE,14,2008,2021,20043.3
18007,Jala,FALSE,0,,,
18008,Xalisco,TRUE,2,2017,2018,6.7
18009,Del Nayar,TRUE,14,2008,2021,5231.1
18011,Ruíz,FALSE,0,,,
18013,San Pedro Lagunillas,FALSE,0,,,
18014,Santa María del Oro,TRUE,1,2017,2017,12.7
18016,Tecuala,TRUE,14,2008,2021,18603.9
18017,Tepic,TRUE,14,2008,2021,7068.4
18018,Tuxpan,TRUE,14,2008,2021,27839.8
18019,La Yesca,TRUE,12,2010,2021,2958.3
18020,Bahía de Banderas,TRUE,14,2008,2021,3965.5
18004,Compostela,TRUE,13,2008,2021,13882.8
18015,Santiago Ixcuintla,TRUE,14,2008,2021,11106.9
18012,San Blas,TRUE,5,2016,2020,1105.8
18010,Rosamorada,TRUE,14,2008,2021,22334.6
19002,Agualeguas,FALSE,0,,,
19023,General Treviño,FALSE,0,,,
19003,Los Aldamas,FALSE,0,,,
19015,Doctor Coss,FALSE,0,,,
19020,General Bravo,FALSE,0,,,
19040,Parás,FALSE,0,,,
19013,China,FALSE,0,,,
19022,General Terán,FALSE,0,,,
19033,Linares,TRUE,14,2008,2021,31261.3
19050,Vallecillo,FALSE,0,,,
19005,Anáhuac,FALSE,0,,,
19032,Lampazos de Naranjo,FALSE,0,,,
19008,Bustamante,FALSE,0,,,
19037,Mina,FALSE,0,,,
19048,Santa Catarina,FALSE,0,,,
19049,Santiago,FALSE,0,,,
19051,Villaldama,FALSE,0,,,
19047,Hidalgo,FALSE,0,,,
19046,San Nicolás de los Garza,TRUE,13,2009,2021,10280
19045,Salinas Victoria,FALSE,0,,,
19044,Sabinas Hidalgo,TRUE,14,2008,2021,71788.3
19043,Rayones,FALSE,0,,,
19042,Los Ramones,FALSE,0,,,
19041,Pesquería,TRUE,3,2019,2021,2223.3
19038,Montemorelos,TRUE,14,2008,2021,29603.9
19036,Mier y Noriega,FALSE,0,,,
19035,Melchor Ocampo,FALSE,0,,,
19034,Marín,FALSE,0,,,
19031,Juárez,FALSE,0,,,
19030,Iturbide,FALSE,0,,,
19029,Hualahuises,FALSE,0,,,
19028,Higueras,FALSE,0,,,
19027,Los Herreras,FALSE,0,,,
19026,Guadalupe,TRUE,14,2008,2021,7233.9
19025,General Zuazua,FALSE,0,,,
19024,General Zaragoza,FALSE,0,,,
19021,General Escobedo,TRUE,2,2020,2021,130.1
19019,San Pedro Garza García,FALSE,0,,,
19017,Galeana,TRUE,14,2008,2021,26307.9
19016,Doctor González,FALSE,0,,,
19014,Doctor Arroyo,TRUE,14,2008,2021,26694.8
19012,Ciénega de Flores,FALSE,0,,,
19011,Cerralvo,TRUE,14,2008,2021,168205.1
19010,El Carmen,FALSE,0,,,
19009,Cadereyta Jiménez,FALSE,0,,,
19007,Aramberri,FALSE,0,,,
19006,Apodaca,FALSE,0,,,
19004,Allende,FALSE,0,,,
19001,Abasolo,FALSE,0,,,
19018,García,FALSE,0,,,
19039,Monterrey,TRUE,14,2008,2021,137.7
20542,Taniche,FALSE,0,,,
20128,San Cristóbal Lachirioag,FALSE,0,,,
20156,San Ildefonso Villa Alta,FALSE,0,,,
20140,San Francisco Chindúa,FALSE,0,,,
20518,Santo Domingo Tlatayápam,FALSE,0,,,
20455,Santiago Ayuquililla,FALSE,0,,,
20165,San José Ayuquila,FALSE,0,,,
20138,San Francisco Cajonos,FALSE,0,,,
20303,San Pedro Cajonos,FALSE,0,,,
20148,San Francisco Ozolotepec,FALSE,0,,,
20337,San Pedro y San Pablo Ayutla,FALSE,0,,,
20031,Tamazulápam del Espíritu Santo,TRUE,14,2008,2021,39899.3
20206,San Juan de los Cués,FALSE,0,,,
20202,San Juan Lachao,FALSE,0,,,
20199,San Juan Ihualtepec,FALSE,0,,,
20195,San Juan Diuxi,FALSE,0,,,
20188,San Juan Colorado,FALSE,0,,,
20186,San Juan Cieneguilla,FALSE,0,,,
20185,San Juan Cacahuatepec,FALSE,0,,,
20181,San Juan Bautista Suchitepec,FALSE,0,,,
20180,San Juan Bautista Lo de Soto,FALSE,0,,,
20177,San Juan Bautista Cuicatlán,TRUE,14,2008,2021,58176.1
20176,San Juan Bautista Coixtlahuaca,FALSE,0,,,
20172,San Juan Achiutla,FALSE,0,,,
20168,San José Estancia Grande,FALSE,0,,,
20163,San Jerónimo Tecóatl,FALSE,0,,,
20160,San Jerónimo Silacayoapilla,FALSE,0,,,
20158,San Jacinto Tlacotepec,TRUE,13,2009,2021,69764.6
20153,San Gabriel Mixtepec,FALSE,0,,,
20152,San Francisco Tlapancingo,FALSE,0,,,
20151,San Francisco Teopan,FALSE,0,,,
20144,San Francisco Jaltepetongo,FALSE,0,,,
20142,San Francisco Huehuetlán,FALSE,0,,,
20137,San Francisco Cahuacuá,FALSE,0,,,
20133,San Esteban Atatlahuca,FALSE,0,,,
20129,San Cristóbal Suchixtlahuaca,FALSE,0,,,
20127,San Cristóbal Amoltepec,FALSE,0,,,
20121,San Bartolo Soyaltepec,FALSE,0,,,
20119,San Bartolomé Yucuañe,FALSE,0,,,
20111,San Antonio Tepetlapa,FALSE,0,,,
20041,Huautla de Jiménez,FALSE,0,,,
20040,Huautepec,FALSE,0,,,
20038,Villa Hidalgo,FALSE,0,,,
20030,El Espinal,FALSE,0,,,
20027,Chiquihuitlán de Benito Juárez,FALSE,0,,,
20019,Concepción Pápalo,FALSE,0,,,
20015,Coatecas Altas,FALSE,0,,,
20014,Ciudad Ixtepec,TRUE,14,2008,2021,36161.3
20009,Ayotzintepec,FALSE,0,,,
20008,Asunción Tlacolulita,FALSE,0,,,
20003,Asunción Cacalotepec,FALSE,0,,,
20002,Acatlán de Pérez Figueroa,FALSE,0,,,
20001,Abejones,FALSE,0,,,
20371,Santa Catarina Ticuá,FALSE,0,,,
20370,Santa Catarina Tayata,FALSE,0,,,
20367,Santa Catarina Mechoacán,FALSE,0,,,
20364,Santa Catarina Juquila,TRUE,14,2008,2021,28130.7
20354,Santa Ana Ateixtlahuaca,FALSE,0,,,
20352,San Simón Zahuatlán,FALSE,0,,,
20348,San Sebastián Tecomaxtlahuaca,FALSE,0,,,
20346,San Sebastián Nicananduta,FALSE,0,,,
20345,San Sebastián Ixcapa,FALSE,0,,,
20341,San Pedro Yucunama,FALSE,0,,,
20340,San Pedro y San Pablo Tequixtepec,FALSE,0,,,
20339,San Pedro y San Pablo Teposcolula,FALSE,0,,,
20332,San Pedro Topiltepec,FALSE,0,,,
20331,San Pedro Tidaá,FALSE,0,,,
20329,San Pedro Teozacoalco,FALSE,0,,,
20322,San Pedro Ocopetatillo,FALSE,0,,,
20321,San Pedro Nopala,FALSE,0,,,
20320,San Pedro Molinos,FALSE,0,,,
20317,San Pedro Mártir Yucuxaco,FALSE,0,,,
20313,San Pedro Jocotipac,FALSE,0,,,
20312,San Pedro Jicayán,FALSE,0,,,
20311,San Pedro Jaltepetongo,FALSE,0,,,
20304,San Pedro Coxcaltepec Cántaros,FALSE,0,,,
20302,San Pedro Atoyac,FALSE,0,,,
20300,San Pedro Amuzgos,FALSE,0,,,
20297,San Pablo Tijaltepec,FALSE,0,,,
20290,San Nicolás Hidalgo,FALSE,0,,,
20287,San Miguel Tulancingo,FALSE,0,,,
20286,San Miguel Tlacotepec,FALSE,0,,,
20285,San Miguel Tlacamama,FALSE,0,,,
20283,San Miguel Tequixtepec,FALSE,0,,,
20281,San Miguel Tecomatlán,FALSE,0,,,
20274,San Miguel Piedras,FALSE,0,,,
20272,San Miguel Panixtlahuaca,FALSE,0,,,
20270,San Miguel Huautla,FALSE,0,,,
20269,San Miguel el Grande,FALSE,0,,,
20264,San Miguel Chicahua,FALSE,0,,,
20261,San Miguel Amatitlán,FALSE,0,,,
20259,San Miguel Ahuehuetitlán,FALSE,0,,,
20258,San Miguel Achiutla,FALSE,0,,,
20256,San Mateo Tlapiltepec,FALSE,0,,,
20255,San Mateo Sindihui,FALSE,0,,,
20252,San Mateo Peñasco,FALSE,0,,,
20251,San Mateo Nejápam,FALSE,0,,,
20250,San Mateo Etlatongo,FALSE,0,,,
20249,San Mateo Yoloxochitlán,FALSE,0,,,
20245,San Martín Zacatepec,FALSE,0,,,
20244,San Martín Toxpalan,FALSE,0,,,
20242,San Martín Peras,FALSE,0,,,
20240,San Martín Itunyoso,FALSE,0,,,
20239,San Martín Huamelúlpam,FALSE,0,,,
20234,San Lucas Zoquiápam,FALSE,0,,,
20229,San Lorenzo Texmelúcan,FALSE,0,,,
20228,San Lorenzo Cuaunecuiltitla,FALSE,0,,,
20225,San Lorenzo,FALSE,0,,,
20224,San Juan Yucuita,FALSE,0,,,
20221,San Juan Teposcolula,FALSE,0,,,
20218,San Juan Teita,FALSE,0,,,
20213,San Juan Quiahije,FALSE,0,,,
20210,San Juan Ñumí,FALSE,0,,,
20208,San Juan Mixtepec -Dto. 08 -,FALSE,0,,,
20110,San Antonio Sinicahua,FALSE,0,,,
20109,San Antonio Nanahuatípam,FALSE,0,,,
20106,San Antonio Acutla,FALSE,0,,,
20105,San Antonino Monte Verde,FALSE,0,,,
20237,San Marcos Arteaga,FALSE,0,,,
20469,Santiago Juxtlahuaca,FALSE,0,,,
20467,Santiago Jamiltepec,FALSE,0,,,
20466,Santiago Ixtayutla,FALSE,0,,,
20464,Santiago Ihuitlán Plumas,FALSE,0,,,
20463,Santiago Huauclilla,FALSE,0,,,
20462,Santiago Huajolotitlán,FALSE,0,,,
20461,Santiago del Río,FALSE,0,,,
20459,Santiago Chazumba,FALSE,0,,,
20456,Santiago Cacaloxtepec,FALSE,0,,,
20451,Santiago Apoala,FALSE,0,,,
20450,Santiago Amoltepec,FALSE,0,,,
20448,Santa María Zaniza,FALSE,0,,,
20447,Santa María Zacatepec,FALSE,0,,,
20446,Santa María Yucuhiti,FALSE,0,,,
20445,Santa María Yosoyúa,FALSE,0,,,
20444,Santa María Yolotepec,FALSE,0,,,
20436,Santa María Texcatitlán,FALSE,0,,,
20434,Santa María Teopoxco,FALSE,0,,,
20433,Santa María Temaxcaltepec,FALSE,0,,,
20431,Santa María Tecomavaca,FALSE,0,,,
20430,Santa María Tataltepec,FALSE,0,,,
20429,Santa María Sola,FALSE,0,,,
20423,Santa María Nduayaco,FALSE,0,,,
20422,Santa María Nativitas,FALSE,0,,,
20416,Santa María Ixcatlán,FALSE,0,,,
20415,Santa María Ipalapa,FALSE,0,,,
20414,Santa María Huazolotitlán,FALSE,0,,,
20408,Santa María del Rosario,FALSE,0,,,
20405,Villa de Chilapa de Díaz,FALSE,0,,,
20404,Santa María Chachoápam,FALSE,0,,,
20402,Santa María Cortijo,FALSE,0,,,
20400,Santa María Camotlán,FALSE,0,,,
20397,Heroica Ciudad de Tlaxiaco,FALSE,0,,,
20396,Santa María la Asunción,FALSE,0,,,
20395,Santa María Apazco,FALSE,0,,,
20392,Santa Lucía Monteverde,FALSE,0,,,
20386,Santa Cruz Zenzontepec,FALSE,0,,,
20383,Santa Cruz Tayata,FALSE,0,,,
20382,Santa Cruz Tacahua,FALSE,0,,,
20381,Santa Cruz Tacache de Mina,FALSE,0,,,
20379,Santa Cruz Nundaco,FALSE,0,,,
20377,Santa Cruz Itundujia,FALSE,0,,,
20376,Santa Cruz de Bravo,FALSE,0,,,
20374,Santa Cruz Acatepec,FALSE,0,,,
20373,Santa Catarina Zapoquila,FALSE,0,,,
20372,Santa Catarina Yosonotú,FALSE,0,,,
20563,Yogana,FALSE,0,,,
20559,San Juan Bautista Valle Nacional,TRUE,12,2010,2021,20266.2
20554,Totontepec Villa de Morelos,FALSE,0,,,
20541,Tanetze de Zaragoza,FALSE,0,,,
20538,Sitio de Xitlapehua,FALSE,0,,,
20534,San Vicente Coatlán,FALSE,0,,,
20533,Santo Tomás Tamazulapan,FALSE,0,,,
20525,Santo Domingo Zanatepec,FALSE,0,,,
20522,Santo Domingo Xagacía,FALSE,0,,,
20517,Santo Domingo Tepuxtepec,FALSE,0,,,
20514,Santo Domingo Roayaga,FALSE,0,,,
20513,Santo Domingo Petapa,FALSE,0,,,
20512,Santo Domingo Ozolotepec,FALSE,0,,,
20509,Santo Domingo de Morelos,FALSE,0,,,
20508,Santo Domingo Chihuitán,FALSE,0,,,
20506,Santo Domingo Albarradas,FALSE,0,,,
20505,Santo Domingo Ingenio,FALSE,0,,,
20503,Santiago Zoochila,FALSE,0,,,
20502,Santiago Zacatepec,FALSE,0,,,
20498,Santiago Yaveo,FALSE,0,,,
20495,Santiago Xanica,FALSE,0,,,
20473,Santiago Laxopa,FALSE,0,,,
20472,Santiago Laollaga,FALSE,0,,,
20471,Santiago Lalopa,FALSE,0,,,
20468,Santiago Jocotepec,FALSE,0,,,
20465,Santiago Ixcuintepec,FALSE,0,,,
20458,Santiago Comaltepec,FALSE,0,,,
20457,Santiago Camotlán,FALSE,0,,,
20454,Santiago Atitlán,FALSE,0,,,
20442,Santa María Yalina,FALSE,0,,,
20441,Santa María Xadani,FALSE,0,,,
20440,Santa María Totolapilla,FALSE,0,,,
20439,Santa María Tonameca,FALSE,0,,,
20438,Santa María Tlalixtac,FALSE,0,,,
20437,Santa María Tlahuitoltepec,FALSE,0,,,
20435,Santa María Tepantlali,FALSE,0,,,
20432,Santa María Temaxcalapa,FALSE,0,,,
20428,Santa María Quiegolani,FALSE,0,,,
20425,Santa María Pápalo,FALSE,0,,,
20424,Santa María Ozolotepec,FALSE,0,,,
20421,Santa María Mixtequilla,FALSE,0,,,
20418,Santa María Jalapa del Marqués,FALSE,0,,,
20417,Santa María Jacatepec,FALSE,0,,,
20412,Santa María Guienagati,FALSE,0,,,
20410,Santa María Ecatepec,FALSE,0,,,
20407,Santa María Chimalapa,FALSE,0,,,
20406,Santa María Chilchotla,FALSE,0,,,
20394,Santa María Alotepec,FALSE,0,,,
20391,Santa Lucía Miahuatlán,FALSE,0,,,
20384,Santa Cruz Xitla,FALSE,0,,,
20366,Santa Catarina Loxicha,FALSE,0,,,
20362,Santa Catarina Cuixtla,FALSE,0,,,
20361,Santa Catalina Quierí,FALSE,0,,,
20359,Santa Ana Yareni,FALSE,0,,,
20357,Santa Ana Tavela,FALSE,0,,,
20355,Santa Ana Cuauhtémoc,FALSE,0,,,
20353,Santa Ana,FALSE,0,,,
20139,San Francisco Chapulapa,FALSE,0,,,
20124,San Blas Atempa,FALSE,0,,,
20351,San Simón Almolongas,FALSE,0,,,
20344,San Sebastián Coatlán,FALSE,0,,,
20336,San Pedro Yólox,FALSE,0,,,
20335,San Pedro Yaneri,FALSE,0,,,
20333,San Pedro Totolápam,FALSE,0,,,
20330,San Pedro Teutila,FALSE,0,,,
20326,San Pedro Sochiápam,FALSE,0,,,
20325,San Pedro Quiatoni,FALSE,0,,,
20324,San Pedro Pochutla,TRUE,13,2009,2021,15631.5
20323,San Pedro Ocotepec,FALSE,0,,,
20316,San Pedro Mártir Quiechapa,FALSE,0,,,
20309,San Pedro Ixcatlán,FALSE,0,,,
20308,San Pedro Huilotepec,FALSE,0,,,
20307,San Pedro Huamelula,TRUE,9,2013,2021,22037
20306,San Pedro el Alto,FALSE,0,,,
20299,San Pablo Yaganiza,FALSE,0,,,
20298,San Pablo Villa de Mitla,FALSE,0,,,
20296,San Pablo Macuiltianguis,FALSE,0,,,
20291,San Pablo Coatlán,FALSE,0,,,
20289,San Nicolás,FALSE,0,,,
20288,San Miguel Yotao,FALSE,0,,,
20282,San Miguel Tenango,FALSE,0,,,
20280,Villa Talea de Castro,FALSE,0,,,
20279,San Miguel Suchixtepec,FALSE,0,,,
20278,San Miguel Soyaltepec,TRUE,12,2010,2021,12338.9
20276,San Miguel Santa Flor,FALSE,0,,,
20275,San Miguel Quetzaltepec,FALSE,0,,,
20268,San Miguel Ejutla,FALSE,0,,,
20266,San Miguel del Puerto,FALSE,0,,,
20265,San Miguel Chimalapa,FALSE,0,,,
20263,San Miguel Coatlán,FALSE,0,,,
20260,San Miguel Aloápam,FALSE,0,,,
20257,San Melchor Betaza,FALSE,0,,,
20253,San Mateo Piñas,FALSE,0,,,
20248,San Mateo del Mar,FALSE,0,,,
20246,San Mateo Cajonos,FALSE,0,,,
20236,San Marcial Ozolotepec,FALSE,0,,,
20235,San Luis Amatlán,FALSE,0,,,
20232,San Lucas Ojitlán,FALSE,0,,,
20231,San Lucas Camotlán,FALSE,0,,,
20226,San Lorenzo Albarradas,FALSE,0,,,
20223,San Juan Yatzona,FALSE,0,,,
20222,San Juan Yaeé,FALSE,0,,,
20220,San Juan Tepeuxila,FALSE,0,,,
20216,San Juan Tabaá,FALSE,0,,,
20214,San Juan Quiotepec,FALSE,0,,,
20212,San Juan Petlapa,FALSE,0,,,
20207,San Juan Mazatlán,FALSE,0,,,
20204,San Juan Lajarcia,FALSE,0,,,
20203,San Juan Lachigalla,FALSE,0,,,
20201,San Juan Juquila Vijanos,FALSE,0,,,
20200,San Juan Juquila Mixes,FALSE,0,,,
20196,San Juan Evangelista Analco,FALSE,0,,,
20194,San Juan del Río,FALSE,0,,,
20190,San Juan Cotzocón,TRUE,14,2008,2021,26041.7
20189,San Juan Comaltepec,FALSE,0,,,
20187,San Juan Coatzóspam,FALSE,0,,,
20184,San Juan Bautista Tuxtepec,TRUE,14,2008,2021,8666.3
20182,San Juan Bautista Tlacoatzintepec,FALSE,0,,,
20179,San Juan Bautista Jayacatlán,FALSE,0,,,
20175,San Juan Bautista Atatlahuca,FALSE,0,,,
20173,San Juan Atepec,FALSE,0,,,
20171,San José Tenango,FALSE,0,,,
20170,San José Lachiguiri,FALSE,0,,,
20169,San José Independencia,FALSE,0,,,
20166,San José Chiltepec,FALSE,0,,,
20159,San Jerónimo Coatlán,FALSE,0,,,
20146,San Francisco Logueche,FALSE,0,,,
20136,San Felipe Usila,FALSE,0,,,
20134,San Felipe Jalapa de Díaz,FALSE,0,,,
20131,San Dionisio Ocotepec,FALSE,0,,,
20130,San Dionisio del Mar,FALSE,0,,,
20126,San Cristóbal Amatlán,FALSE,0,,,
20125,San Carlos Yautepec,FALSE,0,,,
20122,San Bartolo Yautepec,FALSE,0,,,
20120,San Bartolomé Zoogocho,FALSE,0,,,
20117,San Bartolomé Loxicha,FALSE,0,,,
20116,San Bartolomé Ayautla,FALSE,0,,,
20114,San Baltazar Yatzachi el Bajo,FALSE,0,,,
20113,San Baltazar Loxicha,FALSE,0,,,
20100,San Andrés Yaá,FALSE,0,,,
20098,San Andrés Teotilálpam,FALSE,0,,,
20097,San Andrés Solaga,FALSE,0,,,
20095,San Andrés Paxtlán,FALSE,0,,,
20085,San Agustín Loxicha,FALSE,0,,,
20080,San Agustín Amatengo,FALSE,0,,,
20079,Salina Cruz,TRUE,12,2008,2021,8995
20074,Santa Catarina Quioquitani,FALSE,0,,,
20066,Santiago Niltepec,FALSE,0,,,
20062,Natividad,FALSE,0,,,
20061,Monjas,FALSE,0,,,
20060,Mixistlán de la Reforma,FALSE,0,,,
20053,Magdalena Tlacotepec,FALSE,0,,,
20052,Magdalena Tequisistlán,FALSE,0,,,
20101,San Andrés Zabache,FALSE,0,,,
20099,San Andrés Tepetlapa,FALSE,0,,,
20093,San Andrés Lagunas,FALSE,0,,,
20090,San Andrés Huaxpaltepec,FALSE,0,,,
20089,San Andrés Dinicuiti,FALSE,0,,,
20088,San Andrés Cabecera Nueva,FALSE,0,,,
20086,San Agustín Tlacotepec,FALSE,0,,,
20082,San Agustín Chayuco,FALSE,0,,,
20081,San Agustín Atenango,FALSE,0,,,
20076,La Reforma,FALSE,0,,,
20070,Pinotepa de Don Luis,FALSE,0,,,
20065,Ixpantepec Nieves,FALSE,0,,,
20058,Mazatlán Villa de Flores,FALSE,0,,,
20056,Mártires de Tacubaya,FALSE,0,,,
20055,Mariscala de Juárez,FALSE,0,,,
20054,Magdalena Zahuatlán,FALSE,0,,,
20050,Magdalena Peñasco,FALSE,0,,,
20047,Santa Magdalena Jicotlán,FALSE,0,,,
20046,Magdalena Jaltepec,FALSE,0,,,
20037,Mesones Hidalgo,FALSE,0,,,
20034,Guadalupe de Ramírez,FALSE,0,,,
20032,Fresnillo de Trujano,FALSE,0,,,
20029,Eloxochitlán de Flores Magón,FALSE,0,,,
20026,Chalcatongo de Hidalgo,TRUE,14,2008,2021,49264.9
20024,Cuyamecalco Villa de Zaragoza,FALSE,0,,,
20022,Cosoltepec,FALSE,0,,,
20016,Coicoyán de las Flores,FALSE,0,,,
20011,Calihualá,FALSE,0,,,
20004,Asunción Cuyotepeji,FALSE,0,,,
20568,Zapotitlán Palmas,FALSE,0,,,
20567,Zapotitlán Lagunas,FALSE,0,,,
20566,San Mateo Yucutindoo,FALSE,0,,,
20564,Yutanduchi de Guerrero,FALSE,0,,,
20558,Valerio Trujano,FALSE,0,,,
20556,La Trinidad Vista Hermosa,FALSE,0,,,
20552,Tlacotepec Plumas,FALSE,0,,,
20549,"Heroica Villa Tezoatlán de Segura y Luna, Cuna de la Independencia de Oaxaca",FALSE,0,,,
20547,Teotongo,FALSE,0,,,
20545,Teotitlán de Flores Magón,TRUE,10,2012,2021,24579.9
20543,Tataltepec de Valdés,FALSE,0,,,
20540,Villa de Tamazulápam del Progreso,FALSE,0,,,
20536,San Vicente Nuñú,FALSE,0,,,
20532,Santo Tomás Ocotepec,FALSE,0,,,
20529,Santos Reyes Yucuná,FALSE,0,,,
20528,Santos Reyes Tepejillo,FALSE,0,,,
20527,Santos Reyes Pápalo,FALSE,0,,,
20526,Santos Reyes Nopala,TRUE,12,2010,2021,22869
20524,Santo Domingo Yodohino,FALSE,0,,,
20523,Santo Domingo Yanhuitlán,FALSE,0,,,
20521,Santo Domingo Tonaltepec,FALSE,0,,,
20520,Santo Domingo Tonalá,FALSE,0,,,
20516,Santo Domingo Teojomulco,TRUE,14,2008,2021,35426.7
20510,Santo Domingo Ixcatlán,FALSE,0,,,
20507,Santo Domingo Armenta,FALSE,0,,,
20501,Santiago Yucuyachi,FALSE,0,,,
20500,Santiago Yosondúa,FALSE,0,,,
20499,Santiago Yolomécatl,FALSE,0,,,
20497,Santiago Yaitepec,FALSE,0,,,
20493,Santiago Tillo,FALSE,0,,,
20492,Santiago Tilantongo,FALSE,0,,,
20491,Santiago Textitlán,FALSE,0,,,
20490,Santiago Texcalcingo,FALSE,0,,,
20489,Santiago Tetepec,FALSE,0,,,
20488,Santiago Tepetlapa,FALSE,0,,,
20486,Villa Tejúpam de la Unión,FALSE,0,,,
20485,Santiago Tapextla,FALSE,0,,,
20484,Santiago Tamazola,TRUE,14,2008,2021,81582.4
20482,Santiago Pinotepa Nacional,TRUE,13,2009,2021,14699.1
20481,Santiago Nuyoó,FALSE,0,,,
20480,Santiago Nundiche,FALSE,0,,,
20479,Santiago Nejapilla,FALSE,0,,,
20478,Santiago Nacaltepec,FALSE,0,,,
20477,Santiago Minas,FALSE,0,,,
20476,Santiago Miltepec,FALSE,0,,,
20474,Santiago Llano Grande,FALSE,0,,,
20021,Cosolapa,FALSE,0,,,
20018,Concepción Buenavista,FALSE,0,,,
20548,Tepelmeme Villa de Morelos,FALSE,0,,,
20164,San Jorge Nuchita,FALSE,0,,,
20230,San Lorenzo Victoria,FALSE,0,,,
20147,San Francisco Nuxaño,FALSE,0,,,
20562,Magdalena Yodocono de Porfirio Díaz,FALSE,0,,,
20215,San Juan Sayultepec,FALSE,0,,,
20096,San Andrés Sinaxtla,FALSE,0,,,
20149,San Francisco Sola,FALSE,0,,,
20314,San Pedro Juchatengo,FALSE,0,,,
20347,San Sebastián Río Hondo,FALSE,0,,,
20319,San Pedro Mixtepec -Dto. 26 -,FALSE,0,,,
20254,San Mateo Río Hondo,FALSE,0,,,
20209,San Juan Mixtepec -Dto. 26 -,FALSE,0,,,
20167,San José del Peñasco,FALSE,0,,,
20154,San Ildefonso Amatlán,FALSE,0,,,
20059,Miahuatlán de Porfirio Díaz,FALSE,0,,,
20409,Santa María del Tule,FALSE,0,,,
20028,Heroica Ciudad de Ejutla de Crespo,FALSE,0,,,
20398,Ayoquezco de Aldama,FALSE,0,,,
20161,San Jerónimo Sosola,FALSE,0,,,
20150,San Francisco Telixtlahuaca,FALSE,0,,,
20135,San Felipe Tejalápam,FALSE,0,,,
20123,San Bernardo Mixtepec,FALSE,0,,,
20035,Guelatao de Juárez,FALSE,0,,,
20033,Guadalupe Etla,FALSE,0,,,
20023,Cuilápam de Guerrero,FALSE,0,,,
20017,La Compañía,FALSE,0,,,
20013,Ciénega de Zimatlán,FALSE,0,,,
20273,San Miguel Peras,FALSE,0,,,
20271,San Miguel Mixtepec,FALSE,0,,,
20241,San Martín Lachilá,FALSE,0,,,
20217,San Juan Tamazola,FALSE,0,,,
20108,San Antonio Huitepec,FALSE,0,,,
20104,San Antonino el Alto,FALSE,0,,,
20426,Santa María Peñoles,FALSE,0,,,
20420,Santa María Lachixío,FALSE,0,,,
20565,Villa de Zaachila,FALSE,0,,,
20561,Yaxe,FALSE,0,,,
20560,Villa Díaz Ordaz,FALSE,0,,,
20555,Trinidad Zaachila,FALSE,0,,,
20544,Teococuilco de Marcos Pérez,FALSE,0,,,
20539,Soledad Etla,FALSE,0,,,
20519,Santo Domingo Tomaltepec,FALSE,0,,,
20504,Nuevo Zoquiápam,FALSE,0,,,
20496,Santiago Xiacuí,FALSE,0,,,
20475,Santiago Matatlán,FALSE,0,,,
20449,Santa María Zoquitlán,FALSE,0,,,
20443,Santa María Yavesía,FALSE,0,,,
20419,Santa María Jaltianguis,FALSE,0,,,
20411,Santa María Guelacé,FALSE,0,,,
20403,Santa María Coyotepec,FALSE,0,,,
20399,Santa María Atzompa,FALSE,0,,,
20393,Santa Lucía Ocotlán,FALSE,0,,,
20389,Santa Inés Yatzeche,FALSE,0,,,
20388,Santa Inés del Monte,FALSE,0,,,
20387,Santa Gertrudis,FALSE,0,,,
20385,Santa Cruz Xoxocotlán,FALSE,0,,,
20380,Santa Cruz Papalutla,FALSE,0,,,
20378,Santa Cruz Mixtepec,FALSE,0,,,
20375,Santa Cruz Amilpas,FALSE,0,,,
20369,Santa Catarina Quiané,FALSE,0,,,
20368,Santa Catarina Minas,FALSE,0,,,
20365,Santa Catarina Lachatao,FALSE,0,,,
20363,Santa Catarina Ixtepeji,FALSE,0,,,
20358,Santa Ana Tlapacoyan,FALSE,0,,,
20356,Santa Ana del Valle,FALSE,0,,,
20107,San Antonio de la Cal,FALSE,0,,,
20349,San Sebastián Teitipac,FALSE,0,,,
20343,San Sebastián Abasolo,FALSE,0,,,
20342,San Raymundo Jalpan,FALSE,0,,,
20328,San Pedro Taviche,FALSE,0,,,
20310,San Pedro Ixtlahuaca,FALSE,0,,,
20295,San Pablo Huixtepec,TRUE,14,2008,2021,82777
20293,San Pablo Etla,FALSE,0,,,
20284,San Miguel Tilquiápam,FALSE,0,,,
20267,San Miguel del Río,FALSE,0,,,
20262,San Miguel Amatlán,FALSE,0,,,
20247,Capulálpam de Méndez,FALSE,0,,,
20238,San Martín de los Cansecos,FALSE,0,,,
20233,San Lucas Quiaviní,FALSE,0,,,
20227,San Lorenzo Cacaotepec,FALSE,0,,,
20219,San Juan Teitipac,FALSE,0,,,
20197,San Juan Guelavía,FALSE,0,,,
20191,San Juan Chicomezúchil,FALSE,0,,,
20178,San Juan Bautista Guelache,FALSE,0,,,
20174,Ánimas Trujano,FALSE,0,,,
20162,San Jerónimo Taviche,FALSE,0,,,
20157,San Jacinto Amilpas,FALSE,0,,,
20118,San Bartolomé Quialana,FALSE,0,,,
20112,San Baltazar Chichicápam,FALSE,0,,,
20084,San Agustín Etla,FALSE,0,,,
20083,San Agustín de las Juntas,FALSE,0,,,
20078,Rojas de Cuauhtémoc,FALSE,0,,,
20069,La Pe,FALSE,0,,,
20051,Magdalena Teitipac,FALSE,0,,,
20049,Magdalena Ocotlán,FALSE,0,,,
20094,San Andrés Nuxiño,FALSE,0,,,
20092,San Andrés Ixtlahuaca,FALSE,0,,,
20063,Nazareno Etla,FALSE,0,,,
20048,Magdalena Mixtepec,FALSE,0,,,
20569,Santa Inés de Zaragoza,FALSE,0,,,
20535,San Vicente Lachixío,FALSE,0,,,
20531,Santo Tomás Mazaltepec,FALSE,0,,,
20511,Santo Domingo Nuxaá,FALSE,0,,,
20494,Santiago Tlazoyaltepec,FALSE,0,,,
20487,Santiago Tenango,FALSE,0,,,
20155,San Ildefonso Sola,FALSE,0,,,
20277,Villa Sola de Vega,TRUE,10,2012,2021,15758
20294,San Pablo Huitzo,FALSE,0,,,
20338,Villa de Etla,FALSE,0,,,
20193,San Juan del Estado,FALSE,0,,,
20045,Magdalena Apasco,FALSE,0,,,
20077,Reyes Etla,FALSE,0,,,
20483,Santiago Suchilquitongo,FALSE,0,,,
20553,Tlalixtac de Cabrera,FALSE,0,,,
20091,San Andrés Huayápam,FALSE,0,,,
20067,Oaxaca de Juárez,TRUE,14,2008,2021,13022.6
20145,San Francisco Lachigoló,FALSE,0,,,
20550,San Jerónimo Tlacochahuaya,FALSE,0,,,
20546,Teotitlán del Valle,FALSE,0,,,
20007,Asunción Ocotlán,FALSE,0,,,
20530,Santo Tomás Jalieza,FALSE,0,,,
20315,San Pedro Mártir,FALSE,0,,,
20243,San Martín Tilcajete,FALSE,0,,,
20192,San Juan Chilateca,FALSE,0,,,
20132,San Dionisio Ocotlán,FALSE,0,,,
20068,Ocotlán de Morelos,FALSE,0,,,
20301,San Pedro Apóstol,FALSE,0,,,
20072,San José del Progreso,FALSE,0,,,
20087,San Agustín Yatareni,FALSE,0,,,
20452,Santiago Apóstol,FALSE,0,,,
20360,Santa Ana Zegache,FALSE,0,,,
20103,San Antonino Castillo Velasco,FALSE,0,,,
20318,San Pedro Mixtepec -Dto. 22 -,TRUE,12,2010,2021,12657.4
20401,Santa María Colotepec,FALSE,0,,,
20012,Candelaria Loxicha,FALSE,0,,,
20071,Pluma Hidalgo,FALSE,0,,,
20557,Unión Hidalgo,FALSE,0,,,
20043,Heroica Ciudad de Juchitán de Zaragoza,TRUE,14,2008,2021,13448.5
20143,San Francisco Ixhuatán,FALSE,0,,,
20141,San Francisco del Mar,FALSE,0,,,
20075,Reforma de Pineda,FALSE,0,,,
20025,Chahuites,FALSE,0,,,
20005,Asunción Ixtaltepec,FALSE,0,,,
20305,San Pedro Comitancillo,FALSE,0,,,
20010,El Barrio de la Soledad,FALSE,0,,,
20427,Santa María Petapa,FALSE,0,,,
20102,San Andrés Zautla,FALSE,0,,,
20211,San Juan Ozolotepec,FALSE,0,,,
20327,San Pedro Tapanatepec,TRUE,14,2008,2021,31365.7
20453,Santiago Astata,FALSE,0,,,
20413,Santa María Huatulco,TRUE,10,2012,2021,6976.4
20334,Villa de Tututepec de Melchor Ocampo,TRUE,12,2010,2021,12138
20057,Matías Romero Avendaño,FALSE,0,,,
20470,Santiago Lachiguiri,FALSE,0,,,
20205,San Juan Lalana,FALSE,0,,,
20042,Ixtlán de Juárez,TRUE,14,2008,2021,34766.7
20183,San Juan Bautista Tlachichilco,FALSE,0,,,
20073,Putla Villa de Guerrero,TRUE,14,2008,2021,31657.1
20039,Heroica Ciudad de Huajuapan de León,TRUE,14,2008,2021,14212.6
20020,Constancia del Rosario,FALSE,0,,,
20006,Asunción Nochixtlán,TRUE,14,2008,2021,20670.2
20537,Silacayoápam,FALSE,0,,,
20390,Santa Lucía del Camino,FALSE,0,,,
20350,San Sebastián Tutla,FALSE,0,,,
20515,Santo Domingo Tehuantepec,TRUE,14,2008,2021,6534.4
20570,Zimatlán de Álvarez,FALSE,0,,,
20551,Tlacolula de Matamoros,FALSE,0,,,
20460,Santiago Choápam,FALSE,0,,,
20198,San Juan Guichicovi,FALSE,0,,,
20115,San Bartolo Coyotepec,TRUE,14,2008,2021,61465.5
20064,Nejapa de Madero,TRUE,12,2010,2021,29799.5
20044,Loma Bonita,TRUE,13,2009,2021,16139.2
20036,Guevea de Humboldt,FALSE,0,,,
20292,San Pablo Cuatro Venados,FALSE,0,,,
21027,Caltepec,FALSE,0,,,
21072,Huehuetla,TRUE,14,2008,2021,30410
21073,Huehuetlán el Chico,FALSE,0,,,
21088,Jonotla,FALSE,0,,,
21155,Tecomatlán,TRUE,14,2008,2021,148186.5
21216,Zoquiapan,FALSE,0,,,
21117,Rafael Lara Grajales,FALSE,0,,,
21002,Acateno,FALSE,0,,,
21005,Acteopan,FALSE,0,,,
21006,Ahuacatlán,TRUE,14,2008,2021,10559.5
21007,Ahuatlán,FALSE,0,,,
21008,Ahuazotepec,FALSE,0,,,
21009,Ahuehuetitla,FALSE,0,,,
21011,Albino Zertuche,FALSE,0,,,
21012,Aljojuca,FALSE,0,,,
21014,Amixtlán,FALSE,0,,,
21016,Aquixtla,FALSE,0,,,
21017,Atempan,FALSE,0,,,
21018,Atexcal,FALSE,0,,,
21021,Atzala,FALSE,0,,,
21022,Atzitzihuacán,FALSE,0,,,
21023,Atzitzintla,FALSE,0,,,
21024,Axutla,FALSE,0,,,
21025,Ayotoxco de Guerrero,TRUE,13,2008,2021,41854.3
21026,Calpan,FALSE,0,,,
21028,Camocuautla,FALSE,0,,,
21029,Caxhuacan,FALSE,0,,,
21030,Coatepec,FALSE,0,,,
21031,Coatzingo,FALSE,0,,,
21032,Cohetzala,FALSE,0,,,
21033,Cohuecan,FALSE,0,,,
21036,Coyomeapan,FALSE,0,,,
21037,Coyotepec,FALSE,0,,,
21038,Cuapiaxtla de Madero,FALSE,0,,,
21039,Cuautempan,FALSE,0,,,
21040,Cuautinchán,FALSE,0,,,
21041,Cuautlancingo,TRUE,6,2016,2021,551.6
21042,Cuayuca de Andrade,FALSE,0,,,
21043,Cuetzalan del Progreso,TRUE,13,2008,2021,9777.7
21044,Cuyoaco,TRUE,14,2008,2021,28390.8
21045,Chalchicomula de Sesma,TRUE,14,2008,2021,16645
21046,Chapulco,FALSE,0,,,
21049,Chiconcuautla,FALSE,0,,,
21050,Chichiquila,FALSE,0,,,
21052,Chigmecatitlán,FALSE,0,,,
21053,Chignahuapan,TRUE,2,2016,2021,4575.5
21054,Chignautla,FALSE,0,,,
21055,Chila,FALSE,0,,,
21056,Chila de la Sal,FALSE,0,,,
21057,Honey,FALSE,0,,,
21058,Chilchotla,FALSE,0,,,
21059,Chinantla,FALSE,0,,,
21061,Eloxochitlán,FALSE,0,,,
21062,Epatlán,FALSE,0,,,
21063,Esperanza,TRUE,6,2016,2021,6226.9
21066,Guadalupe,FALSE,0,,,
21067,Guadalupe Victoria,TRUE,13,2008,2021,21657.3
21068,Hermenegildo Galeana,FALSE,0,,,
21069,Huaquechula,TRUE,4,2018,2021,7392.7
21070,Huatlatlauca,FALSE,0,,,
21071,Huauchinango,TRUE,13,2008,2021,10556.8
21074,Huejotzingo,TRUE,14,2008,2021,13230.9
21075,Hueyapan,FALSE,0,,,
21076,Hueytamalco,FALSE,0,,,
21077,Hueytlalpan,FALSE,0,,,
21078,Huitzilan de Serdán,TRUE,7,2015,2021,14564.4
21080,Atlequizayan,FALSE,0,,,
21081,Ixcamilpa de Guerrero,FALSE,0,,,
21082,Ixcaquixtla,TRUE,14,2008,2021,50675.2
21083,Ixtacamaxtitlán,TRUE,14,2008,2021,6112.2
21084,Ixtepec,FALSE,0,,,
21086,Jalpan,FALSE,0,,,
21087,Jolalpan,FALSE,0,,,
21089,Jopala,FALSE,0,,,
21091,Juan Galindo,FALSE,0,,,
21092,Juan N. Méndez,FALSE,0,,,
21093,Lafragua,FALSE,0,,,
21094,Libres,TRUE,13,2008,2021,18379.7
21095,La Magdalena Tlatlauquitepec,FALSE,0,,,
21096,Mazapiltepec de Juárez,FALSE,0,,,
21097,Mixtla,FALSE,0,,,
21098,Molcaxac,FALSE,0,,,
21099,Cañada Morelos,TRUE,6,2016,2021,2214.2
21100,Naupan,FALSE,0,,,
21101,Nauzontla,FALSE,0,,,
21103,Nicolás Bravo,FALSE,0,,,
21104,Nopalucan,TRUE,6,2016,2021,914.3
21105,Ocotepec,FALSE,0,,,
21107,Olintla,FALSE,0,,,
21108,Oriental,FALSE,0,,,
21109,Pahuatlán,TRUE,13,2008,2021,21923.8
21112,Petlalcingo,FALSE,0,,,
21113,Piaxtla,FALSE,0,,,
21116,Quimixtlán,TRUE,14,2008,2021,19380.5
21118,Los Reyes de Juárez,FALSE,0,,,
21119,San Andrés Cholula,TRUE,7,2015,2021,7318.9
21120,San Antonio Cañada,FALSE,0,,,
21121,San Diego la Mesa Tochimiltzingo,FALSE,0,,,
21122,San Felipe Teotlalcingo,FALSE,0,,,
21123,San Felipe Tepatlán,FALSE,0,,,
21124,San Gabriel Chilac,FALSE,0,,,
21125,San Gregorio Atzompa,FALSE,0,,,
21126,San Jerónimo Tecuanipan,FALSE,0,,,
21127,San Jerónimo Xayacatlán,FALSE,0,,,
21128,San José Chiapa,TRUE,8,2014,2021,49267.5
21130,San Juan Atenco,FALSE,0,,,
21131,San Juan Atzompa,FALSE,0,,,
21133,San Martín Totoltepec,FALSE,0,,,
21134,San Matías Tlalancaleca,FALSE,0,,,
21135,San Miguel Ixitlán,FALSE,0,,,
21136,San Miguel Xoxtla,FALSE,0,,,
21137,San Nicolás Buenos Aires,FALSE,0,,,
21138,San Nicolás de los Ranchos,FALSE,0,,,
21139,San Pablo Anicano,FALSE,0,,,
21140,San Pedro Cholula,TRUE,12,2008,2021,6439.3
21141,San Pedro Yeloixtlahuaca,FALSE,0,,,
21142,San Salvador el Seco,FALSE,0,,,
21143,San Salvador el Verde,TRUE,6,2016,2021,6070.3
21145,San Sebastián Tlacotepec,TRUE,14,2008,2021,14527.4
21146,Santa Catarina Tlaltempan,FALSE,0,,,
21147,Santa Inés Ahuatempan,FALSE,0,,,
21148,Santa Isabel Cholula,FALSE,0,,,
21149,Santiago Miahuatlán,TRUE,1,2021,2021,60.6
21150,Huehuetlán el Grande,FALSE,0,,,
21151,Santo Tomás Hueyotlipan,FALSE,0,,,
21152,Soltepec,FALSE,0,,,
21156,Tehuacán,TRUE,14,2008,2021,9872.7
21157,Tehuitzingo,FALSE,0,,,
21158,Tenampulco,FALSE,0,,,
21159,Teopantlán,FALSE,0,,,
21160,Teotlalco,FALSE,0,,,
21162,Tepango de Rodríguez,FALSE,0,,,
21165,Tepemaxalco,FALSE,0,,,
21166,Tepeojuma,FALSE,0,,,
21167,Tepetzintla,FALSE,0,,,
21168,Tepexco,FALSE,0,,,
21169,Tepexi de Rodríguez,FALSE,0,,,
21170,Tepeyahualco,FALSE,0,,,
21171,Tepeyahualco de Cuauhtémoc,FALSE,0,,,
21172,Tetela de Ocampo,TRUE,13,2008,2021,9006.7
21173,Teteles de Avila Castillo,FALSE,0,,,
21174,Teziutlán,TRUE,13,2008,2021,13076.2
21175,Tianguismanalco,FALSE,0,,,
21176,Tilapa,FALSE,0,,,
21178,Tlacuilotepec,FALSE,0,,,
21179,Tlachichuca,TRUE,6,2016,2021,5537.2
21180,Tlahuapan,FALSE,0,,,
21181,Tlaltenango,FALSE,0,,,
21182,Tlanepantla,FALSE,0,,,
21183,Tlaola,TRUE,14,2008,2021,11890.6
21184,Tlapacoya,FALSE,0,,,
21185,Tlapanalá,FALSE,0,,,
21186,Tlatlauquitepec,TRUE,13,2008,2021,21187.1
21187,Tlaxco,FALSE,0,,,
21188,Tochimilco,FALSE,0,,,
21190,Totoltepec de Guerrero,FALSE,0,,,
21191,Tulcingo,TRUE,14,2008,2021,47219.9
21192,Tuzamapan de Galeana,FALSE,0,,,
21193,Tzicatlacoyan,FALSE,0,,,
21195,Vicente Guerrero,TRUE,14,2008,2021,9745.5
21196,Xayacatlán de Bravo,FALSE,0,,,
21197,Xicotepec,TRUE,14,2008,2021,12673.7
21198,Xicotlán,FALSE,0,,,
21200,Xochiapulco,FALSE,0,,,
21201,Xochiltepec,FALSE,0,,,
21202,Xochitlán de Vicente Suárez,FALSE,0,,,
21203,Xochitlán Todos Santos,FALSE,0,,,
21204,Yaonáhuac,FALSE,0,,,
21206,Zacapala,TRUE,11,2011,2021,76642.5
21207,Zacapoaxtla,TRUE,8,2014,2021,6859.3
21208,Zacatlán,TRUE,14,2008,2021,16110.4
21209,Zapotitlán,FALSE,0,,,
21210,Zapotitlán de Méndez,TRUE,14,2008,2021,49659.7
21211,Zaragoza,FALSE,0,,,
21212,Zautla,FALSE,0,,,
21213,Zihuateutla,FALSE,0,,,
21215,Zongozotla,FALSE,0,,,
21199,Xiutetelco,FALSE,0,,,
21205,Yehualtepec,TRUE,4,2018,2021,18219.3
21177,Tlacotepec de Benito Juárez,TRUE,14,2008,2021,9515.8
21164,Tepeaca,TRUE,14,2008,2021,13519.5
21144,San Salvador Huixcolotla,FALSE,0,,,
21111,Pantepec,TRUE,14,2008,2021,20080.6
21085,Izúcar de Matamoros,TRUE,13,2008,2021,24682.8
21051,Chietla,FALSE,0,,,
21020,Atoyatempan,FALSE,0,,,
21004,Acatzingo,TRUE,14,2008,2021,11497.7
21013,Altepexi,FALSE,0,,,
21035,Coxcatlán,TRUE,14,2008,2021,46267
21064,Francisco Z. Mena,FALSE,0,,,
21102,Nealtican,FALSE,0,,,
21115,Quecholac,FALSE,0,,,
21154,Tecamachalco,TRUE,14,2008,2021,8017.3
21194,Venustiano Carranza,TRUE,5,2017,2021,5904.7
21047,Chiautla,FALSE,0,,,
21001,Acajete,TRUE,14,2008,2021,7748.3
21015,Amozoc,TRUE,4,2018,2021,2147.4
21065,General Felipe Ángeles,FALSE,0,,,
21106,Ocoyucan,FALSE,0,,,
21129,San José Miahuatlán,FALSE,0,,,
21161,Tepanco de López,FALSE,0,,,
21214,Zinacatepec,FALSE,0,,,
21010,Ajalpan,TRUE,14,2008,2021,5438.2
21034,Coronango,FALSE,0,,,
21060,Domingo Arenas,FALSE,0,,,
21090,Juan C. Bonilla,FALSE,0,,,
21114,Puebla,TRUE,14,2008,2021,3941
21153,Tecali de Herrera,FALSE,0,,,
21189,Tochtepec,TRUE,6,2016,2021,4486.2
21163,Tepatlaxco de Hidalgo,TRUE,4,2018,2021,9048.9
21079,Huitziltepec,FALSE,0,,,
21003,Acatlán,TRUE,13,2008,2021,28953.4
21019,Atlixco,TRUE,13,2008,2021,7587
21110,Palmar de Bravo,TRUE,14,2008,2021,22562.7
21217,Zoquitlán,TRUE,13,2008,2021,7827
21132,San Martín Texmelucan,TRUE,14,2008,2021,5368.5
21048,Chiautzingo,FALSE,0,,,
22003,Arroyo Seco,FALSE,0,,,
22009,Jalpan de Serra,TRUE,14,2008,2021,62384.8
22010,Landa de Matamoros,FALSE,0,,,
22002,Pinal de Amoles,FALSE,0,,,
22004,Cadereyta de Montes,TRUE,14,2008,2021,32600.7
22015,San Joaquín,FALSE,0,,,
22013,Peñamiller,FALSE,0,,,
22018,Tolimán,TRUE,8,2014,2021,11205.3
22005,Colón,FALSE,0,,,
22007,Ezequiel Montes,FALSE,0,,,
22011,El Marqués,FALSE,0,,,
22014,Querétaro,TRUE,14,2008,2021,7544.3
22017,Tequisquiapan,FALSE,0,,,
22016,San Juan del Río,TRUE,9,2008,2021,6517.4
22008,Huimilpan,FALSE,0,,,
22012,Pedro Escobedo,FALSE,0,,,
22006,Corregidora,FALSE,0,,,
22001,Amealco de Bonfil,TRUE,5,2014,2021,5698.2
23003,Isla Mujeres,TRUE,13,2009,2021,17465.5
23007,Lázaro Cárdenas,TRUE,13,2009,2021,15847.7
23001,Cozumel,TRUE,13,2009,2021,6604.3
23009,Tulum,FALSE,0,,,
23008,Solidaridad,TRUE,13,2009,2021,9611.1
23005,Benito Juárez,TRUE,13,2009,2021,4110.9
23002,Felipe Carrillo Puerto,TRUE,13,2009,2021,11221.8
23004,Othón P. Blanco,TRUE,13,2009,2021,7640.1
23010,Bacalar,FALSE,0,,,
23006,José María Morelos,TRUE,13,2009,2021,12484.9
24058,El Naranjo,FALSE,0,,,
24057,Matlapa,FALSE,0,,,
24056,Villa de Arista,TRUE,11,2011,2021,43698.5
24055,Zaragoza,FALSE,0,,,
24054,Xilitla,TRUE,14,2008,2021,9868.7
24053,Axtla de Terrazas,TRUE,6,2008,2013,20302.4
24052,Villa Juárez,FALSE,0,,,
24051,Villa Hidalgo,FALSE,0,,,
24050,Villa de Reyes,FALSE,0,,,
24049,Villa de Ramos,FALSE,0,,,
24048,Villa de la Paz,FALSE,0,,,
24047,Villa de Guadalupe,FALSE,0,,,
24046,Villa de Arriaga,FALSE,0,,,
24045,Venado,FALSE,0,,,
24044,Vanegas,FALSE,0,,,
24043,Tierra Nueva,FALSE,0,,,
24042,Tanquián de Escobedo,FALSE,0,,,
24041,Tanlajás,FALSE,0,,,
24040,Tamuín,TRUE,10,2012,2021,12193
24039,Tampamolón Corona,FALSE,0,,,
24038,Tampacán,FALSE,0,,,
24037,Tamazunchale,TRUE,14,2008,2021,5509.6
24036,Tamasopo,FALSE,0,,,
24035,Soledad de Graciano Sánchez,TRUE,12,2010,2021,9639.9
24034,San Vicente Tancuayalab,FALSE,0,,,
24033,Santo Domingo,FALSE,0,,,
24032,Santa María del Río,FALSE,0,,,
24031,Santa Catarina,FALSE,0,,,
24030,San Nicolás Tolentino,FALSE,0,,,
24029,San Martín Chalchicuautla,FALSE,0,,,
24028,San Luis Potosí,TRUE,14,2008,2021,3847.3
24027,San Ciro de Acosta,FALSE,0,,,
24026,San Antonio,FALSE,0,,,
24025,Salinas,TRUE,11,2011,2021,30270.3
24024,Rioverde,TRUE,7,2015,2021,17959.1
24023,Rayón,FALSE,0,,,
24022,Moctezuma,FALSE,0,,,
24021,Mexquitic de Carmona,FALSE,0,,,
24020,Matehuala,TRUE,14,2008,2021,22010.7
24019,Lagunillas,FALSE,0,,,
24018,Huehuetlán,FALSE,0,,,
24017,Guadalcázar,FALSE,0,,,
24016,Ebano,TRUE,9,2013,2021,12900.9
24015,Charcas,FALSE,0,,,
24014,Coxcatlán,FALSE,0,,,
24013,Ciudad Valles,TRUE,14,2008,2021,14358.8
24012,Tancanhuitz,FALSE,0,,,
24011,Ciudad Fernández,FALSE,0,,,
24010,Ciudad del Maíz,TRUE,9,2013,2021,15746.5
24009,Cerro de San Pedro,FALSE,0,,,
24008,Cerritos,FALSE,0,,,
24007,Cedral,FALSE,0,,,
24006,Catorce,FALSE,0,,,
24005,Cárdenas,FALSE,0,,,
24004,Armadillo de los Infante,FALSE,0,,,
24003,Aquismón,TRUE,9,2013,2021,20634.1
24002,Alaquines,TRUE,1,2018,2018,12.7
24001,Ahualulco,TRUE,3,2014,2016,6397.6
25002,Angostura,TRUE,13,2009,2021,11259.3
25001,Ahome,TRUE,13,2009,2021,7706.7
25003,Badiraguato,TRUE,14,2008,2021,5741.2
25004,Concordia,TRUE,13,2009,2021,27744.8
25005,Cosalá,TRUE,13,2009,2021,33894.6
25007,Choix,TRUE,10,2012,2021,19002.8
25008,Elota,TRUE,12,2009,2021,11584.5
25009,Escuinapa,TRUE,2,2013,2021,7343.5
25010,El Fuerte,FALSE,0,,,
25011,Guasave,TRUE,14,2008,2021,7505.6
25013,Mocorito,TRUE,8,2014,2021,15598.1
25014,Rosario,TRUE,13,2009,2021,21082.2
25015,Salvador Alvarado,TRUE,13,2009,2021,20457
25016,San Ignacio,TRUE,13,2009,2021,36898.4
25018,Navolato,TRUE,13,2009,2021,7334.5
25006,Culiacán,TRUE,13,2009,2021,5427.4
25017,Sinaloa,TRUE,14,2008,2021,16259.8
25012,Mazatlán,TRUE,11,2009,2021,6815.3
26026,Etchojoa,FALSE,0,,,
26042,Navojoa,TRUE,14,2008,2021,8180.3
26012,Bácum,FALSE,0,,,
26033,Huatabampo,TRUE,14,2008,2021,21299
26032,Huásabas,FALSE,0,,,
26048,Puerto Peñasco,TRUE,14,2008,2021,19735.9
26017,Caborca,TRUE,14,2008,2021,19322
26050,Rayón,FALSE,0,,,
26049,Quiriego,FALSE,0,,,
26047,Pitiquito,FALSE,0,,,
26046,Oquitoa,FALSE,0,,,
26045,Opodepe,FALSE,0,,,
26044,Onavas,FALSE,0,,,
26043,Nogales,TRUE,14,2008,2021,8368.3
26041,Nacozari de García,FALSE,0,,,
26040,Nácori Chico,FALSE,0,,,
26039,Naco,FALSE,0,,,
26038,Moctezuma,TRUE,14,2008,2021,47449.6
26037,Mazatán,FALSE,0,,,
26036,Magdalena,TRUE,13,2008,2021,26978.2
26035,Imuris,FALSE,0,,,
26034,Huépac,FALSE,0,,,
26031,Huachinera,FALSE,0,,,
26068,Villa Pesqueira,FALSE,0,,,
26028,Granados,TRUE,1,2018,2018,289.3
26027,Fronteras,FALSE,0,,,
26025,Empalme,FALSE,0,,,
26024,Divisaderos,FALSE,0,,,
26023,Cumpas,FALSE,0,,,
26022,Cucurpe,FALSE,0,,,
26021,La Colorada,FALSE,0,,,
26020,Carbó,FALSE,0,,,
26019,Cananea,TRUE,14,2008,2021,35363.9
26018,Cajeme,TRUE,14,2008,2021,9223.4
26016,Benjamín Hill,FALSE,0,,,
26015,Bavispe,FALSE,0,,,
26014,Baviácora,FALSE,0,,,
26013,Banámichi,FALSE,0,,,
26011,Bacoachi,FALSE,0,,,
26010,Bacerac,FALSE,0,,,
26009,Bacanora,FALSE,0,,,
26008,Bacadéhuachi,FALSE,0,,,
26007,Atil,FALSE,0,,,
26006,Arizpe,FALSE,0,,,
26005,Arivechi,FALSE,0,,,
26004,Altar,FALSE,0,,,
26003,Alamos,TRUE,14,2008,2021,21428.4
26002,Agua Prieta,TRUE,14,2008,2021,12721.8
26001,Aconchi,FALSE,0,,,
26072,San Ignacio Río Muerto,FALSE,0,,,
26071,Benito Juárez,FALSE,0,,,
26070,General Plutarco Elías Calles,FALSE,0,,,
26069,Yécora,FALSE,0,,,
26067,Villa Hidalgo,FALSE,0,,,
26066,Ures,TRUE,14,2008,2021,53179
26065,Tubutama,FALSE,0,,,
26064,Trincheras,FALSE,0,,,
26063,Tepache,FALSE,0,,,
26062,Suaqui Grande,FALSE,0,,,
26061,Soyopa,FALSE,0,,,
26060,Sáric,FALSE,0,,,
26059,Santa Cruz,FALSE,0,,,
26058,Santa Ana,TRUE,14,2008,2021,44146.8
26057,San Pedro de la Cueva,FALSE,0,,,
26056,San Miguel de Horcasitas,FALSE,0,,,
26054,San Javier,FALSE,0,,,
26053,San Felipe de Jesús,FALSE,0,,,
26052,Sahuaripa,FALSE,0,,,
26051,Rosario,FALSE,0,,,
26055,San Luis Río Colorado,TRUE,14,2008,2021,8073.4
26029,Guaymas,TRUE,14,2008,2021,11949.1
26030,Hermosillo,TRUE,14,2008,2021,10658.6
27013,Nacajuca,TRUE,14,2008,2021,11068.2
27008,Huimanguillo,TRUE,14,2008,2021,11890.4
27007,Emiliano Zapata,TRUE,14,2008,2021,30891.3
27011,Jonuta,TRUE,13,2008,2021,3811.6
27014,Paraíso,TRUE,14,2008,2021,12684.4
27002,Cárdenas,TRUE,14,2008,2021,11243.5
27006,Cunduacán,TRUE,14,2008,2021,13755.6
27010,Jalpa de Méndez,TRUE,14,2008,2021,15220.8
27017,Tenosique,TRUE,14,2008,2021,22207.9
27016,Teapa,TRUE,14,2008,2021,33341.7
27009,Jalapa,TRUE,14,2008,2021,27806.6
27003,Centla,TRUE,14,2008,2021,16137.8
27001,Balancán,TRUE,14,2008,2021,16438.8
27015,Tacotalpa,TRUE,14,2008,2021,19802.6
27012,Macuspana,TRUE,14,2008,2021,18751.2
27005,Comalcalco,TRUE,14,2008,2021,15775.4
27004,Centro,TRUE,14,2008,2021,14413.9
28038,Tampico,TRUE,14,2008,2021,6297.6
28003,Altamira,TRUE,11,2011,2021,3763.6
28009,Ciudad Madero,TRUE,14,2008,2021,7754.2
28024,Mier,FALSE,0,,,
28014,Guerrero,FALSE,0,,,
28025,Miguel Alemán,TRUE,7,2012,2018,13034.1
28007,Camargo,FALSE,0,,,
28015,Gustavo Díaz Ordaz,FALSE,0,,,
28032,Reynosa,TRUE,14,2008,2021,4867.7
28023,Méndez,FALSE,0,,,
28005,Burgos,FALSE,0,,,
28034,San Carlos,FALSE,0,,,
28020,Mainero,FALSE,0,,,
28042,Villagrán,FALSE,0,,,
28016,Hidalgo,FALSE,0,,,
28013,Güémez,FALSE,0,,,
28017,Jaumave,TRUE,11,2008,2018,8904.3
28026,Miquihuana,FALSE,0,,,
28006,Bustamante,FALSE,0,,,
28039,Tula,FALSE,0,,,
28029,Ocampo,FALSE,0,,,
28028,Nuevo Morelos,FALSE,0,,,
28004,Antiguo Morelos,FALSE,0,,,
28021,El Mante,TRUE,13,2009,2021,12436.5
28012,González,FALSE,0,,,
28027,Nuevo Laredo,TRUE,14,2008,2021,7142.1
28041,Victoria,TRUE,14,2008,2021,17277.2
28008,Casas,FALSE,0,,,
28019,Llera,FALSE,0,,,
28001,Abasolo,TRUE,13,2009,2021,15619.8
28002,Aldama,TRUE,12,2010,2021,33775.6
28010,Cruillas,FALSE,0,,,
28018,Jiménez,FALSE,0,,,
28037,Soto la Marina,FALSE,0,,,
28040,Valle Hermoso,TRUE,10,2010,2021,7230.7
28036,San Nicolás,FALSE,0,,,
28031,Palmillas,FALSE,0,,,
28035,San Fernando,TRUE,12,2008,2021,14953.9
28043,Xicoténcatl,FALSE,0,,,
28011,Gómez Farías,FALSE,0,,,
28030,Padilla,FALSE,0,,,
28022,Matamoros,TRUE,12,2009,2021,1615.6
28033,Río Bravo,TRUE,9,2013,2021,6431.6
29002,Apetatitlán de Antonio Carvajal,TRUE,14,2008,2021,110638.3
29003,Atlangatepec,FALSE,0,,,
29004,Atltzayanca,FALSE,0,,,
29005,Apizaco,FALSE,0,,,
29006,Calpulalpan,TRUE,14,2008,2021,26688.4
29007,El Carmen Tequexquitla,TRUE,14,2008,2021,31568.7
29008,Cuapiaxtla,FALSE,0,,,
29009,Cuaxomulco,FALSE,0,,,
29010,Chiautempan,TRUE,3,2008,2010,14307.9
29011,Muñoz de Domingo Arenas,FALSE,0,,,
29012,Españita,FALSE,0,,,
29013,Huamantla,TRUE,13,2008,2021,14967.6
29014,Hueyotlipan,FALSE,0,,,
29015,Ixtacuixtla de Mariano Matamoros,FALSE,0,,,
29016,Ixtenco,FALSE,0,,,
29017,Mazatecochco de José María Morelos,FALSE,0,,,
29018,Contla de Juan Cuamatzi,TRUE,14,2008,2021,14163.7
29019,Tepetitla de Lardizábal,FALSE,0,,,
29021,Nanacamilpa de Mariano Arista,FALSE,0,,,
29022,Acuamanala de Miguel Hidalgo,FALSE,0,,,
29023,Natívitas,TRUE,11,2011,2021,16220
29024,Panotla,FALSE,0,,,
29025,San Pablo del Monte,TRUE,14,2008,2021,10645.2
29026,Santa Cruz Tlaxcala,FALSE,0,,,
29027,Tenancingo,FALSE,0,,,
29028,Teolocholco,FALSE,0,,,
29029,Tepeyanco,FALSE,0,,,
29030,Terrenate,FALSE,0,,,
29031,Tetla de la Solidaridad,FALSE,0,,,
29032,Tetlatlahuca,FALSE,0,,,
29033,Tlaxcala,TRUE,14,2008,2021,25011.1
29034,Tlaxco,TRUE,14,2008,2021,14858.8
29035,Tocatlán,FALSE,0,,,
29036,Totolac,FALSE,0,,,
29037,Ziltlaltépec de Trinidad Sánchez Santos,FALSE,0,,,
29038,Tzompantepec,TRUE,14,2008,2021,151550.9
29039,Xaloztoc,FALSE,0,,,
29040,Xaltocan,FALSE,0,,,
29041,Papalotla de Xicohténcatl,FALSE,0,,,
29042,Xicohtzinco,FALSE,0,,,
29043,Yauhquemehcan,FALSE,0,,,
29044,Zacatelco,TRUE,14,2008,2021,15620
29045,Benito Juárez,FALSE,0,,,
29046,Emiliano Zapata,FALSE,0,,,
29047,Lázaro Cárdenas,FALSE,0,,,
29048,La Magdalena Tlaltelulco,FALSE,0,,,
29049,San Damián Texóloc,FALSE,0,,,
29050,San Francisco Tetlanohcan,FALSE,0,,,
29051,San Jerónimo Zacualpan,FALSE,0,,,
29052,San José Teacalco,FALSE,0,,,
29053,San Juan Huactzinco,FALSE,0,,,
29054,San Lorenzo Axocomanitla,FALSE,0,,,
29055,San Lucas Tecopilco,FALSE,0,,,
29056,Santa Ana Nopalucan,FALSE,0,,,
29057,Santa Apolonia Teacalco,FALSE,0,,,
29058,Santa Catarina Ayometla,FALSE,0,,,
29059,Santa Cruz Quilehtla,FALSE,0,,,
29060,Santa Isabel Xiloxoxtla,FALSE,0,,,
29020,Sanctórum de Lázaro Cárdenas,FALSE,0,,,
29001,Amaxac de Guerrero,FALSE,0,,,
30001,Acajete,FALSE,0,,,
30002,Acatlán,FALSE,0,,,
30003,Acayucan,FALSE,0,,,
30004,Actopan,FALSE,0,,,
30005,Acula,FALSE,0,,,
30006,Acultzingo,FALSE,0,,,
30007,Camarón de Tejeda,FALSE,0,,,
30008,Alpatláhuac,FALSE,0,,,
30009,Alto Lucero de Gutiérrez Barrios,TRUE,8,2014,2021,16904.6
30010,Altotonga,TRUE,13,2008,2021,5842.4
30011,Alvarado,TRUE,14,2008,2021,16933.3
30012,Amatitlán,FALSE,0,,,
30013,Naranjos Amatlán,TRUE,13,2008,2021,22769.4
30014,Amatlán de los Reyes,FALSE,0,,,
30015,Angel R. Cabada,FALSE,0,,,
30016,La Antigua,TRUE,14,2008,2021,28591.7
30017,Apazapan,FALSE,0,,,
30018,Aquila,FALSE,0,,,
30019,Astacinga,FALSE,0,,,
30020,Atlahuilco,FALSE,0,,,
30021,Atoyac,FALSE,0,,,
30022,Atzacan,FALSE,0,,,
30023,Atzalan,FALSE,0,,,
30024,Tlaltetela,FALSE,0,,,
30025,Ayahualulco,FALSE,0,,,
30026,Banderilla,FALSE,0,,,
30027,Benito Juárez,FALSE,0,,,
30028,Boca del Río,TRUE,8,2014,2021,9146.8
30029,Calcahualco,FALSE,0,,,
30030,Camerino Z. Mendoza,FALSE,0,,,
30031,Carrillo Puerto,FALSE,0,,,
30032,Catemaco,TRUE,13,2008,2021,12448.4
30033,Cazones de Herrera,FALSE,0,,,
30034,Cerro Azul,TRUE,14,2008,2021,15797.6
30035,Citlaltépetl,FALSE,0,,,
30036,Coacoatzintla,FALSE,0,,,
30037,Coahuitlán,FALSE,0,,,
30038,Coatepec,TRUE,14,2008,2021,6173.8
30039,Coatzacoalcos,TRUE,14,2008,2021,8113.7
30040,Coatzintla,FALSE,0,,,
30041,Coetzala,FALSE,0,,,
30042,Colipa,FALSE,0,,,
30043,Comapa,FALSE,0,,,
30044,Córdoba,TRUE,14,2008,2021,8267.1
30045,Cosamaloapan de Carpio,TRUE,4,2018,2021,17513.9
30046,Cosautlán de Carvajal,FALSE,0,,,
30047,Coscomatepec,FALSE,0,,,
30048,Cosoleacaque,TRUE,9,2013,2021,4795.8
30049,Cotaxtla,FALSE,0,,,
30050,Coxquihui,FALSE,0,,,
30051,Coyutla,FALSE,0,,,
30052,Cuichapa,FALSE,0,,,
30053,Cuitláhuac,FALSE,0,,,
30054,Chacaltianguis,FALSE,0,,,
30055,Chalma,FALSE,0,,,
30056,Chiconamel,FALSE,0,,,
30057,Chiconquiaco,FALSE,0,,,
30058,Chicontepec,FALSE,0,,,
30059,Chinameca,FALSE,0,,,
30060,Chinampa de Gorostiza,FALSE,0,,,
30061,Las Choapas,TRUE,12,2010,2021,9595.5
30062,Chocamán,FALSE,0,,,
30063,Chontla,FALSE,0,,,
30064,Chumatlán,FALSE,0,,,
30065,Emiliano Zapata,FALSE,0,,,
30066,Espinal,TRUE,14,2008,2021,18927.7
30067,Filomeno Mata,FALSE,0,,,
30068,Fortín,FALSE,0,,,
30069,Gutiérrez Zamora,TRUE,14,2008,2021,20018.3
30070,Hidalgotitlán,FALSE,0,,,
30071,Huatusco,TRUE,14,2008,2021,10326.1
30072,Huayacocotla,TRUE,14,2008,2021,19825.4
30073,Hueyapan de Ocampo,FALSE,0,,,
30074,Huiloapan de Cuauhtémoc,FALSE,0,,,
30075,Ignacio de la Llave,FALSE,0,,,
30076,Ilamatlán,FALSE,0,,,
30077,Isla,TRUE,14,2008,2021,13137
30078,Ixcatepec,FALSE,0,,,
30079,Ixhuacán de los Reyes,FALSE,0,,,
30080,Ixhuatlán del Café,FALSE,0,,,
30081,Ixhuatlancillo,FALSE,0,,,
30082,Ixhuatlán del Sureste,TRUE,14,2008,2021,26557.7
30083,Ixhuatlán de Madero,TRUE,14,2008,2021,10468.3
30084,Ixmatlahuacan,FALSE,0,,,
30085,Ixtaczoquitlán,FALSE,0,,,
30086,Jalacingo,FALSE,0,,,
30087,Xalapa,TRUE,14,2008,2021,10818.6
30088,Jalcomulco,FALSE,0,,,
30089,Jáltipan,FALSE,0,,,
30090,Jamapa,FALSE,0,,,
30091,Jesús Carranza,TRUE,14,2008,2021,2560.7
30092,Xico,FALSE,0,,,
30093,Jilotepec,FALSE,0,,,
30094,Juan Rodríguez Clara,FALSE,0,,,
30095,Juchique de Ferrer,FALSE,0,,,
30096,Landero y Coss,FALSE,0,,,
30097,Lerdo de Tejada,FALSE,0,,,
30098,Magdalena,FALSE,0,,,
30099,Maltrata,FALSE,0,,,
30100,Manlio Fabio Altamirano,FALSE,0,,,
30101,Mariano Escobedo,FALSE,0,,,
30102,Martínez de la Torre,TRUE,14,2008,2021,11035
30103,Mecatlán,FALSE,0,,,
30104,Mecayapan,TRUE,14,2008,2021,39435.3
30105,Medellín,FALSE,0,,,
30106,Miahuatlán,FALSE,0,,,
30107,Las Minas,FALSE,0,,,
30108,Minatitlán,TRUE,14,2008,2021,11064
30109,Misantla,TRUE,14,2008,2021,13057.6
30110,Mixtla de Altamirano,FALSE,0,,,
30111,Moloacán,FALSE,0,,,
30112,Naolinco,TRUE,10,2008,2021,36221.8
30113,Naranjal,FALSE,0,,,
30114,Nautla,FALSE,0,,,
30115,Nogales,FALSE,0,,,
30116,Oluta,TRUE,14,2008,2021,34237.2
30117,Omealca,FALSE,0,,,
30118,Orizaba,TRUE,14,2008,2021,1222
30119,Otatitlán,FALSE,0,,,
30120,Oteapan,FALSE,0,,,
30121,Ozuluama de Mascareñas,TRUE,14,2008,2021,20827.4
30122,Pajapan,FALSE,0,,,
30123,Pánuco,TRUE,12,2008,2021,8694.1
30124,Papantla,TRUE,14,2008,2021,4425.8
30125,Paso del Macho,FALSE,0,,,
30126,Paso de Ovejas,FALSE,0,,,
30127,La Perla,FALSE,0,,,
30128,Perote,TRUE,14,2008,2021,14080.4
30129,Platón Sánchez,TRUE,11,2011,2021,46526.6
30130,Playa Vicente,TRUE,11,2011,2021,7696.3
30131,Poza Rica de Hidalgo,TRUE,12,2008,2021,5524.5
30132,Las Vigas de Ramírez,FALSE,0,,,
30133,Pueblo Viejo,FALSE,0,,,
30134,Puente Nacional,FALSE,0,,,
30135,Rafael Delgado,FALSE,0,,,
30136,Rafael Lucio,FALSE,0,,,
30137,Los Reyes,FALSE,0,,,
30138,Río Blanco,TRUE,13,2009,2021,33972.6
30139,Saltabarranca,FALSE,0,,,
30140,San Andrés Tenejapan,FALSE,0,,,
30141,San Andrés Tuxtla,TRUE,14,2008,2021,7622.9
30142,San Juan Evangelista,FALSE,0,,,
30143,Santiago Tuxtla,TRUE,14,2008,2021,11408.3
30144,Sayula de Alemán,FALSE,0,,,
30145,Soconusco,FALSE,0,,,
30146,Sochiapa,FALSE,0,,,
30147,Soledad Atzompa,FALSE,0,,,
30148,Soledad de Doblado,FALSE,0,,,
30149,Soteapan,FALSE,0,,,
30150,Tamalín,FALSE,0,,,
30151,Tamiahua,FALSE,0,,,
30152,Tampico Alto,FALSE,0,,,
30153,Tancoco,FALSE,0,,,
30154,Tantima,FALSE,0,,,
30155,Tantoyuca,TRUE,14,2008,2021,9055.1
30156,Tatatila,FALSE,0,,,
30157,Castillo de Teayo,FALSE,0,,,
30158,Tecolutla,FALSE,0,,,
30159,Tehuipango,FALSE,0,,,
30160,Álamo Temapache,TRUE,10,2012,2021,4113.9
30161,Tempoal,TRUE,13,2009,2021,3639.2
30162,Tenampa,FALSE,0,,,
30163,Tenochtitlán,FALSE,0,,,
30164,Teocelo,TRUE,13,2008,2021,60189.1
30165,Tepatlaxco,FALSE,0,,,
30166,Tepetlán,FALSE,0,,,
30167,Tepetzintla,FALSE,0,,,
30168,Tequila,FALSE,0,,,
30169,José Azueta,TRUE,13,2008,2021,31460.2
30170,Texcatepec,FALSE,0,,,
30171,Texhuacán,FALSE,0,,,
30172,Texistepec,FALSE,0,,,
30173,Tezonapa,TRUE,14,2008,2021,10261.4
30174,Tierra Blanca,TRUE,14,2008,2021,6813.1
30175,Tihuatlán,FALSE,0,,,
30176,Tlacojalpan,FALSE,0,,,
30177,Tlacolulan,FALSE,0,,,
30178,Tlacotalpan,TRUE,14,2008,2021,27086.2
30179,Tlacotepec de Mejía,FALSE,0,,,
30180,Tlachichilco,FALSE,0,,,
30181,Tlalixcoyan,TRUE,14,2008,2021,14980.4
30182,Tlalnelhuayocan,FALSE,0,,,
30183,Tlapacoyan,TRUE,14,2008,2021,11423.5
30184,Tlaquilpa,TRUE,14,2008,2021,53774.1
30185,Tlilapan,FALSE,0,,,
30186,Tomatlán,FALSE,0,,,
30187,Tonayán,FALSE,0,,,
30188,Totutla,FALSE,0,,,
30189,Tuxpan,TRUE,14,2008,2021,4751.4
30190,Tuxtilla,FALSE,0,,,
30191,Ursulo Galván,FALSE,0,,,
30192,Vega de Alatorre,FALSE,0,,,
30193,Veracruz,TRUE,14,2008,2021,5080.9
30194,Villa Aldama,FALSE,0,,,
30195,Xoxocotla,FALSE,0,,,
30196,Yanga,FALSE,0,,,
30197,Yecuatla,FALSE,0,,,
30198,Zacualpan,FALSE,0,,,
30199,Zaragoza,FALSE,0,,,
30200,Zentla,FALSE,0,,,
30201,Zongolica,FALSE,0,,,
30202,Zontecomatlán de López y Fuentes,FALSE,0,,,
30203,Zozocolco de Hidalgo,FALSE,0,,,
30204,Agua Dulce,FALSE,0,,,
30205,El Higo,FALSE,0,,,
30206,Nanchital de Lázaro Cárdenas del Río,FALSE,0,,,
30207,Tres Valles,FALSE,0,,,
30208,Carlos A. Carrillo,FALSE,0,,,
30209,Tatahuicapan de Juárez,FALSE,0,,,
30210,Uxpanapa,TRUE,14,2008,2021,25749.3
30211,San Rafael,FALSE,0,,,
30212,Santiago Sochiapan,FALSE,0,,,
31021,Chichimilá,FALSE,0,,,
31023,Chocholá,FALSE,0,,,
31069,Sotuta,FALSE,0,,,
31068,Sinanché,FALSE,0,,,
31067,Seyé,FALSE,0,,,
31066,Santa Elena,FALSE,0,,,
31065,San Felipe,FALSE,0,,,
31064,Sanahcat,FALSE,0,,,
31063,Samahil,FALSE,0,,,
31061,Río Lagartos,FALSE,0,,,
31060,Quintana Roo,FALSE,0,,,
31058,Peto,TRUE,3,2019,2021,481.1
31057,Panabá,FALSE,0,,,
31055,Opichén,FALSE,0,,,
31054,Muxupip,FALSE,0,,,
31053,Muna,FALSE,0,,,
31051,Mocochá,FALSE,0,,,
31049,Mayapán,FALSE,0,,,
31048,Maxcanú,FALSE,0,,,
31045,Kopomá,FALSE,0,,,
31044,Kinchil,FALSE,0,,,
31043,Kaua,FALSE,0,,,
31042,Kantunil,FALSE,0,,,
31040,Izamal,FALSE,0,,,
31039,Ixil,FALSE,0,,,
31038,Hunucmá,FALSE,0,,,
31037,Huhí,FALSE,0,,,
31035,Hoctún,FALSE,0,,,
31034,Hocabá,FALSE,0,,,
31032,Espita,FALSE,0,,,
31031,Dzoncauich,FALSE,0,,,
31030,Dzitás,FALSE,0,,,
31029,Dzilam González,FALSE,0,,,
31027,Dzidzantún,FALSE,0,,,
31026,Dzemul,FALSE,0,,,
31025,Dzán,FALSE,0,,,
31024,Chumayel,FALSE,0,,,
31022,Chikindzonot,FALSE,0,,,
31020,Chicxulub Pueblo,FALSE,0,,,
31019,Chemax,FALSE,0,,,
31018,Chapab,FALSE,0,,,
31017,Chankom,FALSE,0,,,
31016,Chacsinkín,FALSE,0,,,
31106,Yobaín,FALSE,0,,,
31105,Yaxkukul,FALSE,0,,,
31104,Yaxcabá,FALSE,0,,,
31103,Xocchel,FALSE,0,,,
31102,Valladolid,TRUE,14,2008,2021,20260.7
31100,Ucú,FALSE,0,,,
31099,Uayma,FALSE,0,,,
31098,Tzucacab,FALSE,0,,,
31097,Tunkás,FALSE,0,,,
31096,Tizimín,TRUE,14,2008,2021,15855
31095,Tixpéhual,FALSE,0,,,
31094,Tixmehuac,FALSE,0,,,
31093,Tixkokob,FALSE,0,,,
31092,Tixcacalcupul,FALSE,0,,,
31091,Tinum,FALSE,0,,,
31090,Timucuy,FALSE,0,,,
31089,Ticul,FALSE,0,,,
31088,Teya,FALSE,0,,,
31087,Tetiz,FALSE,0,,,
31086,Tepakán,FALSE,0,,,
31085,Temozón,FALSE,0,,,
31084,Temax,FALSE,0,,,
31082,Telchac Pueblo,FALSE,0,,,
31081,Tekom,FALSE,0,,,
31079,Tekax,TRUE,2,2020,2021,11016.9
31078,Tekantó,FALSE,0,,,
31077,Tekal de Venegas,FALSE,0,,,
31076,Tecoh,FALSE,0,,,
31075,Teabo,FALSE,0,,,
31074,Tahmek,FALSE,0,,,
31073,Tahdziú,FALSE,0,,,
31072,Suma,FALSE,0,,,
31071,Sudzal,FALSE,0,,,
31070,Sucilá,FALSE,0,,,
31014,Cuncunul,FALSE,0,,,
31013,Conkal,FALSE,0,,,
31012,Cenotillo,FALSE,0,,,
31010,Cantamayec,FALSE,0,,,
31009,Cansahcab,FALSE,0,,,
31008,Calotmul,FALSE,0,,,
31007,Cacalchén,FALSE,0,,,
31006,Buctzotz,FALSE,0,,,
31005,Bokobá,FALSE,0,,,
31004,Baca,FALSE,0,,,
31003,Akil,FALSE,0,,,
31002,Acanceh,FALSE,0,,,
31001,Abalá,FALSE,0,,,
31033,Halachó,FALSE,0,,,
31052,Motul,FALSE,0,,,
31041,Kanasín,FALSE,0,,,
31050,Mérida,TRUE,14,2008,2021,1890.5
31101,Umán,FALSE,0,,,
31015,Cuzamá,FALSE,0,,,
31036,Homún,FALSE,0,,,
31062,Sacalum,FALSE,0,,,
31056,Oxkutzcab,FALSE,0,,,
31047,Maní,FALSE,0,,,
31083,Telchac Puerto,FALSE,0,,,
31028,Dzilam de Bravo,FALSE,0,,,
31059,Progreso,FALSE,0,,,
31011,Celestún,FALSE,0,,,
31046,Mama,FALSE,0,,,
31080,Tekit,FALSE,0,,,
32051,Villa de Cos,TRUE,13,2008,2021,15906.4
32029,Miguel Auza,FALSE,0,,,
32056,Zacatecas,TRUE,12,2010,2021,15385.1
32050,Vetagrande,FALSE,0,,,
32022,Juan Aldama,TRUE,14,2008,2021,62142.5
32017,Guadalupe,TRUE,14,2008,2021,16018.5
32049,Valparaíso,TRUE,13,2008,2021,26505.3
32021,Jiménez del Teul,FALSE,0,,,
32009,Chalchihuites,FALSE,0,,,
32058,Santa María de la Paz,FALSE,0,,,
32048,Tlaltenango de Sánchez Román,FALSE,0,,,
32047,Teúl de González Ortega,FALSE,0,,,
32045,Tepechitlán,FALSE,0,,,
32044,Tabasco,TRUE,13,2009,2021,33216.7
32034,Nochistlán de Mejía,TRUE,14,2008,2021,19486.3
32033,Moyahua de Estrada,FALSE,0,,,
32030,Momax,FALSE,0,,,
32028,Mezquital del Oro,FALSE,0,,,
32023,Juchipila,TRUE,14,2008,2021,52579.7
32019,Jalpa,TRUE,14,2008,2021,47005.7
32018,Huanusco,FALSE,0,,,
32015,El Plateado de Joaquín Amaro,FALSE,0,,,
32011,Trinidad García de la Cadena,FALSE,0,,,
32004,Benito Juárez,FALSE,0,,,
32003,Atolinga,FALSE,0,,,
32002,Apulco,FALSE,0,,,
32001,Apozol,FALSE,0,,,
32057,Trancoso,TRUE,14,2008,2021,44198.9
32055,Villanueva,FALSE,0,,,
32054,Villa Hidalgo,FALSE,0,,,
32053,Villa González Ortega,FALSE,0,,,
32052,Villa García,FALSE,0,,,
32046,Tepetongo,FALSE,0,,,
32043,Susticacán,FALSE,0,,,
32042,Sombrerete,TRUE,12,2008,2021,8660.1
32040,Sain Alto,FALSE,0,,,
32039,Río Grande,FALSE,0,,,
32038,Pinos,FALSE,0,,,
32037,Pánuco,FALSE,0,,,
32036,Ojocaliente,TRUE,14,2008,2021,22465.9
32035,Noria de Ángeles,FALSE,0,,,
32032,Morelos,FALSE,0,,,
32031,Monte Escobedo,FALSE,0,,,
32026,Mazapil,FALSE,0,,,
32025,Luis Moya,FALSE,0,,,
32024,Loreto,TRUE,14,2008,2021,45503.4
32020,Jerez,TRUE,14,2008,2021,38085.9
32016,General Pánfilo Natera,FALSE,0,,,
32013,General Enrique Estrada,FALSE,0,,,
32012,Genaro Codina,FALSE,0,,,
32010,Fresnillo,TRUE,14,2008,2021,20875
32008,Cuauhtémoc,FALSE,0,,,
32006,Cañitas de Felipe Pescador,FALSE,0,,,
32005,Calera,TRUE,13,2008,2021,11784.1
32041,El Salvador,FALSE,0,,,
32007,Concepción del Oro,FALSE,0,,,
32027,Melchor Ocampo,FALSE,0,,,
32014,General Francisco R. Murguía,FALSE,0,,,
09012,Tlalpan,TRUE,14,2008,2021,16173.4
09013,Xochimilco,TRUE,13,2009,2021,5626.6
09008,La Magdalena Contreras,TRUE,12,2010,2021,3481.7
09014,Benito Juárez,TRUE,13,2009,2021,5282
09015,Cuauhtémoc,TRUE,14,2008,2021,18426
09010,Álvaro Obregón,TRUE,13,2009,2021,3963.2
09004,Cuajimalpa de Morelos,TRUE,6,2009,2014,4542.8
09003,Coyoacán,TRUE,13,2009,2021,2340.2
09011,Tláhuac,TRUE,13,2009,2021,10528.1
09009,Milpa Alta,TRUE,13,2009,2021,16690.5
