agem,years_present,origin_rate,beds_per_100k,doctors_per_100k,offices_per_100k
01001,11,7440.2,61.6,78.6,28.3
01002,10,6315,,,
01003,12,20633.4,78.2,172.5,82
01004,10,7817.6,,,
01005,10,2320.3,,,
01006,10,31365.5,89.4,202.4,35.1
01007,12,16852.2,98.4,185.2,71.5
01008,10,9978.4,,,
01009,10,10259.1,,,
01010,11,2865.3,,,
01011,10,3894.7,,,
02001,11,1878.4,42.8,55.6,35.3
02002,11,3732,37,38.6,20
02003,11,11926.9,60,83.3,25.9
02004,12,2004.4,18.2,20.1,10.9
02005,10,6245.2,51.4,62.5,18.7
03001,11,19196,76.3,92,44.2
03002,11,4767.6,64.3,75.8,49.1
03003,12,5075,90.7,82.4,38.6
03008,11,8251.8,35.2,52.1,24.6
03009,11,21226.1,153.9,121.3,53.3
04001,11,7142.6,68.3,92.6,38.8
04002,11,7335.7,160,144.5,45.4
04003,12,7042.5,52.4,53.7,24.5
04004,11,8798,40.7,80.5,37.3
04005,10,464.8,,,
04006,11,12091.7,85.3,102.7,58
04007,10,22871.8,159.3,215.7,136.5
04008,9,936.5,,,
04009,10,13620.9,77,115.9,59.1
04010,10,7645.2,73.9,98.8,71.8
04011,11,9344.5,133,112.4,97.8
05001,9,1590,,,
05002,11,4405.5,32,33.8,11.1
05003,11,10710.4,203.5,174.1,39.5
05004,9,381.9,,,
05005,9,1844.7,,,
05006,11,565.2,,,
05007,10,15508.7,254.5,178.1,102.1
05008,11,1113,,,
05009,11,5421.6,48.6,83.9,40.2
05010,11,867,,,
05011,11,751.1,103.5,100.6,44.8
05012,9,925.9,,,
05013,8,653.8,,,
05014,7,1970.3,,,
05015,9,343.1,,,
05016,9,995.1,,,
05017,11,2738.3,23.8,35.6,20.6
05018,11,1117,26.2,49.7,17.7
05019,9,1712.6,,,
05020,11,3101.9,60.7,90.1,29.2
05021,8,325.2,,,
05022,9,415.4,,,
05023,10,744.5,,,
05024,10,2428.3,226.2,78.7,36.2
05025,11,4300.9,46.7,52.9,21.6
05026,8,273.3,,,
05027,9,170.5,,,
05028,11,2635.8,17.4,44.1,13.2
05029,8,733.1,,,
05030,11,1341.9,32.7,38.2,16.6
05031,11,333.7,,,
05032,9,8598.7,78.8,96.3,53.7
05033,11,5027,51.9,60.8,36.7
05034,8,214.8,,,
05035,10,430.8,19.4,26,13.5
05036,9,323.3,,,
05037,9,1923.1,,,
05038,9,655.1,64.3,65,42.3
06001,9,1145.1,,,
06002,11,11808.7,144.9,184.1,62.1
06003,9,1137,,,
06004,9,1256.2,,,
06005,10,647.1,,,
06006,10,23707.7,1004.6,446.2,401.7
06007,10,901.8,71.6,72.4,43.6
06008,10,591.2,,,
06009,11,13877.4,111.7,112.4,60.9
06010,10,739.6,37.4,62.8,18.1
07001,9,866.2,,,
07002,10,11939.2,135.3,131.9,39.8
07003,9,646.8,,,
07004,10,250.4,,,
07005,10,3026.1,48.5,80.8,56.6
07006,11,1760.6,,,
07007,11,933.2,,,
07008,11,11370,91.5,60,43.9
07009,11,29947.7,109.7,170.6,66.7
07010,9,1047.8,,,
07011,11,1895.6,,,
07012,9,511.6,28.5,101.9,34.5
07013,10,196.3,,,
07014,10,352,,,
07015,10,133.1,,,
07016,11,2016.5,,,
07017,11,6529.9,35.2,65,34.1
07018,10,696,,,
07019,12,27649.2,124.5,154,35.1
07020,11,1095.3,,,
07021,9,557.5,76.3,49.4,58.4
07022,10,1364.9,77.8,59.2,51.3
07023,10,1225.2,19.8,51.1,32.3
07024,10,746.4,,,
07025,9,2199.6,,,
07026,11,513.5,,,
07027,10,709.5,15.8,69.2,23.6
07028,9,3029.9,,,
07029,9,484.4,,,
07030,11,2018.6,,,
07031,11,443.1,,,
07032,9,670.7,,,
07033,9,726.9,,,
07034,11,5086.2,44.9,70.4,43.8
07035,9,149.4,,,
07036,9,682.2,,,
07037,9,1531.9,,,
07038,10,845.8,,,
07039,9,285.1,,,
07040,10,2348.2,114,149.2,41.2
07041,11,2988.3,,,
07042,10,2107,,,
07043,9,4347.4,,,
07044,10,843.4,,,
07045,10,4863.1,,,
07046,11,1273,,,
07047,9,202.1,28.1,24.1,20.1
07048,9,2973.8,,,
07049,11,3135.9,80.6,89.2,58.6
07050,9,5484.9,,,
07051,9,154,,,
07052,11,6220.9,29.4,70.2,42.7
07053,9,154.6,,,
07054,9,186.2,,,
07055,8,219.1,,,
07056,10,338.2,,,
07057,11,362,,,
07059,11,1106.7,32.4,42,23.9
07060,8,293.3,,,
07061,9,209.4,,,
07062,9,2192,129.5,132.2,94.4
07063,6,588.3,,,
07064,11,604,34.8,49.9,43.2
07065,11,7503.4,72.5,90.4,27.8
07066,10,497.2,,,
07067,9,1411.4,,,
07068,10,6691.5,173,222.2,69
07069,10,6688.2,42,107.7,83.5
07070,11,587.6,162.8,80.6,46.6
07071,10,1191.7,,,
07072,9,396.7,,,
07073,9,1123.2,,,
07074,10,9691.4,156.9,160.1,61.7
07075,11,1600.1,74.7,81.6,55.5
07076,10,1644.5,,,
07077,10,1225.5,34.5,51.7,35
07078,11,4222.7,75.3,120.5,22.6
07079,9,601.5,,,
07080,10,573.1,,,
07081,10,278.1,31.9,52.4,48.7
07082,10,244.2,,,
07083,11,1136.3,,,
07084,9,2748,,,
07085,9,562.1,,,
07086,9,832.8,,,
07087,9,160.9,,,
07088,9,5391.2,,,
07089,11,2576.8,84.1,83.2,33.4
07090,9,1103.3,,,
07091,9,4510.3,151.3,83.8,63.5
07092,9,484.8,,,
07093,10,455,,,
07094,11,1815,29.3,66.5,46.4
07096,11,5277.4,39.6,22.3,14.7
07097,11,10106.1,56.8,88.1,49.2
07098,9,2438.6,,,
07099,11,3384.5,,,
07100,10,1745.6,,,
07101,11,6001.9,84.7,130.8,25.7
07102,10,130.8,,,
07103,10,2189.2,,,
07104,11,2608,,,
07105,9,167.6,,,
07106,11,347.5,,,
07107,11,4430.9,49.6,40.7,44.2
07108,11,7180.5,105.1,114.3,41
07109,11,6110.1,128.6,121.9,27.6
07110,10,1472.7,,,
07111,9,441.4,,,
07112,10,303.6,,,
07113,9,715.9,,,
07114,8,473.9,,,
07115,8,1164.9,,,
07116,10,319.4,,,
07117,9,717.5,,,
07118,8,130.7,,,
07119,8,2598.6,,,
08001,10,377,,,
08002,9,18678.1,13.8,68.6,39.7
08003,9,453.5,,,
08004,9,173.9,,,
08005,10,1020.9,,,
08006,9,913.6,,,
08007,10,822.1,,,
08008,11,708.1,,,
08009,10,452.4,,,
08010,10,1484.8,,,
08011,10,17058.3,111.6,113.4,49
08012,9,822.5,,,
08013,10,1984.2,,,
08014,9,1816.6,,,
08015,9,1272.3,,,
08016,9,451.1,,,
08017,9,4460.9,78.9,99.5,30.2
08018,9,1082.6,,,
08019,11,3540.6,71.5,70.3,22
08020,9,337.9,,,
08021,9,6528.5,61.9,69.2,17
08022,9,512.8,,,
08023,10,2420,,,
08024,8,544.5,,,
08025,10,23509.9,328.7,237.1,164
08026,8,816.4,,,
08027,9,1090.2,18.2,46.2,43.2
08028,8,318,,,
08029,10,11769.2,95.6,65,33
08030,10,749.8,,,
08031,9,675.2,,,
08032,10,9282.4,106.5,112.3,30.8
08033,7,2933.9,,,
08034,10,2599.4,,,
08035,10,1443.4,,,
08036,9,18710.2,95.2,125.5,40.8
08037,11,1263.8,31.4,24.8,11.4
08038,8,1409,40.2,20.1,60.2
08039,7,3826.1,,,
08040,10,1835.9,44,43.9,40.9
08041,9,614.5,,,
08042,6,1948.6,,,
08043,9,529.9,,,
08044,9,663.4,,,
08045,9,1193.9,,,
08046,9,733.6,,,
08047,8,577.1,,,
08048,11,659.2,,,
08049,9,606.8,,,
08050,10,5828,56,66.3,17.6
08051,9,589.8,,,
08052,9,11137.9,113.9,103.5,43.4
08053,8,301.6,,,
08054,8,262.4,,,
08055,8,1475.1,,,
08056,9,600.7,,,
08057,7,629.4,,,
08058,7,498.9,,,
08059,9,731.1,,,
08060,8,705.1,,,
08061,8,471.1,,,
08062,9,419,,,
08063,9,701.7,,,
08064,8,1476.4,,,
08065,10,617,,,
08066,9,476.2,,,
08067,8,976.3,,,
09002,11,5267.3,12.8,70.4,23.5
09003,11,2382.2,72.9,94.8,38.8
09004,11,748.2,25.9,62.7,24.2
09005,11,4426.8,87.8,105.2,31.2
09006,11,6587,18.4,54.7,19.8
09007,11,4331.3,32.7,57.1,19.7
09008,11,1836.2,17.4,62.6,50.6
09009,11,10572.6,51.5,124.9,52.5
09010,11,4263.1,24.2,51.4,17.5
09011,11,8392.3,123.3,110.4,38.1
09012,11,6103,344.3,339.5,160
09013,12,6195.6,77.9,68.7,26
09014,11,959.3,59.9,109.6,21.4
09015,11,2166.3,332.4,361.7,137.5
09016,11,6789.5,210.9,240.8,59.2
09017,11,6041.1,108.2,157.1,40.1
10001,11,19885.1,63.4,60,36.3
10002,10,4126,,,
10003,11,2635.6,,,
10004,11,26145.9,123.7,93.6,38.4
10005,11,8584.1,85.2,99.5,35.3
10006,11,2466.1,92.4,67.1,61.7
10007,11,4557.7,30.8,39.9,16.7
10008,11,1174.7,,,
10009,10,2462.9,,,
10010,9,5432.6,,,
10011,9,6502.9,,,
10012,11,7162,38.1,50.5,24
10013,10,4064.1,40.9,46.5,45.9
10014,11,9943,122.3,117.6,62.1
10015,10,2582.7,76.9,26.6,72.4
10016,10,2159.7,,,
10017,10,2443.5,122.5,123,98
10018,11,39834.1,345.9,185.7,111.9
10019,9,5119.8,,,
10020,10,7374.2,80.1,87,50.7
10021,11,4213.1,87.5,75.3,43.8
10022,11,3482.7,43.7,42.6,25.4
10023,11,13337.8,43.8,52.4,28
10024,10,1584.1,,,
10025,9,4994.5,0,67.7,67.7
10026,10,2458.7,,,
10027,10,1119.4,0,73.8,73.8
10028,10,3248.3,93.2,122.4,62.7
10029,10,1167.1,,,
10030,10,1157.1,,,
10031,10,9035.9,,,
10032,11,22424.1,117.6,91.8,38.1
10033,11,40783.6,184.7,189.2,95.6
10034,11,16844.4,120.2,141.7,74.2
10035,10,5291,,,
10036,9,482.2,,,
10037,11,1565,,,
10038,9,1515,,,
10039,11,27049.6,72.1,55.4,28.1
11001,11,12812.3,51.9,53.7,36.6
11002,11,16345.9,92.2,112.5,53.4
11003,11,17835.9,68.5,69.6,27
11004,11,14263.7,55.1,67.7,45.4
11005,11,11613.9,40.4,43.6,28
11006,10,3149.5,,,
11007,11,7095.9,47.9,57.6,21.5
11008,11,24467.9,96.7,84.6,54.1
11009,11,13755.4,36.9,66.2,31.8
11010,11,3595,93.6,140.7,73.2
11011,11,10876.7,24.3,55.9,29.8
11012,10,11821.1,46,65.7,32.5
11013,10,3291.7,,,
11014,11,9491,67.5,60.1,25.4
11015,11,16234.3,59.5,64.4,34.8
11016,11,25304.8,96.9,131.1,61.5
11017,11,5972.9,41.3,59.1,24.2
11018,11,37409.1,113.2,124.3,60.2
11019,11,2829.7,85.1,99.8,62.7
11020,11,7641.4,59.2,63.6,21.1
11021,11,17736.3,68.4,95.3,49.5
11022,11,10729.6,77.1,82.8,54.4
11023,11,8292.1,74.8,84.9,46.9
11024,11,2775.2,88.8,113,56.5
11025,11,16840.8,35.4,70.4,21.6
11026,11,21772.1,34.4,68.5,33.4
11027,11,10051.6,32.5,63.5,25.5
11028,11,17850.2,88.6,115.5,59.9
11029,11,23452.7,69.1,99.1,60.6
11030,11,11238.8,40.8,55.3,38.8
11031,11,14034.3,22.3,56.3,24.1
11032,11,14158.8,71.6,100.7,33.8
11033,11,14362.6,70.1,102.5,38.7
11034,11,3999.5,222.1,225.2,151.5
11035,11,13375.7,46.4,56.6,29.8
11036,9,809.5,,,
11037,11,15774.8,45.9,73,26.2
11038,11,4155.9,76.7,161.9,89.5
11039,10,13658.6,70.1,112.8,76.8
11040,11,3534.6,95,99.2,60.9
11041,11,17434.8,141.8,144.3,42.9
11042,11,7987.5,46.1,72.3,41.4
11043,10,1843.3,,,
11044,11,9506.4,42.3,60.2,27.3
11045,10,1862.4,,,
11046,11,9186.8,60.3,77,50.6
12001,11,4985.5,59.3,95.3,34.1
12002,9,402.5,,,
12003,10,3517.9,,,
12004,9,1570.1,,,
12005,11,2543.2,,,
12006,10,207.4,,,
12007,10,11371.5,81.5,132.3,56.8
12008,11,4208,,,
12009,11,1855.6,,,
12010,10,814.3,43.2,32.4,61.2
12011,11,15753.1,110.8,152.8,76.3
12012,10,8280.7,67.5,106.4,45
12013,11,689.4,33.8,47.3,60.8
12014,9,7188.8,,,
12015,10,761.1,,,
12016,9,588.8,,,
12017,9,239.9,,,
12018,10,537,166.1,186.8,76.1
12019,11,3091,,,
12020,10,1817.2,,,
12021,9,2224.2,72.4,137,65.5
12022,10,10686.6,253,232.8,94.7
12023,11,401.5,,,
12024,10,2295.3,,,
12025,9,886.6,,,
12026,9,247.9,121.6,73,97.3
12027,10,3014.4,,,
12028,11,2993.3,68,80.9,43.5
12029,12,7308.5,80.2,128.4,40.2
12030,10,1740.7,,,
12031,9,508.4,84.4,99,92.2
12032,10,3679.4,116,93.2,63.2
12033,11,3023.5,,,
12034,11,15719.8,147.8,173,90.3
12035,11,3440.8,77.4,136.9,37.3
12036,11,925.1,61.2,157.5,70
12037,9,814.1,,,
12038,11,4355.2,81.9,89.9,45.5
12039,10,999,,,
12040,11,2039.3,110.2,144,75.8
12041,10,899.3,,,
12042,10,904.7,98.7,82.3,76.8
12043,10,1289.6,,,
12044,9,1389.8,,,
12045,11,900.8,,,
12046,11,3776.7,141.7,131.9,56.1
12047,9,662.7,,,
12048,10,2542.3,61,114.4,57.9
12049,11,6877.8,,,
12050,12,4645.5,,,
12051,10,4412.4,95.9,114.7,61.4
12052,10,205.6,64.4,93.3,42.2
12053,10,327.9,59.9,114.7,55.9
12054,10,1291.9,,,
12055,11,11728.9,111.2,153.2,59.4
12056,10,2149.7,,,
12057,10,1259.6,65.5,109.9,54.4
12058,11,764.4,93.3,86.3,62.8
12059,11,1355.8,98.8,135.6,65.4
12060,11,3485.5,36.9,84.8,62.7
12061,11,4954.3,60.7,126,46
12062,10,462.3,,,
12063,9,772.5,,,
12064,10,3133.9,,,
12065,10,2393.6,,,
12066,11,7108.9,124.7,131.1,49.4
12067,10,3264.9,,,
12068,10,735.7,,,
12069,9,2947.9,,,
12070,11,5647.8,,,
12071,9,238.4,,,
12072,10,970.5,44,149.6,61.6
12073,10,1516.7,,,
12074,9,368.2,49.8,72.4,63.3
12075,10,8910,233.4,398.2,87.9
12076,10,631.1,,,
13001,11,1344.3,,,
13002,10,948,,,
13003,11,16891.8,120.2,159.7,49.2
13004,10,695.8,,,
13005,10,2261.9,,,
13006,9,4142.3,,,
13007,10,8591.2,,,
13008,10,11791.6,146.1,160.9,46
13009,11,1102.8,,,
13010,11,1836.2,,,
13011,10,15376.4,138.3,174.5,102.7
13012,10,3493.6,,,
13013,11,1740.3,,,
13014,10,2446.3,,,
13015,9,4325.7,,,
13016,9,1523.9,,,
13017,10,3887.7,,,
13018,10,1231.8,,,
13019,10,4023.5,,,
13020,10,2423.3,,,
13021,10,3875.3,,,
13022,11,3994.4,,,
13023,10,698,,,
13024,9,2954.1,,,
13025,10,2949.4,,,
13026,10,2575.9,,,
13027,10,11349.3,107.4,200.9,72
13028,10,2387.3,62.9,76,26.5
13029,10,12605.1,109,111,51.4
13030,10,11351.6,124.6,115.2,54.1
13031,10,10587.3,248.3,242.3,95.2
13032,9,2551.5,,,
13033,10,3143.6,,,
13034,10,5208.8,,,
13035,9,674.5,,,
13036,8,1250.2,,,
13037,10,2518.6,,,
13038,9,5439.2,,,
13039,10,4642.6,,,
13040,10,4640.7,,,
13041,10,2572.3,78.8,114,43.7
13042,10,3394.6,,,
13043,10,2888.1,,,
13044,10,4844,,,
13045,10,3640,,,
13046,10,1441.6,,,
13047,10,3401.9,,,
13048,12,7103.2,113,175.7,61.1
13049,11,1186.1,,,
13050,9,2042.4,,,
13051,12,2457.6,,,
13052,10,2954.8,,,
13053,9,16542.6,172.1,268.3,88.4
13054,9,1625.7,,,
13055,10,2003.5,,,
13056,9,1459.7,381.3,432.4,61.4
13057,9,2190.1,,,
13058,9,3923.1,,,
13059,10,6328.1,29.3,53.2,34.6
13060,10,6056.9,,,
13061,10,3138.8,,,
13062,10,3666.9,,,
13063,10,2920.8,,,
13064,10,3046,,,
13065,10,2403.7,,,
13066,10,2818.4,,,
13067,10,2528.7,,,
13068,9,647.4,,,
13069,11,1722.6,,,
13070,10,3014.1,,,
13071,10,2729,,,
13072,9,3511.6,,,
13073,10,10923.2,118.3,176.7,73.6
13074,10,4323.7,,,
13075,10,1561.7,,,
13076,11,8255.3,104.8,95.7,45
13077,10,14797.4,84.7,90.1,31.2
13078,10,2006.7,,,
13079,10,1382.2,,,
13080,10,5417.1,,,
13081,11,590.8,,,
13082,10,2776.3,,,
13083,11,1842.7,,,
13084,10,2576.7,,,
14001,11,4648.2,,,
14002,11,6499.8,,,
14003,11,1744.6,,,
14004,11,6155.8,1750.1,1592.6,525
14005,11,3207.5,,,
14006,11,24048.9,93.9,102.7,54.3
14007,11,5064.6,,,
14008,11,1041.9,,,
14009,11,2324.6,,,
14010,11,4336.6,,,
14011,11,4354.4,,,
14012,11,3351.3,,,
14013,11,13682.3,42.1,63.4,37.1
14014,11,5507.2,,,
14015,11,21804.6,107.2,112.4,48.5
14016,11,3089.1,,,
14017,11,1032.5,,,
14018,11,11195.2,148.7,116.6,59.7
14019,10,2901.1,,,
14020,9,974.4,,,
14021,10,1693.6,,,
14022,11,27259.4,66.2,79.4,33.7
14023,11,9449.8,69.1,82.4,26.3
14024,11,36828.4,166.4,175.7,60.5
14025,11,37477.4,286,264.6,135.7
14026,10,2445.6,,,
14027,10,1871.9,,,
14028,10,1447.7,,,
14029,11,8129.1,,,
14030,11,1989.7,,,
14031,10,1921.5,,,
14032,11,9688.1,,,
14033,11,2022.8,,,
14034,9,6040.5,,,
14035,11,22389.2,38,53.4,34.3
14036,11,4330.6,,,
14037,12,25283,101.8,100,58.9
14038,11,7399.5,,,
14039,11,1161.3,126.1,104,29.3
14040,11,11313.4,,,
14041,10,1971.2,,,
14042,11,36955.3,181.8,267,137.7
14043,12,27724.5,114.5,95.1,79.3
14044,11,670.5,,,
14045,11,2791.3,,,
14046,11,1560.8,,,
14047,11,3843.9,,,
14048,11,708.6,,,
14049,9,1755,,,
14050,11,8483.5,80,93.6,55.8
14051,11,959.4,,,
14052,11,4647.1,,,
14053,11,7753.4,41.7,44.7,26.6
14054,10,7735.5,,,
14055,11,30672.3,201.4,197.4,63.6
14056,9,1902.7,,,
14057,11,1677.5,,,
14058,11,25802.9,137.7,145.5,86
14059,11,2642.5,156.2,134.9,56.8
14060,11,13111.5,,,
14061,11,2883.2,,,
14062,11,5170.6,,,
14063,11,2712.2,18.3,27.4,16.8
14064,11,11883.7,94.9,82.5,58.3
14065,11,8729.7,,,
14066,11,2307.1,,,
14067,12,6960.9,35,41.9,20
14068,10,1356.6,,,
14069,11,1502.3,,,
14070,11,730.1,,,
14071,10,2653.9,,,
14072,11,1781.3,,,
14073,11,6909.8,46.7,58.8,38.7
14074,11,2382.9,,,
14075,11,3985.3,,,
14076,9,2008.9,,,
14077,11,13164.3,,,
14078,11,14402.2,78.7,84.2,35.4
14079,11,5632.8,,,
14080,10,1681.3,,,
14081,9,5761.7,,,
14082,11,20165.6,86.7,137.6,48.2
14083,12,4335,42.9,57.4,25.1
14084,10,1841.5,,,
14085,11,37620.9,59.4,92.2,58
14086,10,4173.6,,,
14087,11,2987.3,,,
14088,11,8163.5,,,
14089,10,5190.9,,,
14090,11,4336,112.4,56.2,98.4
14091,11,19722.2,50.8,64.1,45.2
14092,10,4391.7,,,
14093,11,6382.1,55.8,70.7,30.1
14094,11,4614.5,,,
14095,11,3734.7,,,
14096,11,1427.7,,,
14097,11,560.5,,,
14098,11,606.8,,,
14099,11,3633.5,,,
14100,11,20056.5,59.7,73.7,54.5
14101,11,1031.6,,,
14102,11,2807.6,,,
14103,9,855.1,,,
14104,9,2306.9,,,
14105,11,3026.6,,,
14106,11,6163.7,,,
14107,10,3484.5,,,
14108,11,2713.3,37.7,40.3,16.1
14109,11,2590.9,,,
14110,10,1077.4,,,
14111,11,1702,,,
14112,11,1086.3,,,
14113,11,4804.6,,,
14114,11,13807,,,
14115,9,2232.9,,,
14116,11,628.5,,,
14117,11,4619.2,,,
14118,11,55828.4,217.6,197.3,82.3
14119,11,3144.5,,,
14120,11,2218.9,32.2,48.6,20.6
14121,11,3703.5,,,
14122,11,2079.8,,,
14123,11,1832.7,,,
14124,11,4398,28.7,45.2,25.4
15001,11,7944.6,66.3,88.4,60.4
15002,11,6591.1,569.4,113.9,55.8
15003,11,1520.6,,,
15004,11,3178.7,,,
15005,11,964.4,,,
15006,9,3781.6,,,
15007,11,2830.3,,,
15008,10,2382,,,
15009,11,8689.3,164.7,153,35.6
15010,11,1094.4,,,
15011,11,3012.3,,,
15012,12,58441.2,147.1,293.6,70
15013,11,3479.4,54.1,62.8,14.7
15014,11,5235.1,125.5,134.3,57.4
15015,11,4394.7,,,
15016,10,7768.7,354,305.7,105.8
15017,11,6476.3,,,
15018,10,1248.8,,,
15019,10,2355.6,,,
15020,11,601.9,,,
15021,11,17569.5,79.6,126.8,72.1
15022,11,2356.5,,,
15023,11,4964.6,,,
15024,12,7005.9,140.7,129.9,29.8
15025,11,7279,50.2,50.6,18.9
15026,10,2428.5,,,
15027,11,1265.9,,,
15028,10,3777.1,,,
15029,11,1394,,,
15030,12,10980.2,147.6,160.4,52.2
15031,12,5501.6,33.5,44.5,13.4
15032,11,3481.1,,,
15033,12,3847.7,23.9,38.1,12.4
15034,11,2929.5,,,
15035,11,11132.6,27.1,39.4,15.4
15036,10,5799.4,127.5,117,41.6
15037,11,1643.8,10.5,34.3,16.2
15038,10,671.3,,,
15039,12,3900.2,86,61.9,26.7
15040,11,29378.9,158.3,213.8,66
15041,11,3164.6,,,
15042,11,6225,47,80.7,50.6
15043,11,10354.4,87.8,177.6,53.6
15044,11,1716.4,,,
15045,12,9100,66.6,103.1,56
15046,10,635.3,,,
15047,12,10070,58.3,62.5,45.8
15048,10,2907.1,,,
15049,10,3626.2,,,
15050,11,4042.3,,,
15051,11,2262.3,30.2,50.2,30
15052,11,11976,119,168.3,65.1
15053,11,4659.5,,,
15054,10,691.2,,,
15055,10,2033.9,,,
15056,11,2942.7,,,
15057,11,4806.9,25.8,40.6,18
15058,11,5468.7,38.1,55.2,18.9
15059,11,1923.5,,,
15060,12,4365.3,8.7,21.3,13.1
15061,10,6687.4,,,
15062,10,1287.8,,,
15063,10,4025.5,,,
15064,11,10802.6,64.1,123,76.4
15065,12,36554.3,74,139.8,53.8
15066,9,2362.4,,,
15067,11,5947.9,19.9,61.2,28.4
15068,11,4618,,,
15069,10,3243.4,,,
15070,12,3245.9,20.1,54.8,17.9
15071,9,535.4,,,
15072,10,1322.6,,,
15073,10,1144.6,,,
15074,11,10337.8,73.2,78.4,53.2
15075,10,7378.4,,,
15076,11,718.2,,,
15077,9,1437,,,
15078,10,3360.5,,,
15079,10,2423.5,,,
15080,11,13080.6,116.5,139.1,86.8
15081,11,2261.1,9.3,16.1,9.1
15082,11,12929,130.7,163.7,51.9
15083,10,2512.9,,,
15084,11,2793.3,,,
15085,11,1890.9,,,
15086,11,18038.7,126.2,117.2,73.8
15087,11,9526.2,45.1,73.8,51.5
15088,11,21099.2,100.1,112.9,32.2
15089,11,4555.8,,,
15090,11,9798.9,31.8,73.2,40
15091,11,5051.7,,,
15092,11,6117.7,23.3,21.6,27.9
15093,10,3098.6,,,
15094,11,35595.5,141.8,231.6,64
15095,11,1419.8,226.8,216.2,57.9
15096,11,1895.1,,,
15097,11,18660.1,137.6,186.4,62.5
15098,9,2471.1,,,
15099,11,6325.7,44.5,51.4,14.6
15100,10,3279,,,
15101,10,3558,,,
15102,10,2903.9,,,
15103,11,3963.2,,,
15104,11,2845.7,27.2,46.4,21.2
15105,11,14739.6,116.6,157.4,78.7
15106,11,3691.3,70.1,96.2,23.9
15107,11,13520.7,,,
15108,11,3253.6,,,
15109,11,3878.7,9.8,17.7,8.6
15110,11,21901.5,117.3,132.1,41.9
15111,11,3064,,,
15112,10,19422.4,70,100.8,61.7
15113,11,13592.3,35.6,68.2,39.8
15114,11,9404.5,23.1,67.4,39.3
15115,11,14619.5,70.4,117.7,47.3
15116,10,1921.8,,,
15117,11,32320,188.1,169.9,85.9
15118,10,856.2,,,
15119,10,7591.9,,,
15120,12,6842.2,82.9,72.3,23.1
15121,11,1438,,,
15122,12,3011.7,24.2,36.4,15.2
16001,11,1768.7,,,
16002,11,639.1,,,
16003,10,793.7,,,
16004,11,2520,,,
16005,11,2074.2,,,
16006,12,8777.2,60.2,74.2,24.8
16007,10,2618.7,,,
16008,11,4309.6,121.7,87,73.7
16009,11,544.6,,,
16010,11,17119.3,75.6,98,41.7
16011,11,4843,,,
16012,10,770.3,,,
16013,11,23067.5,,,
16014,11,35818.9,133.6,162,91.5
16015,9,415.8,,,
16016,11,877.5,,,
16017,11,2805.6,,,
16018,9,786.9,,,
16019,11,1365.4,,,
16020,11,3273.8,,,
16021,10,914.5,,,
16022,11,875,,,
16023,9,2134.9,,,
16024,11,11568,140.1,216.2,50.3
16025,11,1739.5,,,
16026,9,422.7,,,
16027,9,701.4,,,
16028,11,3070.5,,,
16029,11,1240.3,,,
16030,11,3045.2,,,
16031,11,602.1,,,
16032,10,3908.9,,,
16033,11,1660.7,,,
16034,11,4831.3,43.1,73.7,32.7
16035,12,16458.3,77.8,118.3,64.5
16036,10,773.3,,,
16037,9,410.1,,,
16038,10,389.9,,,
16039,11,3917.1,,,
16040,10,765.2,,,
16041,11,3060.8,,,
16042,10,4252,,,
16043,11,3120,,,
16044,9,716.1,,,
16045,11,4068.3,27.8,100.1,38.9
16046,11,3770.5,,,
16047,11,2081.5,,,
16048,11,2577.7,,,
16049,10,675.9,,,
16050,11,10110.3,63.3,73.9,37.9
16051,11,1359.6,,,
16052,11,6527.4,56.5,60.2,27.6
16053,12,3072.8,86.1,111.9,30.1
16054,11,1511.3,,,
16055,11,19695.5,66.6,82.6,30.1
16056,11,4086.8,,,
16057,11,20487.1,349.4,283.3,183.9
16058,10,677.2,,,
16059,10,762.3,,,
16060,11,5590.7,,,
16061,11,1892.5,,,
16062,11,3345.5,,,
16063,11,1406.4,,,
16064,10,2067.5,,,
16065,11,1358.9,,,
16066,11,9779.3,47.9,90.7,33.5
16067,11,3319.3,,,
16068,11,4079.1,,,
16069,11,10988.5,77.4,97.4,31.5
16070,10,970.7,,,
16071,11,8476.5,63.6,89.5,42
16072,11,516.6,,,
16073,11,2834.6,,,
16074,10,3640.6,,,
16075,11,11606.7,60.3,97.1,23.6
16076,11,12943.7,65.3,109.1,29.4
16077,11,1617.6,,,
16078,11,2912.2,,,
16079,11,2479.9,,,
16080,11,2776.9,,,
16081,11,3360.2,,,
16082,11,11456,60.9,87.2,31.8
16083,10,1125.9,,,
16084,11,1516.4,,,
16085,11,1644.1,,,
16086,11,2209.2,,,
16087,11,1077.7,,,
16088,11,495.9,,,
16089,9,397.4,,,
16090,10,2086,,,
16091,11,3037.3,,,
16092,10,1090,,,
16093,11,2569.1,,,
16094,11,1452.8,,,
16095,11,5027.5,,,
16096,9,1237.4,,,
16097,10,1346.8,,,
16098,11,1192.1,,,
16099,11,7132.8,192.5,137.5,98.8
16100,11,3970.6,,,
16101,10,684.3,,,
16102,11,5555.6,38.6,61.2,18.9
16103,11,4705,,,
16104,11,1695.4,,,
16105,12,4368.8,,,
16106,11,3050.1,,,
16107,11,1428.4,78.7,55.8,33.6
16108,11,5123.3,47.7,72.3,26.4
16109,11,4107.7,,,
16110,11,1964.2,,,
16111,11,1437.9,,,
16112,11,7151.7,40.3,57.9,26.3
16113,11,3235.2,,,
17001,11,7604.2,,,
17002,11,2204,,,
17003,11,26310.1,161.1,170.1,64.9
17004,11,1896.7,,,
17005,10,19116.4,,,
17006,11,7421.6,75.4,78.8,34.8
17007,11,4185.7,66.3,101.5,35.7
17008,11,4513.4,85,138.2,60.6
17009,11,3898.8,,,
17010,11,22536.5,,,
17011,11,3794.5,,,
17012,11,16972.7,193.7,224.6,77.1
17013,11,28592.4,137.5,166.9,102.8
17014,11,16390.8,,,
17015,11,14810.3,,,
17016,11,28078.1,147.7,129.6,99.4
17017,11,28091.5,62,80,52.1
17018,11,12352.3,45.2,79.9,39.3
17019,11,8467.3,,,
17020,11,2193.1,,,
17021,10,28365.8,738,814,226.9
17022,11,7051.5,,,
17023,11,2215.2,,,
17024,11,6109.3,,,
17025,11,8389.2,,,
17026,11,2621.5,,,
17027,10,2831,,,
17028,11,3998.4,,,
17029,11,5684.2,71.2,107.8,39
17030,11,6764.1,,,
17031,11,9595.8,,,
17032,11,4601.9,,,
17033,11,11286.5,,,
18001,11,17741.7,74,83,68.3
18002,9,4863.9,,,
18003,11,7944.5,80.2,120.2,81.9
18004,11,11289.8,61.9,78,60.6
18005,11,2937.1,32.9,123.3,41.1
18006,11,10247,109.3,147,66.5
18007,9,4550.9,,,
18008,11,1190.1,15.8,42.1,30.7
18009,11,3190.2,109.2,134.1,81.3
18010,11,15336.1,191.3,129.9,78.4
18011,10,2226.2,,,
18012,10,2200.5,62.8,49.8,60.9
18013,10,956.2,,,
18014,10,1162.9,25.4,38.1,55
18015,10,6260.4,82.1,108.4,69
18016,11,14517.8,77.8,76.2,61.4
18017,11,3797.3,57.7,105.2,32.3
18018,11,15740,62.8,77.1,70.8
18019,11,3120.2,142.2,151.1,106
18020,11,2414.4,45.5,55,35.6
19001,9,2706.9,,,
19002,10,8188.8,,,
19003,9,6192.4,,,
19004,10,1856.8,,,
19005,9,1446.4,,,
19006,12,554.4,,,
19007,11,5746.9,,,
19008,9,6476.6,,,
19009,10,552.6,,,
19010,9,545.1,,,
19011,10,134444.6,658.9,404.8,306.1
19012,9,885.3,,,
19013,9,2091.1,,,
19014,11,19005.6,176.1,101.6,149.7
19015,9,3803.6,,,
19016,9,4332.8,,,
19017,10,26107.3,131.3,62.8,104.9
19018,10,223.5,,,
19019,10,155.6,,,
19020,10,2105.7,,,
19021,11,750.7,1.4,11,11.7
19022,10,3210.4,,,
19023,9,11392.3,,,
19024,10,6043.5,,,
19025,10,523.6,,,
19026,12,963,51.8,42.6,19.9
19027,8,8168.6,,,
19028,10,2658.5,,,
19029,9,2575.7,,,
19030,9,4679.2,,,
19031,11,481.9,,,
19032,9,3481.7,,,
19033,10,21463.9,51.6,64.1,63.3
19034,9,1728.7,,,
19035,9,10022,,,
19036,10,12447.1,,,
19037,9,1481.5,,,
19038,11,22022.6,84.2,87.3,62.5
19039,11,781.7,12.4,24.6,23.7
19040,9,7475.3,,,
19041,10,1385.4,2.7,20.7,11.7
19042,9,2647.7,,,
19043,9,3613.9,,,
19044,11,49457.3,180.5,147.4,99.2
19045,10,931.6,,,
19046,11,4086.6,70.1,56.6,19.5
19047,11,985.5,,,
19048,10,253.8,,,
19049,10,1207.9,,,
19050,8,13420,,,
19051,10,6955,,,
20001,10,15478.4,,,
20002,10,1763,,,
20003,10,2689.8,,,
20004,10,2362.4,,,
20005,11,2143.4,,,
20006,11,9698.3,164.6,254.1,59
20007,10,2077.1,,,
20008,9,1498,,,
20009,9,763,,,
20010,9,158.6,,,
20011,10,11441.3,,,
20012,10,2788.9,,,
20013,11,3085.1,,,
20014,11,16796,185.4,199.6,67.5
20015,10,237.9,,,
20016,9,149.4,,,
20017,8,586.7,,,
20018,10,1360.5,,,
20019,10,3212.2,,,
20020,10,3145.1,,,
20021,10,4007.1,,,
20022,10,1371,,,
20023,10,1683,,,
20024,10,1050.1,,,
20025,11,6999.6,,,
20026,11,23389.6,290.9,256.5,77.6
20027,9,1370.7,,,
20028,11,1125.9,,,
20029,9,201.1,,,
20030,10,2531.6,,,
20031,11,6660.3,310.5,557.9,133.6
20032,9,1386.8,,,
20033,9,1203.4,,,
20034,10,8459.9,,,
20035,10,7090.6,,,
20036,11,5463.9,,,
20037,10,2817.6,,,
20038,9,231.1,,,
20039,11,6110.4,75.9,100.8,36.5
20040,9,131,,,
20041,9,260.7,,,
20042,11,14363.3,340,365.6,125.6
20043,11,9158.1,127.8,97.5,38.8
20044,11,12155.2,73.4,89.4,33.9
20045,10,966.3,,,
20046,10,4057,,,
20047,8,4790.7,,,
20048,9,3506.2,,,
20049,10,2198.3,,,
20050,8,81.2,,,
20051,10,325.9,,,
20052,10,1113.6,,,
20053,11,3514.5,,,
20054,9,7095.7,,,
20055,10,4254.6,,,
20056,9,1819.7,,,
20057,11,508.6,,,
20058,10,499.2,,,
20059,11,258.1,,,
20060,10,2611.3,,,
20061,9,508.2,,,
20062,10,3702.5,,,
20063,9,1083.9,,,
20064,11,14493.4,328.7,384,134.4
20065,8,637.7,,,
20066,11,2097.1,,,
20067,11,7609.4,105.5,146.7,38.7
20068,11,2571.6,,,
20069,9,1005.4,,,
20070,10,962.3,,,
20071,10,2555.2,,,
20072,10,2188,,,
20073,11,20483.3,189.5,155,68.6
20074,7,545.8,,,
20075,10,952.1,,,
20076,9,2206,,,
20077,9,1164.3,,,
20078,9,1609.8,,,
20079,11,5111.9,116.7,122.2,49.4
20080,9,526.7,,,
20081,10,1333.8,,,
20082,9,1046.9,,,
20083,10,1951.1,,,
20084,9,802.5,,,
20085,10,750.2,,,
20086,8,283.5,,,
20087,9,1219,,,
20088,9,1813.8,,,
20089,10,3958.8,,,
20090,10,2074.7,,,
20091,9,790.9,,,
20092,9,1415.1,,,
20093,9,730.6,,,
20094,10,3345.4,,,
20095,8,105.4,,,
20096,11,3237.1,,,
20097,8,637.9,,,
20098,10,338,,,
20099,9,2744.6,,,
20100,8,801,,,
20101,9,2703.3,,,
20102,9,1020.4,,,
20103,11,1707,,,
20104,10,1561.8,,,
20105,11,1439.9,,,
20106,7,1463.2,,,
20107,11,1829.8,,,
20108,9,1115.8,,,
20109,9,8935.5,,,
20110,9,247.6,,,
20111,10,1786,,,
20112,9,845,,,
20113,9,510.3,,,
20114,10,1733.7,,,
20115,10,3829.1,4278.9,3518.2,954.9
20116,6,238.5,,,
20117,9,817,,,
20118,10,239.8,,,
20119,7,388.3,,,
20120,9,3466,,,
20121,9,4009.9,,,
20122,9,2245.9,,,
20123,11,4730.7,,,
20124,11,1153.2,,,
20125,11,2424.3,,,
20126,9,92.3,,,
20127,9,167.9,,,
20128,9,381.2,,,
20129,9,3023.6,,,
20130,10,2524.6,,,
20131,9,248.7,,,
20132,9,1108.8,,,
20133,9,1236.2,,,
20134,9,197.8,,,
20135,10,1590.8,,,
20136,9,321.9,,,
20137,9,1204.4,,,
20138,9,590.1,,,
20139,9,1462.3,,,
20140,9,5593.9,,,
20141,11,855.4,,,
20142,9,429.5,,,
20143,11,2107.1,,,
20144,10,3902.4,,,
20145,10,567.4,,,
20146,9,178.6,,,
20147,9,2183.4,,,
20148,9,534.1,,,
20149,10,7841.5,,,
20150,9,1563.9,,,
20151,9,2487.3,,,
20152,10,6457.8,,,
20153,11,4402.5,,,
20154,7,103.8,,,
20155,10,4191.3,,,
20156,9,979,,,
20157,10,1304.7,,,
20158,11,24200.4,794,745.6,271.6
20159,10,1297.4,,,
20160,10,1937.9,,,
20161,10,2842.3,,,
20162,9,1358.6,,,
20163,9,498.4,,,
20164,10,1462.6,,,
20165,11,4377.5,,,
20166,9,407.8,,,
20167,8,147.1,,,
20168,9,3116.5,,,
20169,9,1250.4,,,
20170,7,130,,,
20171,9,93.9,,,
20172,7,518.8,,,
20173,11,2310.1,,,
20174,9,1200.8,,,
20175,10,561.3,,,
20176,9,2780.5,,,
20177,11,44143.9,575.9,480.4,187.7
20178,9,555.2,,,
20179,9,1134.3,,,
20180,9,1411.5,,,
20181,9,5433.8,,,
20182,7,302.8,,,
20183,10,3965.6,,,
20184,11,7881.2,69,63.5,23
20185,9,2222.1,,,
20186,9,4387.2,,,
20187,9,429.6,,,
20188,9,1088.6,,,
20189,9,1679.7,,,
20190,12,15762.6,211.3,149,60.4
20191,9,10717.5,,,
20192,9,1232.2,,,
20193,10,1296.6,,,
20194,9,856.7,,,
20195,9,2483.5,,,
20196,10,7997.4,,,
20197,9,290.7,,,
20198,9,253.3,,,
20199,9,7717,,,
20200,10,2063,,,
20201,9,1769.4,,,
20202,11,4653.8,,,
20203,9,256.1,,,
20204,10,4872.7,,,
20205,9,440.1,,,
20206,9,3872.7,,,
20207,11,2136.4,,,
20208,9,170.3,,,
20209,9,764.2,,,
20210,10,696.3,,,
20211,9,791.7,,,
20212,8,209.6,,,
20213,10,3423.3,,,
20214,9,1652.8,,,
20215,9,4091.6,,,
20216,9,464,,,
20217,11,2067.1,,,
20218,8,539.1,,,
20219,9,1338.2,,,
20220,9,1767.3,,,
20221,10,1835.6,,,
20222,10,1032.6,,,
20223,4,691.5,,,
20224,9,5041.1,,,
20225,10,706,,,
20226,9,245,,,
20227,9,781,,,
20228,5,301.4,,,
20229,11,6703.1,,,
20230,9,4308.8,,,
20231,10,1184.3,,,
20232,9,232,,,
20233,6,231.7,,,
20234,9,279.8,,,
20235,9,201,,,
20236,7,152.7,,,
20237,10,1026.7,,,
20238,9,380.3,,,
20239,6,290.1,,,
20240,8,254,,,
20241,9,2598.6,,,
20242,10,355.1,,,
20243,9,2066.7,,,
20244,10,6089.6,,,
20245,10,3485.8,,,
20246,8,661.4,,,
20247,11,5170.6,,,
20248,10,2060.3,,,
20249,8,160.6,,,
20250,10,6204,,,
20251,9,3273.5,,,
20252,10,1466,,,
20253,9,1874.8,,,
20254,9,200.7,,,
20255,10,2185.8,,,
20256,8,3438.9,,,
20257,7,214.8,,,
20258,7,776.3,,,
20259,10,5029.4,,,
20260,9,1368.5,,,
20261,11,3094.4,,,
20262,9,388.3,,,
20263,9,227.6,,,
20264,9,2544.6,,,
20265,11,1830.3,,,
20266,10,1713.3,,,
20267,8,3975.5,,,
20268,9,622.8,,,
20269,10,3398.1,,,
20270,9,3719.4,,,
20271,10,3785.2,,,
20272,11,3970.1,,,
20273,9,1827,,,
20274,9,2180.3,,,
20275,11,1213.5,,,
20276,9,1120.6,,,
20277,11,10829.1,276.6,251.2,114.7
20278,10,10208.5,71.7,87.4,28.6
20279,9,235.9,,,
20280,10,1800.1,,,
20281,9,4864.8,,,
20282,9,1746.7,,,
20283,9,2246.8,,,
20284,9,752.8,,,
20285,9,3283.4,,,
20286,9,485,,,
20287,8,1035.6,,,
20288,9,1738.4,,,
20289,9,2147.6,,,
20290,10,5509.3,,,
20291,8,402.2,,,
20292,9,2305.4,,,
20293,9,556.2,,,
20294,10,1010.5,,,
20295,11,6912.9,419.9,553.1,130.3
20296,9,3376.6,,,
20297,10,2432.6,,,
20298,10,313.3,,,
20299,7,471.3,,,
20300,9,1634.8,,,
20301,9,3369.5,,,
20302,9,1852.9,,,
20303,9,962.3,,,
20304,9,3500.3,,,
20305,11,2559.4,,,
20306,10,582.5,,,
20307,10,15366.6,410.7,245.7,122.8
20308,10,2137.3,,,
20309,10,281.7,,,
20310,10,1438.1,,,
20311,9,3971,,,
20312,9,1890.9,,,
20313,9,1817.9,,,
20314,9,1622.4,,,
20315,9,2049.7,,,
20316,9,560.8,,,
20317,9,103.4,,,
20318,11,6695.4,157.1,161.8,63.6
20319,11,4048.8,,,
20320,8,4918.5,,,
20321,11,2886.2,,,
20322,7,229.2,,,
20323,10,2049.2,,,
20324,11,7146.5,200.3,142.6,55.1
20325,11,2653.6,,,
20326,9,997.8,,,
20327,11,16609.5,172.6,147.7,56.5
20328,9,2475.4,,,
20329,9,1632.9,,,
20330,9,525.4,,,
20331,10,3277.4,,,
20332,9,4520.5,,,
20333,11,2482.7,,,
20334,11,9749.1,103.3,76.5,50.4
20335,10,2725.1,,,
20336,10,1510.7,,,
20337,11,3718.5,,,
20338,10,3476.7,,,
20339,10,2571.8,,,
20340,10,1804.9,,,
20341,9,3997.4,,,
20342,9,1197.9,,,
20343,9,616.6,,,
20344,9,489.8,,,
20345,9,2723.3,,,
20346,10,292.7,,,
20347,9,73.8,,,
20348,9,238.2,,,
20349,9,476.1,,,
20350,9,707.3,,,
20351,8,393,,,
20352,9,875.6,,,
20353,8,722.5,,,
20354,8,410.8,,,
20355,9,1144,,,
20356,9,284.5,,,
20357,11,9700.4,,,
20358,10,2381.3,,,
20359,9,481.6,,,
20360,11,1856.8,,,
20361,9,286.4,,,
20362,10,382.4,,,
20363,9,2169.8,,,
20364,11,15495.1,139.2,148.2,49.5
20365,10,1687.2,,,
20366,9,673.5,,,
20367,10,473,,,
20368,9,2575.2,,,
20369,11,3395.5,,,
20370,6,249.3,,,
20371,9,5181.5,,,
20372,8,1354.4,,,
20373,9,1499.3,,,
20374,8,203.7,,,
20375,9,1274.8,,,
20376,10,17824.7,,,
20377,9,1728.6,,,
20378,10,3700.2,,,
20379,8,248.1,,,
20380,9,677.1,,,
20381,10,2399.1,,,
20382,8,1741.5,,,
20383,8,211.5,,,
20384,9,104.6,,,
20385,11,1592.6,,,
20386,11,5377.6,,,
20387,11,5436.7,,,
20388,10,2798.2,,,
20389,10,4385,,,
20390,9,1169.7,,,
20391,9,171.7,,,
20392,10,829.9,,,
20393,9,2641,,,
20394,10,2221,,,
20395,9,3544.3,,,
20396,8,293.1,,,
20397,10,270.8,,,
20398,10,2427,,,
20399,11,1026.1,,,
20400,11,4925.5,,,
20401,10,2163.1,,,
20402,9,2030,,,
20403,11,2119.5,,,
20404,9,3597.3,,,
20405,10,2319.8,,,
20406,9,325.4,,,
20407,11,450.3,,,
20408,4,507.4,,,
20409,9,592.7,,,
20410,10,1290.6,,,
20411,8,629.6,,,
20412,11,3690.7,,,
20413,10,6351.6,73.5,115.7,47.7
20414,10,1615.4,,,
20415,10,1894.4,,,
20416,9,1771.1,,,
20417,10,1827.8,,,
20418,10,1288.4,,,
20419,11,8704.7,,,
20420,9,3638.2,,,
20421,9,1731.6,,,
20422,9,3748,,,
20423,7,1034.7,,,
20424,8,162.8,,,
20425,9,1290.6,,,
20426,9,859.6,,,
20427,9,115.5,,,
20428,9,1793.1,,,
20429,11,2189.3,,,
20430,8,1070.5,,,
20431,9,5455.3,,,
20432,9,494.4,,,
20433,10,3915.9,,,
20434,9,1593.8,,,
20435,11,3219.9,,,
20436,9,4003,,,
20437,11,3319.7,,,
20438,9,1391.7,,,
20439,10,4309.3,,,
20440,9,1129.5,,,
20441,10,2145.7,,,
20442,8,3301.2,,,
20443,9,3620.3,,,
20444,9,14809.4,,,
20445,8,1527.1,,,
20446,9,496.5,,,
20447,10,2451.8,,,
20448,10,5128.1,,,
20449,9,493.8,,,
20450,9,1859,,,
20451,9,2249.8,,,
20452,9,1498.7,,,
20453,10,5058.2,,,
20454,10,2394.4,,,
20455,11,2373.2,,,
20456,11,4482.2,,,
20457,9,179.6,,,
20458,9,3476.6,,,
20459,10,1177.4,,,
20460,10,998,,,
20461,10,553.3,,,
20462,11,3377,,,
20463,9,2302.7,,,
20464,9,1602.9,,,
20465,9,1834.6,,,
20466,9,398.3,,,
20467,10,595,,,
20468,9,207.7,,,
20469,10,396.9,,,
20470,10,1638.7,,,
20471,9,1645.5,,,
20472,11,5751.5,,,
20473,9,5068,,,
20474,10,1897.6,,,
20475,9,247,,,
20476,9,2657.3,,,
20477,9,4237,,,
20478,9,927.1,,,
20479,8,5146.4,,,
20480,8,295.9,,,
20481,7,142.6,,,
20482,10,8986.3,155.7,110,56.8
20483,9,1554.7,,,
20484,11,29573.7,475.7,455,161.8
20485,9,1184.3,,,
20486,11,2594.6,,,
20487,10,1465.3,,,
20488,8,3070.7,,,
20489,9,419.6,,,
20490,9,2567.8,,,
20491,11,2743.1,,,
20492,10,2579.2,,,
20493,11,3466.3,,,
20494,9,902.3,,,
20495,10,1833.8,,,
20496,10,4247.7,,,
20497,10,4044.4,,,
20498,11,7658.2,,,
20499,10,760,,,
20500,10,3081.1,,,
20501,10,24864.6,,,
20502,10,2051.8,,,
20503,7,1478.7,,,
20504,9,3277.1,,,
20505,10,1590.5,,,
20506,7,541.9,,,
20507,9,2151.1,,,
20508,11,6380.5,,,
20509,10,2523,,,
20510,9,4442,,,
20511,10,2899.5,,,
20512,9,501.8,,,
20513,9,270.3,,,
20514,8,433.8,,,
20515,11,3624,100.7,121.9,52.7
20516,11,13423.4,441.3,415.5,153.5
20517,11,2218.9,,,
20518,9,3952.1,,,
20519,9,882.5,,,
20520,11,1676.8,,,
20521,9,5164.7,,,
20522,7,236.8,,,
20523,10,3759.9,,,
20524,9,3120.5,,,
20525,11,3765.8,,,
20526,11,13890.2,153.9,145.3,46.1
20527,9,2401.8,,,
20528,9,1448.1,,,
20529,10,3196,,,
20530,9,2300.8,,,
20531,9,930.9,,,
20532,9,224.9,,,
20533,9,466.4,,,
20534,10,320.1,,,
20535,10,2199.7,,,
20536,10,1177.8,,,
20537,10,2646.7,,,
20538,3,140.8,,,
20539,9,1291.2,,,
20540,11,2508.9,,,
20541,9,1632.6,,,
20542,6,294.8,,,
20543,9,265.8,,,
20544,9,1296,,,
20545,11,14216.4,255.5,178.2,78.1
20546,9,291.4,,,
20547,10,2713.5,,,
20548,10,1506.8,,,
20549,11,2185.4,,,
20550,9,570.6,,,
20551,9,676.7,,,
20552,9,1820.5,,,
20553,10,1311.5,,,
20554,11,1661.9,,,
20555,9,1457.1,,,
20556,9,3336.6,,,
20557,10,1794.9,,,
20558,11,7827.1,,,
20559,12,13439.2,114.1,149.9,50.7
20560,10,79.9,,,
20561,10,644.2,,,
20562,11,3920.9,,,
20563,8,209,,,
20564,9,1648.3,,,
20565,11,3170.6,,,
20566,10,1032.7,,,
20567,10,7431.3,,,
20568,10,1282.1,,,
20569,11,3761,,,
20570,11,4266.7,,,
21001,11,6560.5,58.8,63.2,40.7
21002,11,2127.1,,,
21003,11,20518.4,206.6,121.9,63.1
21004,11,9769.1,69.1,53.6,31.5
21005,11,8558.7,,,
21006,11,10335.9,191.7,97.8,56
21007,10,3626.5,,,
21008,10,2438.4,,,
21009,11,4405.4,,,
21010,11,5814.6,51.4,48.1,26.9
21011,11,9745.7,,,
21012,10,1654.6,,,
21013,10,720,,,
21014,9,2506.3,,,
21015,11,1315.2,16.2,27.5,13.7
21016,10,2389.7,,,
21017,10,3354.4,,,
21018,11,3175.6,,,
21019,11,5968.9,36.7,59.7,22.2
21020,11,1132.7,,,
21021,9,5974.2,,,
21022,11,1789.7,,,
21023,10,1839.3,,,
21024,10,3478.1,,,
21025,11,27540.5,265.9,159.8,87.8
21026,11,2007.5,,,
21027,8,493.7,,,
21028,10,2874.1,,,
21029,10,2091.8,,,
21030,10,3026.4,,,
21031,11,21513.4,,,
21032,9,643.7,,,
21033,11,5571.1,,,
21034,10,503.8,,,
21035,11,35630.3,137.1,112.8,55.5
21036,11,1700,,,
21037,11,7500.4,,,
21038,10,1271.8,,,
21039,10,1592.8,,,
21040,10,540.5,,,
21041,10,559.7,9.7,13.4,6.8
21042,11,10829,,,
21043,11,7587.9,122.6,101.2,52.1
21044,11,16666.9,171.5,98.4,56.5
21045,11,5631.6,80.7,81.9,43
21046,9,456.3,,,
21047,11,1355.8,,,
21048,10,2019.9,,,
21049,10,1736,,,
21050,11,2992.1,,,
21051,11,3958.5,,,
21052,11,8792.1,,,
21053,11,3245.8,16.5,33.1,23.1
21054,9,2449.8,,,
21055,11,2319.9,,,
21056,10,9005.1,,,
21057,10,4048.2,,,
21058,11,5816.4,,,
21059,11,4009.8,,,
21060,9,2052.3,,,
21061,10,5852.5,,,
21062,10,4018.4,,,
21063,10,4493.1,37.4,61.3,40.8
21064,11,2476.8,,,
21065,10,388.1,,,
21066,11,2490.7,,,
21067,11,18075.4,98.7,79.6,28.4
21068,9,1783.8,,,
21069,11,5555.3,20.9,48,24.4
21070,10,715.5,,,
21071,11,4155.3,70.5,72.7,36.5
21072,11,18630.7,190.4,102.9,66.7
21073,11,6385,,,
21074,11,9068.5,63.5,81.9,26.2
21075,10,4134.5,,,
21076,11,2314.1,,,
21077,11,3119,,,
21078,11,12738.3,97.5,60.7,40.8
21079,11,805.8,,,
21080,9,999.8,,,
21081,11,1210.1,,,
21082,11,33546,315.8,149.9,121.6
21083,11,7760.4,114.9,89.6,57.5
21084,9,318.7,,,
21085,12,15015.9,124.9,97.1,44.2
21086,11,827.3,,,
21087,12,2408.8,,,
21088,10,2946.5,,,
21089,10,1102.6,,,
21090,10,4431.1,,,
21091,10,1125.4,,,
21092,11,4295.6,,,
21093,10,3139.9,,,
21094,11,9986.7,141.6,152.6,67.6
21095,9,601.2,,,
21096,9,756.3,,,
21097,9,1217.5,,,
21098,10,750.6,,,
21099,10,2309.3,51.2,50.5,48.8
21100,10,1658.1,,,
21101,10,1056.1,,,
21102,10,1312.1,,,
21103,9,321.1,,,
21104,11,4359.7,19.7,38.8,24.9
21105,11,10748.2,,,
21106,10,427,,,
21107,11,5281.4,,,
21108,11,3802.7,,,
21109,11,18638.8,123.6,82.6,46.1
21110,11,23550.2,92.3,56.3,43
21111,11,14899.4,124.9,79.5,46.4
21112,11,2643,,,
21113,11,8667.4,,,
21114,11,3934.5,64.5,60.5,21.8
21115,11,992.1,,,
21116,11,10265,120.3,72.1,60.3
21117,11,7771.2,,,
21118,10,660.4,,,
21119,11,1434.8,189.8,244.3,58.1
21120,9,565.6,,,
21121,9,1819.3,,,
21122,11,1170.2,,,
21123,10,1322.7,,,
21124,10,506.5,,,
21125,10,586,,,
21126,11,775,,,
21127,11,1418.7,,,
21128,10,16692.2,305.3,153.8,98.3
21129,11,2254.6,,,
21130,9,1839,,,
21131,9,538.1,,,
21132,11,3694.4,33,43.2,22
21133,9,5203.9,,,
21134,11,1489.7,,,
21135,9,2425.8,,,
21136,11,949.9,,,
21137,9,726.8,,,
21138,10,1370.1,,,
21139,11,3006.1,,,
21140,11,2500.3,30.2,48.3,20.9
21141,11,5476.6,,,
21142,10,365.7,,,
21143,11,4311.8,39.2,29.8,41.1
21144,10,625.2,,,
21145,10,7194.8,204.1,144.7,108.7
21146,10,11251.3,,,
21147,11,460.5,,,
21148,11,1347.7,,,
21149,9,329.1,16,44.7,12.8
21150,9,794,,,
21151,11,717.2,,,
21152,10,901.5,,,
21153,11,1003.3,,,
21154,11,4248.3,78.2,75.3,31.9
21155,11,78457.4,564.3,319,165.7
21156,12,7698.8,75.3,61.7,24.5
21157,11,2695.9,,,
21158,10,4128.8,,,
21159,9,2988.2,,,
21160,11,9228.4,,,
21161,11,764.7,,,
21162,11,2143.9,,,
21163,11,4930.7,33.3,52.1,21.3
21164,11,9043.9,92.6,86.9,42.9
21165,9,2370.2,,,
21166,10,3880.5,,,
21167,10,1369.8,,,
21168,11,5617.9,,,
21169,11,1912.4,,,
21170,11,2727.2,,,
21171,10,1064.6,,,
21172,10,9349,109.4,57.6,34.2
21173,10,5253.1,,,
21174,10,9252.4,142.3,101.4,26.7
21175,11,1595.3,,,
21176,10,5391.3,,,
21177,11,7383,47.8,47.4,23.1
21178,10,691.9,,,
21179,11,4127.4,62.4,48.6,54.4
21180,11,1648.8,,,
21181,11,2870.1,,,
21182,9,1801.7,,,
21183,11,11795.9,120.2,66.5,46.9
21184,9,1168.9,,,
21185,10,3483.1,,,
21186,11,11027.4,101.5,93.6,39.4
21187,10,960.5,,,
21188,11,2377.8,,,
21189,10,3235.6,48.3,48.6,27.2
21190,11,2519.3,,,
21191,11,35745.2,184.1,132.1,92.7
21192,11,3069.4,,,
21193,9,655,,,
21194,10,2915.3,114,98.4,63.7
21195,11,9982,101.2,63.8,44.2
21196,11,4737.9,,,
21197,11,10948.5,63.8,57.7,24.3
21198,10,4314.5,,,
21199,10,2333,,,
21200,9,1062.9,,,
21201,10,3295,,,
21202,9,1353.2,,,
21203,9,788.4,,,
21204,10,4139.8,,,
21205,10,8335.9,34.2,39,33.3
21206,11,37648.3,496.5,200,92.5
21207,11,5822.5,77,71.6,45.4
21208,11,11907.5,121.4,103.7,52.8
21209,10,371.9,,,
21210,11,29254.5,424,208,152.1
21211,11,6522.6,,,
21212,11,3690.3,,,
21213,9,870,,,
21214,11,1481.9,,,
21215,11,1581,,,
21216,9,1907.8,,,
21217,11,7726.7,115.3,65,58.6
22001,10,3130.2,42.5,71.1,50.4
22002,11,11793.9,,,
22003,10,11726.6,,,
22004,10,16790.7,179.2,145.6,60.7
22005,10,3343.7,,,
22006,11,63.5,,,
22007,10,7930,,,
22008,9,209.2,,,
22009,11,23786,217.4,261.6,114
22010,10,11271,,,
22011,10,85.5,,,
22012,9,201.2,,,
22013,11,5379.5,,,
22014,11,5566.6,52.7,68.3,22.1
22015,10,6254.2,,,
22016,11,3026.5,56.7,68.7,24.2
22017,10,678.3,,,
22018,10,14126.9,77.8,93.5,61.6
23001,11,3987,63.4,83.3,25.4
23002,11,8519.5,66.7,124.2,106.1
23003,11,12534.3,77.5,133.2,54.6
23004,11,6158.9,68.3,118.2,44.9
23005,12,2407.9,27.2,36.3,13.1
23006,11,9166.7,51,123.4,94.2
23007,10,13766.5,49.2,109.5,81.3
23008,12,6014.5,54.8,68.4,16.2
24001,10,4556,14.2,26.7,24.9
24002,9,3405.8,25.4,25.4,25.4
24003,11,13745.3,54.2,56.6,28.2
24004,11,4987.3,,,
24005,9,3404.6,,,
24006,10,4453.9,,,
24007,10,5811.1,,,
24008,9,1375.8,,,
24009,10,3293.8,,,
24010,10,15062.1,75.5,41.1,25.3
24011,9,6162.5,,,
24012,11,6369.5,,,
24013,11,9207.8,103,79.2,35.9
24014,10,1471.9,,,
24015,9,1566.8,,,
24016,11,10845,60.6,50.4,48
24017,10,4250.9,,,
24018,11,4443.6,,,
24019,9,4836.4,,,
24020,11,11468.5,81.1,67.5,38.6
24021,11,2181.4,,,
24022,11,1573.3,,,
24023,9,4593.5,,,
24024,10,6693,86.4,107.8,51.3
24025,10,27822.6,70.4,48.3,35.4
24026,11,3280.3,,,
24027,10,3714.1,,,
24028,12,3612.4,73.5,58.7,24.6
24029,11,1765.4,,,
24030,10,3879.6,,,
24031,9,5019.9,,,
24032,11,1898,,,
24033,10,6666.7,,,
24034,11,2073.4,,,
24035,11,4057.6,93.1,45.5,23.6
24036,11,2866,,,
24037,11,4234,27.1,52.7,36.7
24038,11,1975.7,,,
24039,10,1527,,,
24040,11,11052.4,59.3,56,52
24041,11,3359,,,
24042,10,2142.8,,,
24043,10,2403.9,,,
24044,10,4716,,,
24045,9,1094.8,,,
24046,11,4436.2,,,
24047,10,5114,,,
24048,10,10391.6,,,
24049,10,4519.6,,,
24050,10,1659.3,,,
24051,11,3551.6,,,
24052,10,1346.2,,,
24053,11,4604.1,73.5,72.4,29.3
24054,11,9040.2,34.7,61.5,28.3
24055,11,2717.2,,,
24056,11,37593.3,113.9,63,26.6
24057,11,797.6,,,
24058,11,1625.7,,,
25001,11,5028.9,39.3,49.8,22.3
25002,12,9580.3,55.5,114.6,55.6
25003,11,7384.2,82,159.7,103.2
25004,11,20914.7,84.6,143.6,89.5
25005,10,29712.7,115,125.3,75.1
25006,12,5896.2,53.3,83.1,27.6
25007,12,16282.4,65.8,111.2,76.9
25008,11,10125.2,105.4,102.5,42.7
25009,10,1298,129.6,116.3,53.2
25010,10,3132.3,,,
25011,11,6430.6,27,63.5,28.9
25012,12,4153.2,30.1,35.2,17.9
25013,12,13185.7,61.2,123.3,82.2
25014,11,17580.8,43.3,80.4,47.8
25015,11,14765.7,70.3,137.2,51.3
25016,11,29994.9,141.7,127.6,76.4
25017,11,16451,28.3,56.1,34.5
25018,11,6008.4,16.1,58,30.4
26001,10,4414.1,,,
26002,11,10007.1,61.5,70.1,23.5
26003,11,15843.7,163.6,103.8,154.8
26004,9,4097.7,,,
26005,9,3028.2,,,
26006,9,3230.3,,,
26007,7,3720.9,,,
26008,11,18164.7,,,
26009,9,2605.2,,,
26010,10,2263.3,,,
26011,9,1347.3,,,
26012,8,176.2,,,
26013,9,3712.6,,,
26014,9,5855.9,,,
26015,9,1991.8,,,
26016,11,1625.5,,,
26017,11,14524.2,60,61.8,38.6
26018,11,7507.2,58.9,47.8,23.6
26019,11,29407.4,105.2,121.7,43.7
26020,10,3073.7,,,
26021,8,1880,,,
26022,9,5679.9,,,
26023,11,3234.6,,,
26024,11,8313.9,,,
26025,10,2564.4,,,
26026,11,909.9,,,
26027,10,280.4,,,
26028,10,4081.5,0,96.4,96.4
26029,11,9318.9,46.7,43.1,26.7
26030,11,7650.2,88,69.2,32.3
26031,11,4057.3,,,
26032,10,4868.7,,,
26033,11,17977.8,65.7,68.9,48.8
26034,9,2827.4,,,
26035,10,3144.5,,,
26036,11,19061,84.7,99.5,22.8
26037,9,3011.1,,,
26038,11,18748,432.3,332.7,175.4
26039,10,877.1,,,
26040,11,4157.4,,,
26041,11,553.8,,,
26042,11,5419.2,51,54.9,35.5
26043,11,6119.9,35.6,32.1,12.1
26044,8,5615.7,,,
26045,9,3812.6,,,
26046,9,1972.9,,,
26047,9,3262.9,,,
26048,11,14118.3,54.9,81,22.1
26049,8,162.3,,,
26050,10,8757.8,,,
26051,4,92.6,,,
26052,11,1714,,,
26053,9,4590.8,,,
26054,9,1393.8,,,
26055,11,5447,32.7,39.1,15.9
26056,9,2682.8,,,
26057,6,1656.8,,,
26058,11,38400.1,49.7,76.3,57.4
26059,9,638.7,,,
26060,10,2899.7,,,
26061,7,2779.1,,,
26062,8,2013.8,,,
26063,10,6304.4,,,
26064,9,3095.5,,,
26065,9,2317.1,,,
26066,11,39806.2,229.4,251.1,115.4
26067,9,3806.4,,,
26068,8,450.7,,,
26069,8,829.2,,,
26070,9,778.1,,,
26071,9,112.6,,,
26072,9,92.5,,,
27001,11,12662.5,80.2,165.7,84.7
27002,11,8113.9,39.1,74.6,45.2
27003,11,18769,43.8,86.7,66.7
27004,11,7245,159.4,190.9,68.3
27005,11,10432.7,41.7,82.9,50.1
27006,11,9747.9,49.6,88.1,57
27007,11,18022.1,181.1,249.3,116
27008,11,8685.4,44.5,97.6,63.8
27009,11,22252.3,78.2,108.2,90.2
27010,11,11712.3,23.7,68,55.9
27011,11,4915.7,118.7,161.2,100.2
27012,11,12905.3,63.2,138,85.5
27013,11,10334,25.5,60.3,54.5
27014,11,9313.7,47.9,89.8,48.1
27015,11,15193.3,96.4,165.6,112.7
27016,11,20254.4,109.7,140.8,82.9
27017,11,12835.6,64.5,133.7,83.3
28001,10,13137.3,216.3,174.7,101.6
28002,10,25929.2,63.4,120.2,40.9
28003,11,2786,34.5,38.8,18.4
28004,10,2344.5,,,
28005,9,1451.4,,,
28006,10,3109.9,,,
28007,9,383.2,,,
28008,10,6143.7,,,
28009,11,2777.5,52.8,70.6,12.8
28010,10,2323.2,,,
28011,8,3001.4,,,
28012,10,1649,,,
28013,10,6087.1,,,
28014,9,1706.2,,,
28015,9,244.7,,,
28016,11,3210.4,,,
28017,10,8255,170.4,232.5,122.7
28018,10,4989.7,,,
28019,10,3427.7,,,
28020,8,1798.7,,,
28021,10,6720.4,86.1,106.8,43.2
28022,11,1624.4,48.5,46.8,24.5
28023,9,852,,,
28024,9,1522.2,,,
28025,10,6881.9,53.8,158.1,52.7
28026,9,6205.6,,,
28027,11,5345.4,40.8,42.8,18.9
28028,10,1800.2,,,
28029,9,1562.9,,,
28030,10,5409.3,,,
28031,8,4534.9,,,
28032,11,3494.3,42,43.8,17.3
28033,9,6212.3,46.5,46.2,27.1
28034,10,5139.8,,,
28035,11,10786.8,121.8,121.2,70.8
28036,8,4539.2,,,
28037,9,1818.9,,,
28038,10,5143.4,99.5,80.3,29.8
28039,10,1162.5,,,
28040,10,6829.9,69,132.1,51.9
28041,12,8290.7,176.7,206.2,57.7
28042,10,3149.2,,,
28043,9,1455.1,,,
29001,10,5668.1,,,
29002,10,6111.5,924.9,1061.2,228.6
29003,10,6008.4,,,
29004,10,2659.5,,,
29005,10,7509.5,,,
29006,10,12886.3,152,158.3,55
29007,10,19947.3,142.1,190.9,79.7
29008,10,4771.8,,,
29009,10,8220.2,,,
29010,10,4830.6,159.1,96.4,27.4
29011,10,6502,,,
29012,10,6295.3,,,
29013,11,9728.4,95.9,96.1,42.1
29014,10,6390.4,,,
29015,10,3792.8,,,
29016,10,2622.3,,,
29017,10,2514.1,,,
29018,10,10386.4,73.1,95.8,51.8
29019,11,3832.3,,,
29020,10,6302.1,,,
29021,10,6115.3,,,
29022,10,2551.4,,,
29023,10,6908.9,219.4,170.2,66.7
29024,10,3746.6,,,
29025,10,8488.2,53.1,88.7,35.5
29026,10,4773.8,,,
29027,10,3586,,,
29028,10,2739.5,,,
29029,10,3360.8,,,
29030,10,5319.6,,,
29031,10,5457.1,,,
29032,10,4613,,,
29033,10,16842.2,124.3,209.8,52.9
29034,11,12373,122.2,109.2,58.6
29035,10,6047.7,,,
29036,10,3945.2,,,
29037,9,2697.8,,,
29038,10,8836.7,661.6,845,157.9
29039,10,4719.4,,,
29040,10,7370.3,,,
29041,10,2832.5,,,
29042,9,2993.8,,,
29043,10,4777.7,,,
29044,10,10983.9,57.2,117,38.8
29045,10,7526.7,,,
29046,10,6228.3,,,
29047,10,8256.5,,,
29048,10,4825.6,,,
29049,10,3349.8,,,
29050,10,2932,,,
29051,10,3769.9,,,
29052,10,4864.2,,,
29053,10,3938.5,,,
29054,9,4552.1,,,
29055,10,5687,,,
29056,9,3043.2,,,
29057,10,4243.3,,,
29058,10,4218.1,,,
29059,9,4528,,,
29060,9,3246.1,,,
30001,10,1512.2,,,
30002,10,16812.5,,,
30003,11,2713.1,,,
30004,10,1585.1,,,
30005,9,4175.4,,,
30006,10,2165.8,,,
30007,9,770.6,,,
30008,9,499.6,,,
30009,10,11160.9,48.7,67.1,37.2
30010,11,5037.1,67.4,73.7,29.6
30011,11,13953.5,33.1,52.7,25.3
30012,9,2721.2,,,
30013,11,18698.3,65.9,119.4,26.6
30014,9,1578,,,
30015,10,642.3,,,
30016,11,15856.7,159.7,129,47.4
30017,9,1348.9,,,
30018,9,2444,,,
30019,11,11018,,,
30020,10,4239.1,,,
30021,9,1382.7,,,
30022,11,1642.5,,,
30023,11,1249.5,,,
30024,10,2458.9,,,
30025,10,3206.8,,,
30026,11,862.5,,,
30027,10,346.1,,,
30028,10,7125.7,58.7,92.5,21.3
30029,9,535.3,,,
30030,12,1509.7,,,
30031,9,1036.1,,,
30032,11,11925.7,44.4,78.3,31.3
30033,9,2255.5,,,
30034,11,12112.9,92.8,108.9,55.4
30035,9,936.1,,,
30036,10,3321.9,,,
30037,10,1998.8,,,
30038,12,4884.7,37.2,86.4,23.2
30039,12,6056.4,56.4,72,24.3
30040,10,1613.1,,,
30041,9,1774.5,,,
30042,10,4506.2,,,
30043,11,1942.4,,,
30044,12,4772.4,53.8,61.4,17.5
30045,9,4308.8,75.9,87.3,34.7
30046,10,6229.8,,,
30047,11,464.6,,,
30048,11,4677.6,19.6,49,26.2
30049,9,351.1,,,
30050,11,2698.5,,,
30051,11,3658.7,,,
30052,10,1415.9,,,
30053,9,1253.8,,,
30054,9,1723.6,,,
30055,10,3774.8,,,
30056,10,3159.4,,,
30057,10,8227.5,,,
30058,9,372.8,,,
30059,11,2666.1,,,
30060,9,1464.9,,,
30061,11,7514,36.7,54.8,27.2
30062,9,778.4,,,
30063,10,714.5,,,
30064,10,3327,,,
30065,10,1250.6,,,
30066,11,7318.1,161.8,104.1,56.2
30067,11,2043.8,,,
30068,10,1107.4,,,
30069,11,10664.4,107.8,90.5,46.6
30070,11,1542.6,,,
30071,11,3871.2,73.2,71.3,27
30072,11,16138.8,104.6,126.6,77.8
30073,10,675.3,,,
30074,10,3952.4,,,
30075,9,259.7,,,
30076,9,436.3,,,
30077,11,8672.6,156.1,78.8,39.4
30078,10,671.1,,,
30079,10,6430,,,
30080,12,859,,,
30081,10,2253.1,,,
30082,11,11068.1,297.1,172.9,59
30083,11,8387.5,76.5,60.7,39.4
30084,9,4573.2,,,
30085,11,1551.3,,,
30086,11,872.6,,,
30087,12,6472.1,137.1,181.6,35.9
30088,9,2150.7,,,
30089,11,956.5,,,
30090,9,291.2,,,
30091,11,2215.5,91.9,78.5,48.2
30092,10,2767.1,,,
30093,10,1132.9,,,
30094,11,1437.3,,,
30095,11,2975.8,,,
30096,10,9466.4,,,
30097,9,324.1,,,
30098,10,3984.7,,,
30099,10,1855.8,,,
30100,9,209,,,
30101,10,2191.1,,,
30102,11,7412.2,59.1,79.4,24.2
30103,11,2019.8,,,
30104,11,13978,139.3,183.3,64
30105,9,240.7,,,
30106,10,18018.4,,,
30107,10,2422.3,,,
30108,11,5717.3,46.5,70.9,24.6
30109,11,8993.4,79.3,73,34.5
30110,9,251.1,,,
30111,10,3062.2,,,
30112,11,16810.9,107.9,133.2,38.3
30113,9,2308.3,,,
30114,11,2511,,,
30115,11,2952.1,,,
30116,11,4577,502.8,298.2,78.9
30117,11,1573.2,,,
30118,11,2236.7,85.2,35.4,18.3
30119,9,1046.5,,,
30120,11,4839.4,,,
30121,11,16989.7,162.4,120.9,58.9
30122,11,4708.3,,,
30123,11,4764.6,55.1,75.8,40.5
30124,11,3766.1,36,44.7,18.7
30125,10,1033.6,,,
30126,10,916.8,,,
30127,10,2256.2,,,
30128,12,8735.4,38.6,60.2,21.6
30129,11,31310.2,73.2,179.4,72.3
30130,11,6164.2,69.2,54.9,33.1
30131,10,2467.1,79.9,84.5,22.2
30132,10,1661,,,
30133,10,681.8,,,
30134,11,1385.4,,,
30135,11,2601.2,,,
30136,9,1219.7,,,
30137,9,374.9,,,
30138,12,3000.8,464.1,389.7,68.3
30139,11,238.6,,,
30140,10,2584.4,,,
30141,11,6304.5,39.9,52.8,25.8
30142,11,1296.7,,,
30143,10,7324,78.5,85.4,33.7
30144,11,1571,,,
30145,11,1816,,,
30146,10,2775.4,,,
30147,9,1710.2,,,
30148,9,254.7,,,
30149,11,3731.8,,,
30150,9,1319.6,,,
30151,9,585.9,,,
30152,9,619.4,,,
30153,10,3108.1,,,
30154,9,1171.6,,,
30155,11,7068.3,48.2,49.2,27.1
30156,9,1344.7,,,
30157,9,1590.6,,,
30158,11,5506.2,,,
30159,11,3091.6,,,
30160,11,3601.4,46.1,55.3,31.4
30161,11,2135.2,82.2,97.8,31.7
30162,11,2577.1,,,
30163,10,3994.4,,,
30164,10,38276.4,92.2,163.3,65
30165,9,1291.8,,,
30166,10,13648.5,,,
30167,10,1511.7,,,
30168,10,1291,,,
30169,11,23950.4,115.5,86.9,40.8
30170,11,441.3,,,
30171,10,410,,,
30172,11,1699.2,,,
30173,11,6875.5,48.5,66.1,41.4
30174,11,4207,52.1,49.2,19
30175,10,1787.1,,,
30176,9,1720.9,,,
30177,9,1347.3,,,
30178,11,26003.4,151.3,135.4,40.4
30179,10,1662.2,,,
30180,10,432.9,,,
30181,11,11433.9,106.8,105.8,53.4
30182,9,1110.7,,,
30183,11,9453.3,41.6,75.7,25.3
30184,11,10651.8,367.8,418,117
30185,10,3367.4,,,
30186,10,694.4,,,
30187,10,11146.6,,,
30188,11,1818,,,
30189,10,3151.9,62,68.4,21
30190,10,1920.4,,,
30191,10,1338.7,,,
30192,11,2005.8,,,
30193,11,3921.3,78.1,85,21.3
30194,10,2847.6,,,
30195,10,10408.9,,,
30196,10,1420.7,,,
30197,11,4097.7,,,
30198,9,1546.2,,,
30199,10,3937.9,,,
30200,11,1427.7,,,
30201,11,506.1,,,
30202,10,247.6,,,
30203,11,2034,,,
30204,11,1279.2,,,
30205,9,254.6,,,
30206,11,2923.2,,,
30207,10,1715,,,
30208,9,3004.9,,,
30209,11,11974,,,
30210,11,19054.4,83.9,98.4,43.3
31001,9,335.1,,,
31002,9,333.7,,,
31003,9,583.6,,,
31004,8,176.4,,,
31005,9,460.6,,,
31006,10,1498.6,,,
31007,9,776.9,,,
31008,10,4236,,,
31009,9,232.5,,,
31010,9,490.2,,,
31011,9,443.5,,,
31012,10,2316.8,,,
31013,9,202.1,,,
31014,11,6106.9,,,
31015,9,87,,,
31016,6,627,,,
31017,10,3028.7,,,
31018,9,483.7,,,
31019,11,3119.3,,,
31020,8,696.1,,,
31021,11,4334.7,,,
31022,11,2331.6,,,
31023,8,423,,,
31024,8,439.6,,,
31025,9,406.8,,,
31026,9,244.1,,,
31027,9,254.3,,,
31028,8,869.4,,,
31029,8,511.2,,,
31030,11,3814,,,
31031,9,443.2,,,
31032,10,3040.6,,,
31033,9,161.9,,,
31034,8,180.1,,,
31035,9,267.2,,,
31036,9,202.6,,,
31037,8,172.3,,,
31038,10,165.3,,,
31039,7,295,,,
31040,10,133.8,,,
31041,10,120.4,,,
31042,9,371.6,,,
31043,11,3256.1,,,
31044,8,215.4,,,
31045,6,181.6,,,
31046,9,313.2,,,
31047,9,326,,,
31048,9,108.3,,,
31049,6,370.2,,,
31050,11,863.2,99.9,84.6,20.6
31051,8,310.9,,,
31052,10,147.1,,,
31053,8,321.6,,,
31054,7,324.2,,,
31055,9,164.9,,,
31056,9,323,,,
31057,10,3424.3,,,
31058,9,537.3,91.3,169.7,68.1
31059,10,242.6,,,
31060,10,1585.1,,,
31061,11,1324.4,,,
31062,9,237.1,,,
31063,8,159.4,,,
31064,5,330.7,,,
31065,9,2245.4,,,
31066,9,333.3,,,
31067,9,187.5,,,
31068,10,306.6,,,
31069,8,277.4,,,
31070,9,4267.9,,,
31071,7,445.2,,,
31072,6,170.6,,,
31073,8,354.6,,,
31074,9,269.4,,,
31075,8,581.4,,,
31076,9,146.3,,,
31077,9,229,,,
31078,10,163.3,,,
31079,10,1363.5,161.9,177.5,54.3
31080,9,221.6,,,
31081,11,4703.6,,,
31082,9,354.3,,,
31083,7,592.8,,,
31084,9,191.3,,,
31085,11,3769.3,,,
31086,9,347.3,,,
31087,9,227.7,,,
31088,8,376.8,,,
31089,11,305.7,,,
31090,9,156.7,,,
31091,11,3520.7,,,
31092,11,4375.9,,,
31093,10,145.7,,,
31094,8,1073.1,,,
31095,10,150.3,,,
31096,11,10747.1,96,110.3,41.5
31097,10,406,,,
31098,10,729.2,,,
31099,11,5202.7,,,
31100,10,202.2,,,
31101,10,125,,,
31102,11,7874.5,124.5,127,56.2
31103,9,374.7,,,
31104,9,833.1,,,
31105,8,349.4,,,
31106,9,479.6,,,
32001,10,9380.9,,,
32002,10,4099.9,,,
32003,10,1203.5,,,
32004,10,636.8,,,
32005,11,7509.1,121.6,99.1,43.2
32006,12,3718.8,,,
32007,10,418,,,
32008,10,3502.4,,,
32009,9,2602.6,,,
32010,13,10558.8,64.4,93.1,29.1
32011,9,1572,,,
32012,11,6278.9,,,
32013,10,5595.2,,,
32014,11,3195,,,
32015,9,2878.2,,,
32016,10,4602.8,,,
32017,12,8718.9,82.8,113.9,30.1
32018,10,5334.6,,,
32019,11,35326.1,93.7,120,53.2
32020,12,27219.1,80.8,162.8,32.4
32021,9,2222.4,,,
32022,10,37231.4,96.8,128.1,68.4
32023,11,39903.5,204.5,132.8,91.6
32024,11,23164.1,89,142.4,34.2
32025,11,5064.8,,,
32026,10,515,,,
32027,10,432.8,,,
32028,9,1700,,,
32029,11,10288.1,,,
32030,10,1970.4,,,
32031,11,1798.6,,,
32032,10,5505.2,,,
32033,9,2414.1,,,
32034,11,16404.4,76.4,116.7,55.6
32035,10,9738.8,,,
32036,10,17485.9,57.6,70.1,33.7
32037,11,4848.2,,,
32038,12,2630.8,,,
32039,10,1451.6,,,
32040,11,4209.9,,,
32041,10,421.1,,,
32042,11,7949.5,37.4,46.5,29.4
32043,11,3956,,,
32044,11,28956.3,119.4,150.1,86.6
32045,11,697.5,,,
32046,11,4516.1,,,
32047,10,952.4,,,
32048,11,987.2,,,
32049,12,23588.1,89.5,97.1,52.2
32050,10,4904.6,,,
32051,12,14251.1,71.2,102.6,52.3
32052,10,4037.9,,,
32053,10,5113.8,,,
32054,10,4413.7,,,
32055,11,2327.9,,,
32056,12,9807.8,120.3,165.6,45.9
32057,10,39924.7,89.5,147.5,39.5
