bin,bin_order,bin_label_en,bin_label_es,side,horizon,spec,spec_label_en,spec_label_es,nobs,n_mun,mrate,estimate,se,p,pct,ci_low,ci_high,stars
-15_10,1,≤10 °C,≤10 °C,cold,0,home,"Discharged, not hospitalized",Alta sin hospitalización,2631155,661,45.2238,-0.102298,0.00446806,5.16e-116,-10.2298,-11.1055,-9.35405,***
-15_10,1,≤10 °C,≤10 °C,cold,0,hosp,Hospitalization or death,Hospitalización o muerte,2543592,661,6.83746,-0.0349907,0.01384,0.0115,-3.49907,-6.2117000000000004,-0.786441,**
-15_10,1,≤10 °C,≤10 °C,cold,1,home,"Discharged, not hospitalized",Alta sin hospitalización,2631155,661,45.2238,-0.131607,0.00573716,1.8799999999999998e-116,-13.1607,-14.2852,-12.0362,***
-15_10,1,≤10 °C,≤10 °C,cold,1,hosp,Hospitalization or death,Hospitalización o muerte,2543592,661,6.83746,-0.0529805,0.00973289,5.23e-8,-5.29805,-7.2057,-3.39041,***
-15_10,1,≤10 °C,≤10 °C,cold,2,home,"Discharged, not hospitalized",Alta sin hospitalización,2631155,661,45.2238,-0.136012,0.00627117,2.6399999999999993e-104,-13.6012,-14.8303,-12.372,***
-15_10,1,≤10 °C,≤10 °C,cold,2,hosp,Hospitalization or death,Hospitalización o muerte,2543592,661,6.83746,-0.0519502,0.00940873,3.36e-8,-5.19502,-7.03913,-3.35091,***
-15_10,1,≤10 °C,≤10 °C,cold,3,home,"Discharged, not hospitalized",Alta sin hospitalización,2631155,661,45.2238,-0.154277,0.0066263,6.659999999999999e-120,-15.4277,-16.7264,-14.1289,***
-15_10,1,≤10 °C,≤10 °C,cold,3,hosp,Hospitalization or death,Hospitalización o muerte,2543592,661,6.83746,-0.0588398,0.00926692,2.16e-10,-5.88398,-7.70029,-4.06766,***
-15_10,1,≤10 °C,≤10 °C,cold,4,home,"Discharged, not hospitalized",Alta sin hospitalización,2631155,661,45.2238,-0.162137,0.00796985,5.269999999999999e-92,-16.2137,-17.7758,-14.6516,***
-15_10,1,≤10 °C,≤10 °C,cold,4,hosp,Hospitalization or death,Hospitalización o muerte,2543592,661,6.83746,-0.0652592,0.0101804,1.45e-10,-6.52592,-8.52128,-4.53056,***
-15_10,1,≤10 °C,≤10 °C,cold,5,home,"Discharged, not hospitalized",Alta sin hospitalización,2631155,661,45.2238,-0.166543,0.0080512,4.689999999999999e-95,-16.6543,-18.2323,-15.0762,***
-15_10,1,≤10 °C,≤10 °C,cold,5,hosp,Hospitalization or death,Hospitalización o muerte,2543592,661,6.83746,-0.0582369,0.0110856,1.49e-7,-5.82369,-7.99646,-3.65092,***
-15_10,1,≤10 °C,≤10 °C,cold,6,home,"Discharged, not hospitalized",Alta sin hospitalización,2631155,661,45.2238,-0.175264,0.00872829,1.0999999999999997e-89,-17.5264,-19.2371,-15.8156,***
-15_10,1,≤10 °C,≤10 °C,cold,6,hosp,Hospitalization or death,Hospitalización o muerte,2543592,661,6.83746,-0.054464,0.0108349,4.99e-7,-5.4464,-7.57004,-3.32277,***
-15_10,1,≤10 °C,≤10 °C,cold,7,home,"Discharged, not hospitalized",Alta sin hospitalización,2631155,661,45.2238,-0.169023,0.00931592,1.4499999999999997e-73,-16.9023,-18.7282,-15.0763,***
-15_10,1,≤10 °C,≤10 °C,cold,7,hosp,Hospitalization or death,Hospitalización o muerte,2543592,661,6.83746,-0.0485613,0.0116296,2.97e-5,-4.85613,-7.13553,-2.57672,***
-15_10,1,≤10 °C,≤10 °C,cold,8,home,"Discharged, not hospitalized",Alta sin hospitalización,2631155,661,45.2238,-0.167714,0.0108393,5.299999999999999e-54,-16.7714,-18.8959,-14.6469,***
-15_10,1,≤10 °C,≤10 °C,cold,8,hosp,Hospitalization or death,Hospitalización o muerte,2543592,661,6.83746,-0.0469016,0.0129022,2.78e-4,-4.69016,-7.21898,-2.16133,***
-15_10,1,≤10 °C,≤10 °C,cold,9,home,"Discharged, not hospitalized",Alta sin hospitalización,2631155,661,45.2238,-0.167165,0.0118413,2.98e-45,-16.7165,-19.0374,-14.3956,***
-15_10,1,≤10 °C,≤10 °C,cold,9,hosp,Hospitalization or death,Hospitalización o muerte,2543592,661,6.83746,-0.0479353,0.0149584,0.00135,-4.79353,-7.72537,-1.86169,***
-15_10,1,≤10 °C,≤10 °C,cold,10,home,"Discharged, not hospitalized",Alta sin hospitalización,2631155,661,45.2238,-0.162288,0.0132075,1.0599999999999999e-34,-16.2288,-18.8175,-13.6402,***
-15_10,1,≤10 °C,≤10 °C,cold,10,hosp,Hospitalization or death,Hospitalización o muerte,2543592,661,6.83746,-0.0425269,0.0155023,0.00608,-4.25269,-7.29114,-1.21425,***
-15_10,1,≤10 °C,≤10 °C,cold,11,home,"Discharged, not hospitalized",Alta sin hospitalización,2631155,661,45.2238,-0.159,0.0142708,7.86e-29,-15.9,-18.6971,-13.103,***
-15_10,1,≤10 °C,≤10 °C,cold,11,hosp,Hospitalization or death,Hospitalización o muerte,2543592,661,6.83746,-0.0435634,0.0173766,0.0122,-4.35634,-7.76215,-0.95053,**
-15_10,1,≤10 °C,≤10 °C,cold,12,home,"Discharged, not hospitalized",Alta sin hospitalización,2631155,661,45.2238,-0.153002,0.0149769,1.68e-24,-15.3002,-18.2357,-12.3647,***
-15_10,1,≤10 °C,≤10 °C,cold,12,hosp,Hospitalization or death,Hospitalización o muerte,2543592,661,6.83746,-0.0348,0.0172718,0.0439,-3.48,-6.86526,-0.0947364,**
-15_10,1,≤10 °C,≤10 °C,cold,13,home,"Discharged, not hospitalized",Alta sin hospitalización,2631155,661,45.2238,-0.154134,0.0156724,7.98e-23,-15.4134,-18.4852,-12.3416,***
-15_10,1,≤10 °C,≤10 °C,cold,13,hosp,Hospitalization or death,Hospitalización o muerte,2543592,661,6.83746,-0.0397045,0.0199858,0.047,-3.97045,-7.88766,-0.053231,**
-15_10,1,≤10 °C,≤10 °C,cold,14,home,"Discharged, not hospitalized",Alta sin hospitalización,2631155,661,45.2238,-0.159557,0.016279,1.11e-22,-15.9557,-19.1464,-12.765,***
-15_10,1,≤10 °C,≤10 °C,cold,14,hosp,Hospitalization or death,Hospitalización o muerte,2543592,661,6.83746,-0.0411763,0.0202224,0.0417,-4.11763,-8.08123,-0.154033,**
-15_10,1,≤10 °C,≤10 °C,cold,15,home,"Discharged, not hospitalized",Alta sin hospitalización,2631155,661,45.2238,-0.169024,0.0166545,3.35e-24,-16.9024,-20.1667,-13.6381,***
-15_10,1,≤10 °C,≤10 °C,cold,15,hosp,Hospitalization or death,Hospitalización o muerte,2543592,661,6.83746,-0.049648,0.0267405,0.0634,-4.9648,-10.2059,0.276339,*
-15_10,1,≤10 °C,≤10 °C,cold,16,home,"Discharged, not hospitalized",Alta sin hospitalización,2631155,661,45.2238,-0.170171,0.0165495,8.44e-25,-17.0171,-20.2608,-13.7734,***
-15_10,1,≤10 °C,≤10 °C,cold,16,hosp,Hospitalization or death,Hospitalización o muerte,2543592,661,6.83746,-0.0388089,0.0195766,0.0474,-3.88089,-7.71789,-0.0438828,**
-15_10,1,≤10 °C,≤10 °C,cold,17,home,"Discharged, not hospitalized",Alta sin hospitalización,2631155,661,45.2238,-0.164982,0.017225,9.89e-22,-16.4982,-19.8743,-13.1221,***
-15_10,1,≤10 °C,≤10 °C,cold,17,hosp,Hospitalization or death,Hospitalización o muerte,2543592,661,6.83746,-0.0498297,0.0223319,0.0257,-4.98297,-9.36002,-0.605917,**
-15_10,1,≤10 °C,≤10 °C,cold,18,home,"Discharged, not hospitalized",Alta sin hospitalización,2631155,661,45.2238,-0.16681000000000001,0.018121,3.41e-20,-16.681,-20.2327,-13.1292,***
-15_10,1,≤10 °C,≤10 °C,cold,18,hosp,Hospitalization or death,Hospitalización o muerte,2543592,661,6.83746,-0.0742183,0.0273849,0.00672,-7.42183,-12.7893,-2.05438,***
-15_10,1,≤10 °C,≤10 °C,cold,19,home,"Discharged, not hospitalized",Alta sin hospitalización,2631155,661,45.2238,-0.162699,0.018635,2.53e-18,-16.2699,-19.9224,-12.6174,***
-15_10,1,≤10 °C,≤10 °C,cold,19,hosp,Hospitalization or death,Hospitalización o muerte,2543592,661,6.83746,-0.0531199,0.022354,0.0175,-5.31199,-9.69336,-0.930611,**
-15_10,1,≤10 °C,≤10 °C,cold,20,home,"Discharged, not hospitalized",Alta sin hospitalización,2631155,661,45.2238,-0.160367,0.0183245,2.11e-18,-16.0367,-19.6283,-12.4451,***
-15_10,1,≤10 °C,≤10 °C,cold,20,hosp,Hospitalization or death,Hospitalización o muerte,2543592,661,6.83746,-0.0483658,0.0232944,0.0379,-4.83658,-9.40229,-0.270877,**
-15_10,1,≤10 °C,≤10 °C,cold,21,home,"Discharged, not hospitalized",Alta sin hospitalización,2631155,661,45.2238,-0.166731,0.0184603,1.69e-19,-16.6731,-20.2914,-13.0549,***
-15_10,1,≤10 °C,≤10 °C,cold,21,hosp,Hospitalization or death,Hospitalización o muerte,2543592,661,6.83746,-0.0555731,0.0236437,0.0188,-5.55731,-10.1915,-0.923148,**
-15_10,1,≤10 °C,≤10 °C,cold,22,home,"Discharged, not hospitalized",Alta sin hospitalización,2631155,661,45.2238,-0.163464,0.0189304,5.87e-18,-16.3464,-20.0567,-12.636,***
-15_10,1,≤10 °C,≤10 °C,cold,22,hosp,Hospitalization or death,Hospitalización o muerte,2543592,661,6.83746,-0.0571576,0.025601,0.0256,-5.71576,-10.7336,-0.697958,**
-15_10,1,≤10 °C,≤10 °C,cold,23,home,"Discharged, not hospitalized",Alta sin hospitalización,2631155,661,45.2238,-0.169166,0.0197137,9.39e-18,-16.9166,-20.7805,-13.0527,***
-15_10,1,≤10 °C,≤10 °C,cold,23,hosp,Hospitalization or death,Hospitalización o muerte,2543592,661,6.83746,-0.0575695,0.0264386,0.0294,-5.75695,-10.9389,-0.574987,**
-15_10,1,≤10 °C,≤10 °C,cold,24,home,"Discharged, not hospitalized",Alta sin hospitalización,2631155,661,45.2238,-0.164402,0.0193619,2.05e-17,-16.4402,-20.2351,-12.6452,***
-15_10,1,≤10 °C,≤10 °C,cold,24,hosp,Hospitalization or death,Hospitalización o muerte,2543592,661,6.83746,-0.0442863,0.0323623,0.171,-4.42863,-10.7716,1.91437,
-15_10,1,≤10 °C,≤10 °C,cold,25,home,"Discharged, not hospitalized",Alta sin hospitalización,2631155,661,45.2238,-0.16655,0.0200613,1.02e-16,-16.655,-20.587,-12.723,***
-15_10,1,≤10 °C,≤10 °C,cold,25,hosp,Hospitalization or death,Hospitalización o muerte,2543592,661,6.83746,-0.0590701,0.0278677,0.034,-5.90701,-11.3691,-0.444934,**
-15_10,1,≤10 °C,≤10 °C,cold,26,home,"Discharged, not hospitalized",Alta sin hospitalización,2631155,661,45.2238,-0.173671,0.0213051,3.59e-16,-17.3671,-21.5429,-13.1912,***
-15_10,1,≤10 °C,≤10 °C,cold,26,hosp,Hospitalization or death,Hospitalización o muerte,2543592,661,6.83746,-0.077087,0.0275281,0.00511,-7.7087,-13.1042,-2.3132,***
-15_10,1,≤10 °C,≤10 °C,cold,27,home,"Discharged, not hospitalized",Alta sin hospitalización,2631155,661,45.2238,-0.173358,0.0192396,2.05e-19,-17.3358,-21.1068,-13.5649,***
-15_10,1,≤10 °C,≤10 °C,cold,27,hosp,Hospitalization or death,Hospitalización o muerte,2543592,661,6.83746,-0.0737069,0.0286806,0.0102,-7.37069,-12.9921,-1.74929,**
-15_10,1,≤10 °C,≤10 °C,cold,28,home,"Discharged, not hospitalized",Alta sin hospitalización,2631155,661,45.2238,-0.179515,0.0205569,2.49e-18,-17.9515,-21.9806,-13.9223,***
-15_10,1,≤10 °C,≤10 °C,cold,28,hosp,Hospitalization or death,Hospitalización o muerte,2543592,661,6.83746,-0.085122,0.0290194,0.00335,-8.5122,-14.2,-2.82441,***
-15_10,1,≤10 °C,≤10 °C,cold,29,home,"Discharged, not hospitalized",Alta sin hospitalización,2631155,661,45.2238,-0.184811,0.020299,8.67e-20,-18.4811,-22.4597,-14.5025,***
-15_10,1,≤10 °C,≤10 °C,cold,29,hosp,Hospitalization or death,Hospitalización o muerte,2543592,661,6.83746,-0.0894633,0.0286242,0.00178,-8.94633,-14.5567,-3.33599,***
-15_10,1,≤10 °C,≤10 °C,cold,30,home,"Discharged, not hospitalized",Alta sin hospitalización,2631155,661,45.2238,-0.172796,0.0211453,3.04e-16,-17.2796,-21.4241,-13.1351,***
-15_10,1,≤10 °C,≤10 °C,cold,30,hosp,Hospitalization or death,Hospitalización o muerte,2543592,661,6.83746,-0.0816225,0.0275459,0.00305,-8.16225,-13.5613,-2.76324,***
10_15,2,10–15 °C,10–15 °C,cold,0,home,"Discharged, not hospitalized",Alta sin hospitalización,2631155,661,45.2238,-0.056793,0.00269124,7.479999999999997e-99,-5.6793,-6.20678,-5.15181,***
10_15,2,10–15 °C,10–15 °C,cold,0,hosp,Hospitalization or death,Hospitalización o muerte,2543592,661,6.83746,-0.0362125,0.00360237,8.96e-24,-3.62125,-4.32732,-2.91519,***
10_15,2,10–15 °C,10–15 °C,cold,1,home,"Discharged, not hospitalized",Alta sin hospitalización,2631155,661,45.2238,-0.0760342,0.00315504,2.539999999999999e-128,-7.60342,-8.22181,-6.98503,***
10_15,2,10–15 °C,10–15 °C,cold,1,hosp,Hospitalization or death,Hospitalización o muerte,2543592,661,6.83746,-0.0493159,0.00399487,5.2e-35,-4.93159,-5.71458,-4.1485900000000004,***
10_15,2,10–15 °C,10–15 °C,cold,2,home,"Discharged, not hospitalized",Alta sin hospitalización,2631155,661,45.2238,-0.0798852,0.00352917,1.9299999999999995e-113,-7.98852,-8.68024,-7.2968,***
10_15,2,10–15 °C,10–15 °C,cold,2,hosp,Hospitalization or death,Hospitalización o muerte,2543592,661,6.83746,-0.0440628,0.00497893,8.76e-19,-4.40628,-5.38215,-3.43041,***
10_15,2,10–15 °C,10–15 °C,cold,3,home,"Discharged, not hospitalized",Alta sin hospitalización,2631155,661,45.2238,-0.0879084,0.00387846,9.739999999999998e-114,-8.79084,-9.55102,-8.03067,***
10_15,2,10–15 °C,10–15 °C,cold,3,hosp,Hospitalization or death,Hospitalización o muerte,2543592,661,6.83746,-0.0516692,0.00536479,5.91e-22,-5.16692,-6.21842,-4.11542,***
10_15,2,10–15 °C,10–15 °C,cold,4,home,"Discharged, not hospitalized",Alta sin hospitalización,2631155,661,45.2238,-0.0934163,0.00455092,1.2399999999999997e-93,-9.34163,-10.2336,-8.44965,***
10_15,2,10–15 °C,10–15 °C,cold,4,hosp,Hospitalization or death,Hospitalización o muerte,2543592,661,6.83746,-0.0528302,0.00577468,5.77e-20,-5.28302,-6.41485,-4.15118,***
10_15,2,10–15 °C,10–15 °C,cold,5,home,"Discharged, not hospitalized",Alta sin hospitalización,2631155,661,45.2238,-0.0892419,0.00418314,5.519999999999999e-101,-8.92419,-9.74409,-8.1043,***
10_15,2,10–15 °C,10–15 °C,cold,5,hosp,Hospitalization or death,Hospitalización o muerte,2543592,661,6.83746,-0.044445900000000003,0.00599632,1.24e-13,-4.44459,-5.61987,-3.26931,***
10_15,2,10–15 °C,10–15 °C,cold,6,home,"Discharged, not hospitalized",Alta sin hospitalización,2631155,661,45.2238,-0.0956158,0.00537422,8.21e-71,-9.56158,-10.6149,-8.50823,***
10_15,2,10–15 °C,10–15 °C,cold,6,hosp,Hospitalization or death,Hospitalización o muerte,2543592,661,6.83746,-0.040511900000000003,0.00649837,4.54e-10,-4.05119,-5.32487,-2.77751,***
10_15,2,10–15 °C,10–15 °C,cold,7,home,"Discharged, not hospitalized",Alta sin hospitalización,2631155,661,45.2238,-0.0912896,0.00540957,6.809999999999999e-64,-9.12896,-10.1892,-8.06869,***
10_15,2,10–15 °C,10–15 °C,cold,7,hosp,Hospitalization or death,Hospitalización o muerte,2543592,661,6.83746,-0.0398509,0.00670463,2.79e-9,-3.98509,-5.2992,-2.67098,***
10_15,2,10–15 °C,10–15 °C,cold,8,home,"Discharged, not hospitalized",Alta sin hospitalización,2631155,661,45.2238,-0.0937282,0.00554023,3.3299999999999997e-64,-9.37282,-10.4587,-8.28694,***
10_15,2,10–15 °C,10–15 °C,cold,8,hosp,Hospitalization or death,Hospitalización o muerte,2543592,661,6.83746,-0.0439455,0.00778587,1.66e-8,-4.39455,-5.92058,-2.86851,***
10_15,2,10–15 °C,10–15 °C,cold,9,home,"Discharged, not hospitalized",Alta sin hospitalización,2631155,661,45.2238,-0.0956306,0.00565683,4.11e-64,-9.56306,-10.6718,-8.45432,***
10_15,2,10–15 °C,10–15 °C,cold,9,hosp,Hospitalization or death,Hospitalización o muerte,2543592,661,6.83746,-0.0453189,0.00828238,4.46e-8,-4.53189,-6.15523,-2.90854,***
10_15,2,10–15 °C,10–15 °C,cold,10,home,"Discharged, not hospitalized",Alta sin hospitalización,2631155,661,45.2238,-0.090137900000000007,0.00597743,2.2e-51,-9.01379,-10.1854,-7.84221,***
10_15,2,10–15 °C,10–15 °C,cold,10,hosp,Hospitalization or death,Hospitalización o muerte,2543592,661,6.83746,-0.0436046,0.00847493,2.67e-7,-4.36046,-6.02154,-2.69937,***
10_15,2,10–15 °C,10–15 °C,cold,11,home,"Discharged, not hospitalized",Alta sin hospitalización,2631155,661,45.2238,-0.0893816,0.00630016,1.1e-45,-8.93816,-10.173,-7.70333,***
10_15,2,10–15 °C,10–15 °C,cold,11,hosp,Hospitalization or death,Hospitalización o muerte,2543592,661,6.83746,-0.0465222,0.0084965,4.36e-8,-4.65222,-6.31753,-2.9869,***
10_15,2,10–15 °C,10–15 °C,cold,12,home,"Discharged, not hospitalized",Alta sin hospitalización,2631155,661,45.2238,-0.0869073,0.0065,9.009999999999999e-41,-8.69073,-9.96473,-7.41673,***
10_15,2,10–15 °C,10–15 °C,cold,12,hosp,Hospitalization or death,Hospitalización o muerte,2543592,661,6.83746,-0.0472446,0.00899431,1.5e-7,-4.72446,-6.48734,-2.96157,***
10_15,2,10–15 °C,10–15 °C,cold,13,home,"Discharged, not hospitalized",Alta sin hospitalización,2631155,661,45.2238,-0.0877285,0.00718401,2.69e-34,-8.77285,-10.1809,-7.36479,***
10_15,2,10–15 °C,10–15 °C,cold,13,hosp,Hospitalization or death,Hospitalización o muerte,2543592,661,6.83746,-0.0493667,0.00992274,6.52e-7,-4.93667,-6.88153,-2.99182,***
10_15,2,10–15 °C,10–15 °C,cold,14,home,"Discharged, not hospitalized",Alta sin hospitalización,2631155,661,45.2238,-0.0940258,0.00792174,1.71e-32,-9.40258,-10.9552,-7.84992,***
10_15,2,10–15 °C,10–15 °C,cold,14,hosp,Hospitalization or death,Hospitalización o muerte,2543592,661,6.83746,-0.0542062,0.0111363,1.13e-6,-5.42062,-7.60334,-3.23791,***
10_15,2,10–15 °C,10–15 °C,cold,15,home,"Discharged, not hospitalized",Alta sin hospitalización,2631155,661,45.2238,-0.0965125,0.00759065,4.899999999999999e-37,-9.65125,-11.139,-8.16348,***
10_15,2,10–15 °C,10–15 °C,cold,15,hosp,Hospitalization or death,Hospitalización o muerte,2543592,661,6.83746,-0.0577874,0.0110683,1.78e-7,-5.77874,-7.94812,-3.60936,***
10_15,2,10–15 °C,10–15 °C,cold,16,home,"Discharged, not hospitalized",Alta sin hospitalización,2631155,661,45.2238,-0.100693,0.00812181,2.68e-35,-10.0693,-11.6612,-8.47745,***
10_15,2,10–15 °C,10–15 °C,cold,16,hosp,Hospitalization or death,Hospitalización o muerte,2543592,661,6.83746,-0.0615872,0.0120399,3.13e-7,-6.15872,-8.51855,-3.7989,***
10_15,2,10–15 °C,10–15 °C,cold,17,home,"Discharged, not hospitalized",Alta sin hospitalización,2631155,661,45.2238,-0.099842,0.00836826,8.16e-33,-9.9842,-11.6244,-8.34402,***
10_15,2,10–15 °C,10–15 °C,cold,17,hosp,Hospitalization or death,Hospitalización o muerte,2543592,661,6.83746,-0.0675328,0.0120991,2.38e-8,-6.75328,-9.1247,-4.38187,***
10_15,2,10–15 °C,10–15 °C,cold,18,home,"Discharged, not hospitalized",Alta sin hospitalización,2631155,661,45.2238,-0.101082,0.00828582,3.13e-34,-10.1082,-11.7322,-8.48416,***
10_15,2,10–15 °C,10–15 °C,cold,18,hosp,Hospitalization or death,Hospitalización o muerte,2543592,661,6.83746,-0.0715486,0.0115774,6.41e-10,-7.15486,-9.42403,-4.88569,***
10_15,2,10–15 °C,10–15 °C,cold,19,home,"Discharged, not hospitalized",Alta sin hospitalización,2631155,661,45.2238,-0.0991991,0.00884641,3.5000000000000003e-29,-9.91991,-11.6538,-8.18601,***
10_15,2,10–15 °C,10–15 °C,cold,19,hosp,Hospitalization or death,Hospitalización o muerte,2543592,661,6.83746,-0.0680567,0.0119593,1.27e-8,-6.80567,-9.14969,-4.46166,***
10_15,2,10–15 °C,10–15 °C,cold,20,home,"Discharged, not hospitalized",Alta sin hospitalización,2631155,661,45.2238,-0.0995782,0.00880034,1.1000000000000001e-29,-9.95782,-11.6827,-8.23295,***
10_15,2,10–15 °C,10–15 °C,cold,20,hosp,Hospitalization or death,Hospitalización o muerte,2543592,661,6.83746,-0.0683924,0.0124738,4.18e-8,-6.83924,-9.28411,-4.39437,***
10_15,2,10–15 °C,10–15 °C,cold,21,home,"Discharged, not hospitalized",Alta sin hospitalización,2631155,661,45.2238,-0.105517,0.00931137,9.1e-30,-10.5517,-12.3768,-8.72671,***
10_15,2,10–15 °C,10–15 °C,cold,21,hosp,Hospitalization or death,Hospitalización o muerte,2543592,661,6.83746,-0.0708937,0.0131823,7.53e-8,-7.08937,-9.67309,-4.50565,***
10_15,2,10–15 °C,10–15 °C,cold,22,home,"Discharged, not hospitalized",Alta sin hospitalización,2631155,661,45.2238,-0.104926,0.0094049,6.65e-29,-10.4926,-12.336,-8.64929,***
10_15,2,10–15 °C,10–15 °C,cold,22,hosp,Hospitalization or death,Hospitalización o muerte,2543592,661,6.83746,-0.0776487,0.013807,1.87e-8,-7.76487,-10.471,-5.05869,***
10_15,2,10–15 °C,10–15 °C,cold,23,home,"Discharged, not hospitalized",Alta sin hospitalización,2631155,661,45.2238,-0.108159,0.00994503,1.5100000000000001e-27,-10.8159,-12.7651,-8.86666,***
10_15,2,10–15 °C,10–15 °C,cold,23,hosp,Hospitalization or death,Hospitalización o muerte,2543592,661,6.83746,-0.0772287,0.0139002,2.76e-8,-7.72287,-10.4473,-4.99844,***
10_15,2,10–15 °C,10–15 °C,cold,24,home,"Discharged, not hospitalized",Alta sin hospitalización,2631155,661,45.2238,-0.109852,0.00993492,2.02e-28,-10.9852,-12.9325,-9.03797,***
10_15,2,10–15 °C,10–15 °C,cold,24,hosp,Hospitalization or death,Hospitalización o muerte,2543592,661,6.83746,-0.0812966,0.014143,9.02e-9,-8.12966,-10.9017,-5.35762,***
10_15,2,10–15 °C,10–15 °C,cold,25,home,"Discharged, not hospitalized",Alta sin hospitalización,2631155,661,45.2238,-0.113759,0.0102303,1.01e-28,-11.3759,-13.381,-9.3707,***
10_15,2,10–15 °C,10–15 °C,cold,25,hosp,Hospitalization or death,Hospitalización o muerte,2543592,661,6.83746,-0.0827649,0.0147264,1.91e-8,-8.27649,-11.1629,-5.39011,***
10_15,2,10–15 °C,10–15 °C,cold,26,home,"Discharged, not hospitalized",Alta sin hospitalización,2631155,661,45.2238,-0.117707,0.0106621,2.46e-28,-11.7707,-13.8605,-9.68092,***
10_15,2,10–15 °C,10–15 °C,cold,26,hosp,Hospitalization or death,Hospitalización o muerte,2543592,661,6.83746,-0.091651,0.0152136,1.7e-9,-9.1651,-12.147,-6.18323,***
10_15,2,10–15 °C,10–15 °C,cold,27,home,"Discharged, not hospitalized",Alta sin hospitalización,2631155,661,45.2238,-0.119926,0.0108509,2.14e-28,-11.9926,-14.1194,-9.86587,***
10_15,2,10–15 °C,10–15 °C,cold,27,hosp,Hospitalization or death,Hospitalización o muerte,2543592,661,6.83746,-0.0870097,0.0153641,1.49e-8,-8.70097,-11.7123,-5.68961,***
10_15,2,10–15 °C,10–15 °C,cold,28,home,"Discharged, not hospitalized",Alta sin hospitalización,2631155,661,45.2238,-0.12228,0.0114166,9.06e-27,-12.228,-14.4657,-9.99038,***
10_15,2,10–15 °C,10–15 °C,cold,28,hosp,Hospitalization or death,Hospitalización o muerte,2543592,661,6.83746,-0.0892887,0.0167359,9.55e-8,-8.92887,-12.2091,-5.64864,***
10_15,2,10–15 °C,10–15 °C,cold,29,home,"Discharged, not hospitalized",Alta sin hospitalización,2631155,661,45.2238,-0.125461,0.0111144,1.5e-29,-12.5461,-14.7245,-10.3677,***
10_15,2,10–15 °C,10–15 °C,cold,29,hosp,Hospitalization or death,Hospitalización o muerte,2543592,661,6.83746,-0.09426,0.0156046,1.54e-9,-9.426,-12.4845,-6.36749,***
10_15,2,10–15 °C,10–15 °C,cold,30,home,"Discharged, not hospitalized",Alta sin hospitalización,2631155,661,45.2238,-0.121745,0.011695,2.23e-25,-12.1745,-14.4667,-9.88228,***
10_15,2,10–15 °C,10–15 °C,cold,30,hosp,Hospitalization or death,Hospitalización o muerte,2543592,661,6.83746,-0.0912705,0.0162619,1.99e-8,-9.12705,-12.3144,-5.93971,***
15_20,3,15–20 °C,15–20 °C,cold,0,home,"Discharged, not hospitalized",Alta sin hospitalización,2631155,661,45.2238,-0.0277672,0.00176613,1.0699999999999997e-55,-2.77672,-3.12288,-2.43056,***
15_20,3,15–20 °C,15–20 °C,cold,0,hosp,Hospitalization or death,Hospitalización o muerte,2543592,661,6.83746,-0.0213541,0.00269199,2.15e-15,-2.13541,-2.66304,-1.60778,***
15_20,3,15–20 °C,15–20 °C,cold,1,home,"Discharged, not hospitalized",Alta sin hospitalización,2631155,661,45.2238,-0.0343912,0.0019962,1.6299999999999996e-66,-3.43912,-3.83037,-3.04786,***
15_20,3,15–20 °C,15–20 °C,cold,1,hosp,Hospitalization or death,Hospitalización o muerte,2543592,661,6.83746,-0.0255656,0.00286795,4.91e-19,-2.55656,-3.11868,-1.99444,***
15_20,3,15–20 °C,15–20 °C,cold,2,home,"Discharged, not hospitalized",Alta sin hospitalización,2631155,661,45.2238,-0.0351524,0.00232384,1.08e-51,-3.51524,-3.97071,-3.05977,***
15_20,3,15–20 °C,15–20 °C,cold,2,hosp,Hospitalization or death,Hospitalización o muerte,2543592,661,6.83746,-0.0227932,0.0033732,1.41e-11,-2.27932,-2.94047,-1.61818,***
15_20,3,15–20 °C,15–20 °C,cold,3,home,"Discharged, not hospitalized",Alta sin hospitalización,2631155,661,45.2238,-0.037162100000000003,0.00268727,1.6999999999999998e-43,-3.71621,-4.24292,-3.18951,***
15_20,3,15–20 °C,15–20 °C,cold,3,hosp,Hospitalization or death,Hospitalización o muerte,2543592,661,6.83746,-0.0253459,0.00415203,1.03e-9,-2.53459,-3.34839,-1.72079,***
15_20,3,15–20 °C,15–20 °C,cold,4,home,"Discharged, not hospitalized",Alta sin hospitalización,2631155,661,45.2238,-0.039241,0.00327496,4.41e-33,-3.9241,-4.56599,-3.2822,***
15_20,3,15–20 °C,15–20 °C,cold,4,hosp,Hospitalization or death,Hospitalización o muerte,2543592,661,6.83746,-0.0263118,0.00470646,2.26e-8,-2.63118,-3.55365,-1.70871,***
15_20,3,15–20 °C,15–20 °C,cold,5,home,"Discharged, not hospitalized",Alta sin hospitalización,2631155,661,45.2238,-0.0370309,0.00289519,1.8499999999999998e-37,-3.70309,-4.27055,-3.13564,***
15_20,3,15–20 °C,15–20 °C,cold,5,hosp,Hospitalization or death,Hospitalización o muerte,2543592,661,6.83746,-0.0199375,0.00509733,9.18e-5,-1.99375,-2.99283,-0.994676,***
15_20,3,15–20 °C,15–20 °C,cold,6,home,"Discharged, not hospitalized",Alta sin hospitalización,2631155,661,45.2238,-0.0392904,0.00370062,2.4800000000000002e-26,-3.92904,-4.65437,-3.20372,***
15_20,3,15–20 °C,15–20 °C,cold,6,hosp,Hospitalization or death,Hospitalización o muerte,2543592,661,6.83746,-0.0182343,0.00531592,6.03e-4,-1.82343,-2.86536,-0.781514,***
15_20,3,15–20 °C,15–20 °C,cold,7,home,"Discharged, not hospitalized",Alta sin hospitalización,2631155,661,45.2238,-0.0380297,0.00374282,2.97e-24,-3.80297,-4.53656,-3.06938,***
15_20,3,15–20 °C,15–20 °C,cold,7,hosp,Hospitalization or death,Hospitalización o muerte,2543592,661,6.83746,-0.0192733,0.0058607,0.00101,-1.92733,-3.07602,-0.778632,***
15_20,3,15–20 °C,15–20 °C,cold,8,home,"Discharged, not hospitalized",Alta sin hospitalización,2631155,661,45.2238,-0.0363204,0.00377396,6.34e-22,-3.63204,-4.37174,-2.89234,***
15_20,3,15–20 °C,15–20 °C,cold,8,hosp,Hospitalization or death,Hospitalización o muerte,2543592,661,6.83746,-0.0185864,0.00641286,0.00375,-1.85864,-3.11556,-0.601714,***
15_20,3,15–20 °C,15–20 °C,cold,9,home,"Discharged, not hospitalized",Alta sin hospitalización,2631155,661,45.2238,-0.0379226,0.00405237,8.120000000000001e-21,-3.79226,-4.58652,-2.99799,***
15_20,3,15–20 °C,15–20 °C,cold,9,hosp,Hospitalization or death,Hospitalización o muerte,2543592,661,6.83746,-0.0197231,0.00673909,0.00343,-1.97231,-3.29317,-0.651448,***
15_20,3,15–20 °C,15–20 °C,cold,10,home,"Discharged, not hospitalized",Alta sin hospitalización,2631155,661,45.2238,-0.0342935,0.00414922,1.4e-16,-3.42935,-4.2426,-2.6161,***
15_20,3,15–20 °C,15–20 °C,cold,10,hosp,Hospitalization or death,Hospitalización o muerte,2543592,661,6.83746,-0.0145566,0.00743328,0.0502,-1.45566,-2.91259,0.00125986,*
15_20,3,15–20 °C,15–20 °C,cold,11,home,"Discharged, not hospitalized",Alta sin hospitalización,2631155,661,45.2238,-0.0315033,0.00436988,5.63e-13,-3.15033,-4.00682,-2.29383,***
15_20,3,15–20 °C,15–20 °C,cold,11,hosp,Hospitalization or death,Hospitalización o muerte,2543592,661,6.83746,-0.0163643,0.00758934,0.0311,-1.63643,-3.12394,-0.148922,**
15_20,3,15–20 °C,15–20 °C,cold,12,home,"Discharged, not hospitalized",Alta sin hospitalización,2631155,661,45.2238,-0.0285908,0.00444228,1.23e-10,-2.85908,-3.72977,-1.9884,***
15_20,3,15–20 °C,15–20 °C,cold,12,hosp,Hospitalization or death,Hospitalización o muerte,2543592,661,6.83746,-0.0140753,0.00767818,0.0668,-1.40753,-2.91245,0.0973957,*
15_20,3,15–20 °C,15–20 °C,cold,13,home,"Discharged, not hospitalized",Alta sin hospitalización,2631155,661,45.2238,-0.0305837,0.00493898,5.93e-10,-3.05837,-4.02641,-2.09032,***
15_20,3,15–20 °C,15–20 °C,cold,13,hosp,Hospitalization or death,Hospitalización o muerte,2543592,661,6.83746,-0.0182878,0.00851207,0.0317,-1.82878,-3.49715,-0.160414,**
15_20,3,15–20 °C,15–20 °C,cold,14,home,"Discharged, not hospitalized",Alta sin hospitalización,2631155,661,45.2238,-0.035927,0.00562919,1.74e-10,-3.5927,-4.69602,-2.48937,***
15_20,3,15–20 °C,15–20 °C,cold,14,hosp,Hospitalization or death,Hospitalización o muerte,2543592,661,6.83746,-0.0210768,0.00923754,0.0225,-2.10768,-3.91824,-0.297126,**
15_20,3,15–20 °C,15–20 °C,cold,15,home,"Discharged, not hospitalized",Alta sin hospitalización,2631155,661,45.2238,-0.0353123,0.00525131,1.76e-11,-3.53123,-4.56049,-2.50198,***
15_20,3,15–20 °C,15–20 °C,cold,15,hosp,Hospitalization or death,Hospitalización o muerte,2543592,661,6.83746,-0.0263887,0.00886585,0.00292,-2.63887,-4.37658,-0.901168,***
15_20,3,15–20 °C,15–20 °C,cold,16,home,"Discharged, not hospitalized",Alta sin hospitalización,2631155,661,45.2238,-0.0367321,0.00548154,2.07e-11,-3.67321,-4.74759,-2.59882,***
15_20,3,15–20 °C,15–20 °C,cold,16,hosp,Hospitalization or death,Hospitalización o muerte,2543592,661,6.83746,-0.0266935,0.00915827,0.00356,-2.66935,-4.46438,-0.87433399999999994,***
15_20,3,15–20 °C,15–20 °C,cold,17,home,"Discharged, not hospitalized",Alta sin hospitalización,2631155,661,45.2238,-0.0350575,0.00556061,2.89e-10,-3.50575,-4.59563,-2.41587,***
15_20,3,15–20 °C,15–20 °C,cold,17,hosp,Hospitalization or death,Hospitalización o muerte,2543592,661,6.83746,-0.0267991,0.00966905,0.00558,-2.67991,-4.57505,-0.78478,***
15_20,3,15–20 °C,15–20 °C,cold,18,home,"Discharged, not hospitalized",Alta sin hospitalización,2631155,661,45.2238,-0.0366891,0.00565198,8.51e-11,-3.66891,-4.77669,-2.56112,***
15_20,3,15–20 °C,15–20 °C,cold,18,hosp,Hospitalization or death,Hospitalización o muerte,2543592,661,6.83746,-0.030314,0.00929625,0.00111,-3.0314,-4.85347,-1.20934,***
15_20,3,15–20 °C,15–20 °C,cold,19,home,"Discharged, not hospitalized",Alta sin hospitalización,2631155,661,45.2238,-0.0365782,0.00578184,2.51e-10,-3.65782,-4.79106,-2.52458,***
15_20,3,15–20 °C,15–20 °C,cold,19,hosp,Hospitalization or death,Hospitalización o muerte,2543592,661,6.83746,-0.0294487,0.00959661,0.00215,-2.94487,-4.82581,-1.06393,***
15_20,3,15–20 °C,15–20 °C,cold,20,home,"Discharged, not hospitalized",Alta sin hospitalización,2631155,661,45.2238,-0.0385797,0.005959,9.53e-11,-3.85797,-5.02593,-2.69,***
15_20,3,15–20 °C,15–20 °C,cold,20,hosp,Hospitalization or death,Hospitalización o muerte,2543592,661,6.83746,-0.0278623,0.0103496,0.0071,-2.78623,-4.81476,-0.757701,***
15_20,3,15–20 °C,15–20 °C,cold,21,home,"Discharged, not hospitalized",Alta sin hospitalización,2631155,661,45.2238,-0.0410242,0.00625479,5.42e-11,-4.10242,-5.32836,-2.87648,***
15_20,3,15–20 °C,15–20 °C,cold,21,hosp,Hospitalization or death,Hospitalización o muerte,2543592,661,6.83746,-0.0280308,0.01036,0.00682,-2.80308,-4.83364,-0.772529,***
15_20,3,15–20 °C,15–20 °C,cold,22,home,"Discharged, not hospitalized",Alta sin hospitalización,2631155,661,45.2238,-0.0423914,0.00632296,2.02e-11,-4.23914,-5.47844,-2.99984,***
15_20,3,15–20 °C,15–20 °C,cold,22,hosp,Hospitalization or death,Hospitalización o muerte,2543592,661,6.83746,-0.0320569,0.0107663,0.00291,-3.20569,-5.31589,-1.09548,***
15_20,3,15–20 °C,15–20 °C,cold,23,home,"Discharged, not hospitalized",Alta sin hospitalización,2631155,661,45.2238,-0.0448521,0.00657541,9.03e-12,-4.48521,-5.77399,-3.19643,***
15_20,3,15–20 °C,15–20 °C,cold,23,hosp,Hospitalization or death,Hospitalización o muerte,2543592,661,6.83746,-0.0276412,0.0111886,0.0135,-2.76412,-4.95708,-0.57116,**
15_20,3,15–20 °C,15–20 °C,cold,24,home,"Discharged, not hospitalized",Alta sin hospitalización,2631155,661,45.2238,-0.0469325,0.00658727,1.04e-12,-4.69325,-5.98436,-3.40215,***
15_20,3,15–20 °C,15–20 °C,cold,24,hosp,Hospitalization or death,Hospitalización o muerte,2543592,661,6.83746,-0.0322751,0.0114427,0.00479,-3.22751,-5.47028,-0.984749,***
15_20,3,15–20 °C,15–20 °C,cold,25,home,"Discharged, not hospitalized",Alta sin hospitalización,2631155,661,45.2238,-0.0495539,0.00674487,2.03e-13,-4.95539,-6.27738,-3.63339,***
15_20,3,15–20 °C,15–20 °C,cold,25,hosp,Hospitalization or death,Hospitalización o muerte,2543592,661,6.83746,-0.0333933,0.0126048,0.00807,-3.33933,-5.80987,-0.868802,***
15_20,3,15–20 °C,15–20 °C,cold,26,home,"Discharged, not hospitalized",Alta sin hospitalización,2631155,661,45.2238,-0.051128,0.00706271,4.51e-13,-5.1128,-6.49709,-3.72851,***
15_20,3,15–20 °C,15–20 °C,cold,26,hosp,Hospitalization or death,Hospitalización o muerte,2543592,661,6.83746,-0.0373042,0.0124812,0.0028,-3.73042,-6.17674,-1.2841,***
15_20,3,15–20 °C,15–20 °C,cold,27,home,"Discharged, not hospitalized",Alta sin hospitalización,2631155,661,45.2238,-0.0521067,0.0071279,2.67e-13,-5.21067,-6.60774,-3.8136,***
15_20,3,15–20 °C,15–20 °C,cold,27,hosp,Hospitalization or death,Hospitalización o muerte,2543592,661,6.83746,-0.0345778,0.0120238,0.00403,-3.45778,-5.81444,-1.10112,***
15_20,3,15–20 °C,15–20 °C,cold,28,home,"Discharged, not hospitalized",Alta sin hospitalización,2631155,661,45.2238,-0.0553669,0.00738747,6.64e-14,-5.53669,-6.98463,-4.08875,***
15_20,3,15–20 °C,15–20 °C,cold,28,hosp,Hospitalization or death,Hospitalización o muerte,2543592,661,6.83746,-0.0391931,0.0127673,0.00214,-3.91931,-6.42169,-1.41692,***
15_20,3,15–20 °C,15–20 °C,cold,29,home,"Discharged, not hospitalized",Alta sin hospitalización,2631155,661,45.2238,-0.0561156,0.0073628,2.51e-14,-5.61156,-7.05467,-4.16845,***
15_20,3,15–20 °C,15–20 °C,cold,29,hosp,Hospitalization or death,Hospitalización o muerte,2543592,661,6.83746,-0.0405948,0.0120663,7.67e-4,-4.05948,-6.42448,-1.69448,***
15_20,3,15–20 °C,15–20 °C,cold,30,home,"Discharged, not hospitalized",Alta sin hospitalización,2631155,661,45.2238,-0.0553518,0.00757847,2.8e-13,-5.53518,-7.02056,-4.0498,***
15_20,3,15–20 °C,15–20 °C,cold,30,hosp,Hospitalization or death,Hospitalización o muerte,2543592,661,6.83746,-0.0401615,0.0128889,0.00183,-4.01615,-6.54237,-1.48992,***
25_30,5,25–30 °C,25–30 °C,hot,0,home,"Discharged, not hospitalized",Alta sin hospitalización,2631155,661,45.2238,0.0255366,0.00213524,5.79e-33,2.55366,2.13515,2.97217,***
25_30,5,25–30 °C,25–30 °C,hot,0,hosp,Hospitalization or death,Hospitalización o muerte,2543592,661,6.83746,0.0212577,0.00235166,1.5700000000000001e-19,2.12577,1.66485,2.5867,***
25_30,5,25–30 °C,25–30 °C,hot,1,home,"Discharged, not hospitalized",Alta sin hospitalización,2631155,661,45.2238,0.0275875,0.00188543,1.76e-48,2.75875,2.38921,3.1283,***
25_30,5,25–30 °C,25–30 °C,hot,1,hosp,Hospitalization or death,Hospitalización o muerte,2543592,661,6.83746,0.0275391,0.00303989,1.31e-19,2.75391,2.15809,3.34973,***
25_30,5,25–30 °C,25–30 °C,hot,2,home,"Discharged, not hospitalized",Alta sin hospitalización,2631155,661,45.2238,0.0299114,0.00220617,7.089999999999999e-42,2.99114,2.55873,3.42355,***
25_30,5,25–30 °C,25–30 °C,hot,2,hosp,Hospitalization or death,Hospitalización o muerte,2543592,661,6.83746,0.0303061,0.00396146,2.01e-14,3.03061,2.25416,3.80705,***
25_30,5,25–30 °C,25–30 °C,hot,3,home,"Discharged, not hospitalized",Alta sin hospitalización,2631155,661,45.2238,0.0285985,0.00285169,1.1399999999999999e-23,2.85985,2.30092,3.41878,***
25_30,5,25–30 °C,25–30 °C,hot,3,hosp,Hospitalization or death,Hospitalización o muerte,2543592,661,6.83746,0.032136,0.00471387,9.28e-12,3.2136,2.28968,4.13751,***
25_30,5,25–30 °C,25–30 °C,hot,4,home,"Discharged, not hospitalized",Alta sin hospitalización,2631155,661,45.2238,0.0327981,0.00326043,8.35e-24,3.27981,2.64077,3.91885,***
25_30,5,25–30 °C,25–30 °C,hot,4,hosp,Hospitalization or death,Hospitalización o muerte,2543592,661,6.83746,0.0334736,0.00634571,1.33e-7,3.34736,2.1036,4.59112,***
25_30,5,25–30 °C,25–30 °C,hot,5,home,"Discharged, not hospitalized",Alta sin hospitalización,2631155,661,45.2238,0.0332972,0.00322932,6.29e-25,3.32972,2.69677,3.96266,***
25_30,5,25–30 °C,25–30 °C,hot,5,hosp,Hospitalization or death,Hospitalización o muerte,2543592,661,6.83746,0.0302684,0.00537966,1.84e-8,3.02684,1.97243,4.08125,***
25_30,5,25–30 °C,25–30 °C,hot,6,home,"Discharged, not hospitalized",Alta sin hospitalización,2631155,661,45.2238,0.032879,0.00376336,2.4e-18,3.2879,2.55028,4.02551,***
25_30,5,25–30 °C,25–30 °C,hot,6,hosp,Hospitalization or death,Hospitalización o muerte,2543592,661,6.83746,0.0286477,0.0061774,3.53e-6,2.86477,1.654,4.07554,***
25_30,5,25–30 °C,25–30 °C,hot,7,home,"Discharged, not hospitalized",Alta sin hospitalización,2631155,661,45.2238,0.0333722,0.00418664,1.57e-15,3.33722,2.51664,4.1578,***
25_30,5,25–30 °C,25–30 °C,hot,7,hosp,Hospitalization or death,Hospitalización o muerte,2543592,661,6.83746,0.0345339,0.00656301,1.43e-7,3.45339,2.16704,4.73974,***
25_30,5,25–30 °C,25–30 °C,hot,8,home,"Discharged, not hospitalized",Alta sin hospitalización,2631155,661,45.2238,0.0333459,0.00421253,2.46e-15,3.33459,2.50893,4.16024,***
25_30,5,25–30 °C,25–30 °C,hot,8,hosp,Hospitalization or death,Hospitalización o muerte,2543592,661,6.83746,0.0290112,0.00627086,3.72e-6,2.90112,1.67203,4.13021,***
25_30,5,25–30 °C,25–30 °C,hot,9,home,"Discharged, not hospitalized",Alta sin hospitalización,2631155,661,45.2238,0.0333127,0.00499132,2.49e-11,3.33127,2.35297,4.30957,***
25_30,5,25–30 °C,25–30 °C,hot,9,hosp,Hospitalization or death,Hospitalización o muerte,2543592,661,6.83746,0.0285734,0.0076211,1.77e-4,2.85734,1.36361,4.35108,***
25_30,5,25–30 °C,25–30 °C,hot,10,home,"Discharged, not hospitalized",Alta sin hospitalización,2631155,661,45.2238,0.0256463,0.00495392,2.26e-7,2.56463,1.59366,3.5356,***
25_30,5,25–30 °C,25–30 °C,hot,10,hosp,Hospitalization or death,Hospitalización o muerte,2543592,661,6.83746,0.0257639,0.00723803,3.72e-4,2.57639,1.15774,3.99505,***
25_30,5,25–30 °C,25–30 °C,hot,11,home,"Discharged, not hospitalized",Alta sin hospitalización,2631155,661,45.2238,0.0245512,0.00543987,6.39e-6,2.45512,1.3889,3.52134,***
25_30,5,25–30 °C,25–30 °C,hot,11,hosp,Hospitalization or death,Hospitalización o muerte,2543592,661,6.83746,0.0205475,0.00774601,0.00799,2.05475,0.53653,3.57296,***
25_30,5,25–30 °C,25–30 °C,hot,12,home,"Discharged, not hospitalized",Alta sin hospitalización,2631155,661,45.2238,0.023605,0.00555293,2.13e-5,2.3605,1.27212,3.44887,***
25_30,5,25–30 °C,25–30 °C,hot,12,hosp,Hospitalization or death,Hospitalización o muerte,2543592,661,6.83746,0.0225047,0.0078563,0.00418,2.25047,0.710635,3.79031,***
25_30,5,25–30 °C,25–30 °C,hot,13,home,"Discharged, not hospitalized",Alta sin hospitalización,2631155,661,45.2238,0.0242874,0.00583355,3.14e-5,2.42874,1.28536,3.57211,***
25_30,5,25–30 °C,25–30 °C,hot,13,hosp,Hospitalization or death,Hospitalización o muerte,2543592,661,6.83746,0.0211663,0.00734508,0.00396,2.11663,0.676997,3.55627,***
25_30,5,25–30 °C,25–30 °C,hot,14,home,"Discharged, not hospitalized",Alta sin hospitalización,2631155,661,45.2238,0.0245012,0.00614005,6.6e-5,2.45012,1.24668,3.65357,***
25_30,5,25–30 °C,25–30 °C,hot,14,hosp,Hospitalization or death,Hospitalización o muerte,2543592,661,6.83746,0.0287864,0.00888729,0.0012,2.87864,1.13673,4.62055,***
25_30,5,25–30 °C,25–30 °C,hot,15,home,"Discharged, not hospitalized",Alta sin hospitalización,2631155,661,45.2238,0.0246517,0.00595608,3.49e-5,2.46517,1.29778,3.63256,***
25_30,5,25–30 °C,25–30 °C,hot,15,hosp,Hospitalization or death,Hospitalización o muerte,2543592,661,6.83746,0.0289916,0.00956792,0.00244,2.89916,1.02385,4.77447,***
25_30,5,25–30 °C,25–30 °C,hot,16,home,"Discharged, not hospitalized",Alta sin hospitalización,2631155,661,45.2238,0.02431,0.0064912,1.8e-4,2.431,1.15873,3.70328,***
25_30,5,25–30 °C,25–30 °C,hot,16,hosp,Hospitalization or death,Hospitalización o muerte,2543592,661,6.83746,0.0312609,0.0100849,0.00194,3.12609,1.14945,5.10272,***
25_30,5,25–30 °C,25–30 °C,hot,17,home,"Discharged, not hospitalized",Alta sin hospitalización,2631155,661,45.2238,0.0219905,0.00643976,6.38e-4,2.19905,0.936861,3.46125,***
25_30,5,25–30 °C,25–30 °C,hot,17,hosp,Hospitalization or death,Hospitalización o muerte,2543592,661,6.83746,0.0276115,0.00963128,0.00415,2.76115,0.87342,4.64888,***
25_30,5,25–30 °C,25–30 °C,hot,18,home,"Discharged, not hospitalized",Alta sin hospitalización,2631155,661,45.2238,0.0233823,0.00653698,3.48e-4,2.33823,1.05698,3.61948,***
25_30,5,25–30 °C,25–30 °C,hot,18,hosp,Hospitalization or death,Hospitalización o muerte,2543592,661,6.83746,0.0305105,0.0103187,0.00311,3.05105,1.0286,5.07351,***
25_30,5,25–30 °C,25–30 °C,hot,19,home,"Discharged, not hospitalized",Alta sin hospitalización,2631155,661,45.2238,0.0242132,0.006827,3.9e-4,2.42132,1.08323,3.75941,***
25_30,5,25–30 °C,25–30 °C,hot,19,hosp,Hospitalization or death,Hospitalización o muerte,2543592,661,6.83746,0.0308076,0.0105125,0.00338,3.08076,1.02031,5.14122,***
25_30,5,25–30 °C,25–30 °C,hot,20,home,"Discharged, not hospitalized",Alta sin hospitalización,2631155,661,45.2238,0.0256074,0.00685378,1.87e-4,2.56074,1.2174,3.90408,***
25_30,5,25–30 °C,25–30 °C,hot,20,hosp,Hospitalization or death,Hospitalización o muerte,2543592,661,6.83746,0.0249835,0.0108493,0.0213,2.49835,0.371893,4.62481,**
25_30,5,25–30 °C,25–30 °C,hot,21,home,"Discharged, not hospitalized",Alta sin hospitalización,2631155,661,45.2238,0.026593,0.0071168,1.86e-4,2.6593,1.2644,4.05419,***
25_30,5,25–30 °C,25–30 °C,hot,21,hosp,Hospitalization or death,Hospitalización o muerte,2543592,661,6.83746,0.0319152,0.0119697,0.00767,3.19152,0.845471,5.53758,***
25_30,5,25–30 °C,25–30 °C,hot,22,home,"Discharged, not hospitalized",Alta sin hospitalización,2631155,661,45.2238,0.0259216,0.00730394,3.87e-4,2.59216,1.16058,4.02373,***
25_30,5,25–30 °C,25–30 °C,hot,22,hosp,Hospitalization or death,Hospitalización o muerte,2543592,661,6.83746,0.0315441,0.0116104,0.00659,3.15441,0.878772,5.43006,***
25_30,5,25–30 °C,25–30 °C,hot,23,home,"Discharged, not hospitalized",Alta sin hospitalización,2631155,661,45.2238,0.0305583,0.00746478,4.25e-5,3.05583,1.59273,4.51892,***
25_30,5,25–30 °C,25–30 °C,hot,23,hosp,Hospitalization or death,Hospitalización o muerte,2543592,661,6.83746,0.03617,0.0120647,0.00272,3.617,1.25232,5.98167,***
25_30,5,25–30 °C,25–30 °C,hot,24,home,"Discharged, not hospitalized",Alta sin hospitalización,2631155,661,45.2238,0.032337,0.00749134,1.58e-5,3.2337,1.7654,4.70201,***
25_30,5,25–30 °C,25–30 °C,hot,24,hosp,Hospitalization or death,Hospitalización o muerte,2543592,661,6.83746,0.0385108,0.0118612,0.00117,3.85108,1.52629,6.17586,***
25_30,5,25–30 °C,25–30 °C,hot,25,home,"Discharged, not hospitalized",Alta sin hospitalización,2631155,661,45.2238,0.0335236,0.00793183,2.37e-5,3.35236,1.79773,4.907,***
25_30,5,25–30 °C,25–30 °C,hot,25,hosp,Hospitalization or death,Hospitalización o muerte,2543592,661,6.83746,0.0330413,0.0128401,0.0101,3.30413,0.787473,5.82079,**
25_30,5,25–30 °C,25–30 °C,hot,26,home,"Discharged, not hospitalized",Alta sin hospitalización,2631155,661,45.2238,0.0366336,0.00790962,3.63e-6,3.66336,2.11307,5.21364,***
25_30,5,25–30 °C,25–30 °C,hot,26,hosp,Hospitalization or death,Hospitalización o muerte,2543592,661,6.83746,0.0365314,0.013087,0.00525,3.65314,1.08808,6.2182,***
25_30,5,25–30 °C,25–30 °C,hot,27,home,"Discharged, not hospitalized",Alta sin hospitalización,2631155,661,45.2238,0.0328738,0.00795736,3.61e-5,3.28738,1.72774,4.84702,***
25_30,5,25–30 °C,25–30 °C,hot,27,hosp,Hospitalization or death,Hospitalización o muerte,2543592,661,6.83746,0.0335645,0.0136017,0.0136,3.35645,0.69051,6.0224,**
25_30,5,25–30 °C,25–30 °C,hot,28,home,"Discharged, not hospitalized",Alta sin hospitalización,2631155,661,45.2238,0.0386331,0.00830239,3.27e-6,3.86331,2.23604,5.49057,***
25_30,5,25–30 °C,25–30 °C,hot,28,hosp,Hospitalization or death,Hospitalización o muerte,2543592,661,6.83746,0.0404941,0.0137627,0.00326,4.04941,1.35193,6.74689,***
25_30,5,25–30 °C,25–30 °C,hot,29,home,"Discharged, not hospitalized",Alta sin hospitalización,2631155,661,45.2238,0.0382349,0.00830626,4.16e-6,3.82349,2.19547,5.45152,***
25_30,5,25–30 °C,25–30 °C,hot,29,hosp,Hospitalization or death,Hospitalización o muerte,2543592,661,6.83746,0.0416306,0.0131351,0.00153,4.16306,1.58859,6.73753,***
25_30,5,25–30 °C,25–30 °C,hot,30,home,"Discharged, not hospitalized",Alta sin hospitalización,2631155,661,45.2238,0.0422619,0.00849079,6.45e-7,4.22619,2.56199,5.89038,***
25_30,5,25–30 °C,25–30 °C,hot,30,hosp,Hospitalization or death,Hospitalización o muerte,2543592,661,6.83746,0.0452719,0.0135436,8.3e-4,4.52719,1.87265,7.18173,***
30_45,6,>30 °C,>30 °C,hot,0,home,"Discharged, not hospitalized",Alta sin hospitalización,2631155,661,45.2238,0.0374421,0.00336823,1.05e-28,3.74421,3.08403,4.40438,***
30_45,6,>30 °C,>30 °C,hot,0,hosp,Hospitalization or death,Hospitalización o muerte,2543592,661,6.83746,0.0335248,0.00607906,3.49e-8,3.35248,2.16098,4.54397,***
30_45,6,>30 °C,>30 °C,hot,1,home,"Discharged, not hospitalized",Alta sin hospitalización,2631155,661,45.2238,0.0322851,0.00366759,1.33e-18,3.22851,2.50967,3.94736,***
30_45,6,>30 °C,>30 °C,hot,1,hosp,Hospitalization or death,Hospitalización o muerte,2543592,661,6.83746,0.0432737,0.0100053,1.52e-5,4.32737,2.36632,6.28842,***
30_45,6,>30 °C,>30 °C,hot,2,home,"Discharged, not hospitalized",Alta sin hospitalización,2631155,661,45.2238,0.0358984,0.00467489,1.6e-14,3.58984,2.67356,4.50611,***
30_45,6,>30 °C,>30 °C,hot,2,hosp,Hospitalization or death,Hospitalización o muerte,2543592,661,6.83746,0.0404966,0.00969568,2.96e-5,4.04966,2.14931,5.95002,***
30_45,6,>30 °C,>30 °C,hot,3,home,"Discharged, not hospitalized",Alta sin hospitalización,2631155,661,45.2238,0.0383755,0.00562288,8.8e-12,3.83755,2.73547,4.93964,***
30_45,6,>30 °C,>30 °C,hot,3,hosp,Hospitalization or death,Hospitalización o muerte,2543592,661,6.83746,0.0486139,0.00910616,9.37e-8,4.86139,3.07658,6.6462,***
30_45,6,>30 °C,>30 °C,hot,4,home,"Discharged, not hospitalized",Alta sin hospitalización,2631155,661,45.2238,0.0411732,0.00621786,3.55e-11,4.11732,2.89862,5.33602,***
30_45,6,>30 °C,>30 °C,hot,4,hosp,Hospitalization or death,Hospitalización o muerte,2543592,661,6.83746,0.0405887,0.0101185,6.04e-5,4.05887,2.07564,6.04211,***
30_45,6,>30 °C,>30 °C,hot,5,home,"Discharged, not hospitalized",Alta sin hospitalización,2631155,661,45.2238,0.0446213,0.00637041,2.48e-12,4.46213,3.21353,5.71073,***
30_45,6,>30 °C,>30 °C,hot,5,hosp,Hospitalization or death,Hospitalización o muerte,2543592,661,6.83746,0.0400684,0.00914559,1.18e-5,4.00684,2.2143,5.79937,***
30_45,6,>30 °C,>30 °C,hot,6,home,"Discharged, not hospitalized",Alta sin hospitalización,2631155,661,45.2238,0.0427992,0.00689262,5.32e-10,4.27992,2.92897,5.63088,***
30_45,6,>30 °C,>30 °C,hot,6,hosp,Hospitalization or death,Hospitalización o muerte,2543592,661,6.83746,0.0401056,0.010573,1.49e-4,4.01056,1.93825,6.08287,***
30_45,6,>30 °C,>30 °C,hot,7,home,"Discharged, not hospitalized",Alta sin hospitalización,2631155,661,45.2238,0.0400232,0.0075702,1.24e-7,4.00232,2.51856,5.48608,***
30_45,6,>30 °C,>30 °C,hot,7,hosp,Hospitalization or death,Hospitalización o muerte,2543592,661,6.83746,0.037999,0.0108159,4.43e-4,3.7999,1.67999,5.9198,***
30_45,6,>30 °C,>30 °C,hot,8,home,"Discharged, not hospitalized",Alta sin hospitalización,2631155,661,45.2238,0.0376667,0.007974,2.32e-6,3.76667,2.20377,5.32957,***
30_45,6,>30 °C,>30 °C,hot,8,hosp,Hospitalization or death,Hospitalización o muerte,2543592,661,6.83746,0.0315091,0.0110736,0.00444,3.15091,0.980489,5.32133,***
30_45,6,>30 °C,>30 °C,hot,9,home,"Discharged, not hospitalized",Alta sin hospitalización,2631155,661,45.2238,0.0345435,0.00866969,6.77e-5,3.45435,1.75509,5.15361,***
30_45,6,>30 °C,>30 °C,hot,9,hosp,Hospitalization or death,Hospitalización o muerte,2543592,661,6.83746,0.0280852,0.0116029,0.0155,2.80852,0.53435,5.08269,**
30_45,6,>30 °C,>30 °C,hot,10,home,"Discharged, not hospitalized",Alta sin hospitalización,2631155,661,45.2238,0.02407,0.00917788,0.00873,2.407,0.608141,4.20587,***
30_45,6,>30 °C,>30 °C,hot,10,hosp,Hospitalization or death,Hospitalización o muerte,2543592,661,6.83746,0.0247647,0.0128923,0.0547,2.47647,-0.0504193,5.00335,*
30_45,6,>30 °C,>30 °C,hot,11,home,"Discharged, not hospitalized",Alta sin hospitalización,2631155,661,45.2238,0.0166802,0.0087454,0.0565,1.66802,-0.046083,3.38212,*
30_45,6,>30 °C,>30 °C,hot,11,hosp,Hospitalization or death,Hospitalización o muerte,2543592,661,6.83746,0.0163412,0.0135919,0.229,1.63412,-1.02988,4.29813,
30_45,6,>30 °C,>30 °C,hot,12,home,"Discharged, not hospitalized",Alta sin hospitalización,2631155,661,45.2238,0.0154565,0.00893093,0.0835,1.54565,-0.204814,3.29611,*
30_45,6,>30 °C,>30 °C,hot,12,hosp,Hospitalization or death,Hospitalización o muerte,2543592,661,6.83746,0.0231475,0.0131894,0.0793,2.31475,-0.270368,4.89987,*
30_45,6,>30 °C,>30 °C,hot,13,home,"Discharged, not hospitalized",Alta sin hospitalización,2631155,661,45.2238,0.019209,0.00902648,0.0333,1.9209,0.151709,3.69009,**
30_45,6,>30 °C,>30 °C,hot,13,hosp,Hospitalization or death,Hospitalización o muerte,2543592,661,6.83746,0.0227702,0.0130277,0.0805,2.27702,-0.27641,4.83044,*
30_45,6,>30 °C,>30 °C,hot,14,home,"Discharged, not hospitalized",Alta sin hospitalización,2631155,661,45.2238,0.0187399,0.00898009,0.0369,1.87399,0.113892,3.63409,**
30_45,6,>30 °C,>30 °C,hot,14,hosp,Hospitalization or death,Hospitalización o muerte,2543592,661,6.83746,0.0285086,0.0182667,0.119,2.85086,-0.72942,6.43114,
30_45,6,>30 °C,>30 °C,hot,15,home,"Discharged, not hospitalized",Alta sin hospitalización,2631155,661,45.2238,0.0214807,0.0101762,0.0348,2.14807,0.153544,4.1426,**
30_45,6,>30 °C,>30 °C,hot,15,hosp,Hospitalization or death,Hospitalización o muerte,2543592,661,6.83746,0.0308029,0.0183292,0.0929,3.08029,-0.512241,6.67282,*
30_45,6,>30 °C,>30 °C,hot,16,home,"Discharged, not hospitalized",Alta sin hospitalización,2631155,661,45.2238,0.0179012,0.0105545,0.0899,1.79012,-0.278557,3.8588,*
30_45,6,>30 °C,>30 °C,hot,16,hosp,Hospitalization or death,Hospitalización o muerte,2543592,661,6.83746,0.026294,0.0201937,0.193,2.6294,-1.32857,6.58738,
30_45,6,>30 °C,>30 °C,hot,17,home,"Discharged, not hospitalized",Alta sin hospitalización,2631155,661,45.2238,0.0170775,0.0101292,0.0918,1.70775,-0.27757,3.69308,*
30_45,6,>30 °C,>30 °C,hot,17,hosp,Hospitalization or death,Hospitalización o muerte,2543592,661,6.83746,0.0234798,0.0187578,0.211,2.34798,-1.32854,6.0245,
30_45,6,>30 °C,>30 °C,hot,18,home,"Discharged, not hospitalized",Alta sin hospitalización,2631155,661,45.2238,0.013585,0.0101569,0.181,1.3585,-0.632254,3.34925,
30_45,6,>30 °C,>30 °C,hot,18,hosp,Hospitalization or death,Hospitalización o muerte,2543592,661,6.83746,0.0296426,0.0204568,0.147,2.96426,-1.04527,6.97378,
30_45,6,>30 °C,>30 °C,hot,19,home,"Discharged, not hospitalized",Alta sin hospitalización,2631155,661,45.2238,0.0121533,0.0108633,0.263,1.21533,-0.91387,3.34454,
30_45,6,>30 °C,>30 °C,hot,19,hosp,Hospitalization or death,Hospitalización o muerte,2543592,661,6.83746,0.0322779,0.0193616,0.0955,3.22779,-0.567085,7.02266,*
30_45,6,>30 °C,>30 °C,hot,20,home,"Discharged, not hospitalized",Alta sin hospitalización,2631155,661,45.2238,0.0102357,0.0110172,0.353,1.02357,-1.13579,3.18294,
30_45,6,>30 °C,>30 °C,hot,20,hosp,Hospitalization or death,Hospitalización o muerte,2543592,661,6.83746,0.0262053,0.0189486,0.167,2.62053,-1.09338,6.33445,
30_45,6,>30 °C,>30 °C,hot,21,home,"Discharged, not hospitalized",Alta sin hospitalización,2631155,661,45.2238,0.0150086,0.0107337,0.162,1.50086,-0.602953,3.60467,
30_45,6,>30 °C,>30 °C,hot,21,hosp,Hospitalization or death,Hospitalización o muerte,2543592,661,6.83746,0.0298472,0.0204909,0.145,2.98472,-1.03151,7.00094,
30_45,6,>30 °C,>30 °C,hot,22,home,"Discharged, not hospitalized",Alta sin hospitalización,2631155,661,45.2238,0.013162,0.0114176,0.249,1.3162,-0.921636,3.55404,
30_45,6,>30 °C,>30 °C,hot,22,hosp,Hospitalization or death,Hospitalización o muerte,2543592,661,6.83746,0.0260704,0.0211353,0.217,2.60704,-1.53549,6.74957,
30_45,6,>30 °C,>30 °C,hot,23,home,"Discharged, not hospitalized",Alta sin hospitalización,2631155,661,45.2238,0.0158109,0.0119539,0.186,1.58109,-0.76188,3.92407,
30_45,6,>30 °C,>30 °C,hot,23,hosp,Hospitalization or death,Hospitalización o muerte,2543592,661,6.83746,0.0330164,0.0214863,0.124,3.30164,-0.909666,7.51296,
30_45,6,>30 °C,>30 °C,hot,24,home,"Discharged, not hospitalized",Alta sin hospitalización,2631155,661,45.2238,0.0185408,0.0119885,0.122,1.85408,-0.495659,4.20381,
30_45,6,>30 °C,>30 °C,hot,24,hosp,Hospitalization or death,Hospitalización o muerte,2543592,661,6.83746,0.0302391,0.0211538,0.153,3.02391,-1.12224,7.17006,
30_45,6,>30 °C,>30 °C,hot,25,home,"Discharged, not hospitalized",Alta sin hospitalización,2631155,661,45.2238,0.0207227,0.0122464,0.0906,2.07227,-0.328021,4.47255,*
30_45,6,>30 °C,>30 °C,hot,25,hosp,Hospitalization or death,Hospitalización o muerte,2543592,661,6.83746,0.034746,0.0226107,0.124,3.4746,-0.957107,7.90631,
30_45,6,>30 °C,>30 °C,hot,26,home,"Discharged, not hospitalized",Alta sin hospitalización,2631155,661,45.2238,0.0170677,0.0116755,0.144,1.70677,-0.581625,3.99516,
30_45,6,>30 °C,>30 °C,hot,26,hosp,Hospitalization or death,Hospitalización o muerte,2543592,661,6.83746,0.0363834,0.0249237,0.144,3.63834,-1.24671,8.52339,
30_45,6,>30 °C,>30 °C,hot,27,home,"Discharged, not hospitalized",Alta sin hospitalización,2631155,661,45.2238,0.015434,0.0125305,0.218,1.5434,-0.912568,3.99937,
30_45,6,>30 °C,>30 °C,hot,27,hosp,Hospitalization or death,Hospitalización o muerte,2543592,661,6.83746,0.0347375,0.0265603,0.191,3.47375,-1.73207,8.67958,
30_45,6,>30 °C,>30 °C,hot,28,home,"Discharged, not hospitalized",Alta sin hospitalización,2631155,661,45.2238,0.0194391,0.0127606,0.128,1.94391,-0.557174,4.44499,
30_45,6,>30 °C,>30 °C,hot,28,hosp,Hospitalization or death,Hospitalización o muerte,2543592,661,6.83746,0.0375853,0.0250693,0.134,3.75853,-1.15505,8.67211,
30_45,6,>30 °C,>30 °C,hot,29,home,"Discharged, not hospitalized",Alta sin hospitalización,2631155,661,45.2238,0.0211128,0.0129056,0.102,2.11128,-0.418223,4.64078,
30_45,6,>30 °C,>30 °C,hot,29,hosp,Hospitalization or death,Hospitalización o muerte,2543592,661,6.83746,0.0482606,0.0237001,0.0417,4.82606,0.180835,9.47129,**
30_45,6,>30 °C,>30 °C,hot,30,home,"Discharged, not hospitalized",Alta sin hospitalización,2631155,661,45.2238,0.0173432,0.0129817,0.182,1.73432,-0.810095,4.27873,
30_45,6,>30 °C,>30 °C,hot,30,hosp,Hospitalization or death,Hospitalización o muerte,2543592,661,6.83746,0.0483742,0.0231244,0.0364,4.83742,0.305037,9.36979,**
